split,id,category,topic,source_type,origin_file,variant_of,variant_type,system,instruction,output,knowledge_text,messages,text
train,3,actors,Jon Bernthal,researched_summary,Spider.csv,3,original,"You are a knowledgeable assistant that answers questions about Spider-Man across comics, films, games and television. Answer accurately and concisely. If you are not sure, say so instead of guessing.",Who is Jon Bernthal playing in Brand New Day?,Jon Bernthal is listed in the cast of Spider-Man: Brand New Day as Frank Castle/Punisher in the film's announced cast.,Jon Bernthal is listed in the cast of Spider-Man: Brand New Day as Frank Castle/Punisher in the film's announced cast.,"[{""role"": ""system"", ""content"": ""You are a knowledgeable assistant that answers questions about Spider-Man across comics, films, games and television. Answer accurately and concisely. If you are not sure, say so instead of guessing.""}, {""role"": ""user"", ""content"": ""Who is Jon Bernthal playing in Brand New Day?""}, {""role"": ""assistant"", ""content"": ""Jon Bernthal is listed in the cast of Spider-Man: Brand New Day as Frank Castle/Punisher in the film's announced cast.""}]","<|im_start|>system
You are a knowledgeable assistant that answers questions about Spider-Man across comics, films, games and television. Answer accurately and concisely. If you are not sure, say so instead of guessing.<|im_end|>
<|im_start|>user
Who is Jon Bernthal playing in Brand New Day?<|im_end|>
<|im_start|>assistant
Jon Bernthal is listed in the cast of Spider-Man: Brand New Day as Frank Castle/Punisher in the film's announced cast.<|im_end|>"
train,5,actors,Tom Holland,researched_summary,Spider.csv,5,original,"You are a knowledgeable assistant that answers questions about Spider-Man across comics, films, games and television. Answer accurately and concisely. If you are not sure, say so instead of guessing.",Who plays Spider-Man in the MCU films?,Tom Holland plays Peter Parker/Spider-Man in the MCU Spider-Man films and in Brand New Day.,Tom Holland plays Peter Parker/Spider-Man in the MCU Spider-Man films and in Brand New Day.,"[{""role"": ""system"", ""content"": ""You are a knowledgeable assistant that answers questions about Spider-Man across comics, films, games and television. Answer accurately and concisely. If you are not sure, say so instead of guessing.""}, {""role"": ""user"", ""content"": ""Who plays Spider-Man in the MCU films?""}, {""role"": ""assistant"", ""content"": ""Tom Holland plays Peter Parker/Spider-Man in the MCU Spider-Man films and in Brand New Day.""}]","<|im_start|>system
You are a knowledgeable assistant that answers questions about Spider-Man across comics, films, games and television. Answer accurately and concisely. If you are not sure, say so instead of guessing.<|im_end|>
<|im_start|>user
Who plays Spider-Man in the MCU films?<|im_end|>
<|im_start|>assistant
Tom Holland plays Peter Parker/Spider-Man in the MCU Spider-Man films and in Brand New Day.<|im_end|>"
train,1,actors,Andrew Garfield,researched_summary,Spider.csv,1,original,"You are a knowledgeable assistant that answers questions about Spider-Man across comics, films, games and television. Answer accurately and concisely. If you are not sure, say so instead of guessing.",Who played Spider-Man in The Amazing Spider-Man films?,Andrew Garfield played Peter Parker/Spider-Man in The Amazing Spider-Man films.,Andrew Garfield played Peter Parker/Spider-Man in The Amazing Spider-Man films.,"[{""role"": ""system"", ""content"": ""You are a knowledgeable assistant that answers questions about Spider-Man across comics, films, games and television. Answer accurately and concisely. If you are not sure, say so instead of guessing.""}, {""role"": ""user"", ""content"": ""Who played Spider-Man in The Amazing Spider-Man films?""}, {""role"": ""assistant"", ""content"": ""Andrew Garfield played Peter Parker/Spider-Man in The Amazing Spider-Man films.""}]","<|im_start|>system
You are a knowledgeable assistant that answers questions about Spider-Man across comics, films, games and television. Answer accurately and concisely. If you are not sure, say so instead of guessing.<|im_end|>
<|im_start|>user
Who played Spider-Man in The Amazing Spider-Man films?<|im_end|>
<|im_start|>assistant
Andrew Garfield played Peter Parker/Spider-Man in The Amazing Spider-Man films.<|im_end|>"
train,6,actors,Zendaya,researched_summary,Spider.csv,6,original,"You are a knowledgeable assistant that answers questions about Spider-Man across comics, films, games and television. Answer accurately and concisely. If you are not sure, say so instead of guessing.",Who plays MJ in the MCU Spider-Man films?,Zendaya plays MJ in the MCU Spider-Man films.,Zendaya plays MJ in the MCU Spider-Man films.,"[{""role"": ""system"", ""content"": ""You are a knowledgeable assistant that answers questions about Spider-Man across comics, films, games and television. Answer accurately and concisely. If you are not sure, say so instead of guessing.""}, {""role"": ""user"", ""content"": ""Who plays MJ in the MCU Spider-Man films?""}, {""role"": ""assistant"", ""content"": ""Zendaya plays MJ in the MCU Spider-Man films.""}]","<|im_start|>system
You are a knowledgeable assistant that answers questions about Spider-Man across comics, films, games and television. Answer accurately and concisely. If you are not sure, say so instead of guessing.<|im_end|>
<|im_start|>user
Who plays MJ in the MCU Spider-Man films?<|im_end|>
<|im_start|>assistant
Zendaya plays MJ in the MCU Spider-Man films.<|im_end|>"
train,26,allies,Ms. Marvel,researched_summary,Spider.csv,26,original,"You are a knowledgeable assistant that answers questions about Spider-Man across comics, films, games and television. Answer accurately and concisely. If you are not sure, say so instead of guessing.",Has Spider-Man teamed up with Ms. Marvel?,"Kamala Khan has teamed up with Spider-Man in Marvel stories, including conflicts involving major supernatural and superhuman threats.","Kamala Khan has teamed up with Spider-Man in Marvel stories, including conflicts involving major supernatural and superhuman threats.","[{""role"": ""system"", ""content"": ""You are a knowledgeable assistant that answers questions about Spider-Man across comics, films, games and television. Answer accurately and concisely. If you are not sure, say so instead of guessing.""}, {""role"": ""user"", ""content"": ""Has Spider-Man teamed up with Ms. Marvel?""}, {""role"": ""assistant"", ""content"": ""Kamala Khan has teamed up with Spider-Man in Marvel stories, including conflicts involving major supernatural and superhuman threats.""}]","<|im_start|>system
You are a knowledgeable assistant that answers questions about Spider-Man across comics, films, games and television. Answer accurately and concisely. If you are not sure, say so instead of guessing.<|im_end|>
<|im_start|>user
Has Spider-Man teamed up with Ms. Marvel?<|im_end|>
<|im_start|>assistant
Kamala Khan has teamed up with Spider-Man in Marvel stories, including conflicts involving major supernatural and superhuman threats.<|im_end|>"
train,13,allies,Daily Bugle,model_knowledge,added_by_claude,13,original,"You are a knowledgeable assistant that answers questions about Spider-Man across comics, films, games and television. Answer accurately and concisely. If you are not sure, say so instead of guessing.",What is the Daily Bugle?,"The Daily Bugle is the New York newspaper where Peter Parker sells photographs, run by publisher J. Jonah Jameson. It is a central setting for Spider-Man's civilian life.","The Daily Bugle is the New York newspaper where Peter Parker sells photographs, run by publisher J. Jonah Jameson. It is a central setting for Spider-Man's civilian life.","[{""role"": ""system"", ""content"": ""You are a knowledgeable assistant that answers questions about Spider-Man across comics, films, games and television. Answer accurately and concisely. If you are not sure, say so instead of guessing.""}, {""role"": ""user"", ""content"": ""What is the Daily Bugle?""}, {""role"": ""assistant"", ""content"": ""The Daily Bugle is the New York newspaper where Peter Parker sells photographs, run by publisher J. Jonah Jameson. It is a central setting for Spider-Man's civilian life.""}]","<|im_start|>system
You are a knowledgeable assistant that answers questions about Spider-Man across comics, films, games and television. Answer accurately and concisely. If you are not sure, say so instead of guessing.<|im_end|>
<|im_start|>user
What is the Daily Bugle?<|im_end|>
<|im_start|>assistant
The Daily Bugle is the New York newspaper where Peter Parker sells photographs, run by publisher J. Jonah Jameson. It is a central setting for Spider-Man's civilian life.<|im_end|>"
train,7,allies,Avengers membership,model_knowledge,added_by_claude,7,original,"You are a knowledgeable assistant that answers questions about Spider-Man across comics, films, games and television. Answer accurately and concisely. If you are not sure, say so instead of guessing.",Is Spider-Man an Avenger?,"Spider-Man has been an Avenger in Marvel Comics; he formally joined the team in New Avengers, launched in 2005, after decades as an occasional ally.","Spider-Man has been an Avenger in Marvel Comics; he formally joined the team in New Avengers, launched in 2005, after decades as an occasional ally.","[{""role"": ""system"", ""content"": ""You are a knowledgeable assistant that answers questions about Spider-Man across comics, films, games and television. Answer accurately and concisely. If you are not sure, say so instead of guessing.""}, {""role"": ""user"", ""content"": ""Is Spider-Man an Avenger?""}, {""role"": ""assistant"", ""content"": ""Spider-Man has been an Avenger in Marvel Comics; he formally joined the team in New Avengers, launched in 2005, after decades as an occasional ally.""}]","<|im_start|>system
You are a knowledgeable assistant that answers questions about Spider-Man across comics, films, games and television. Answer accurately and concisely. If you are not sure, say so instead of guessing.<|im_end|>
<|im_start|>user
Is Spider-Man an Avenger?<|im_end|>
<|im_start|>assistant
Spider-Man has been an Avenger in Marvel Comics; he formally joined the team in New Avengers, launched in 2005, after decades as an occasional ally.<|im_end|>"
train,27,allies,Robbie Robertson,model_knowledge,added_by_claude,27,original,"You are a knowledgeable assistant that answers questions about Spider-Man across comics, films, games and television. Answer accurately and concisely. If you are not sure, say so instead of guessing.",Who is Robbie Robertson?,Joseph 'Robbie' Robertson is a Daily Bugle editor and one of the more principled figures in Peter Parker's professional life.,Joseph 'Robbie' Robertson is a Daily Bugle editor and one of the more principled figures in Peter Parker's professional life.,"[{""role"": ""system"", ""content"": ""You are a knowledgeable assistant that answers questions about Spider-Man across comics, films, games and television. Answer accurately and concisely. If you are not sure, say so instead of guessing.""}, {""role"": ""user"", ""content"": ""Who is Robbie Robertson?""}, {""role"": ""assistant"", ""content"": ""Joseph 'Robbie' Robertson is a Daily Bugle editor and one of the more principled figures in Peter Parker's professional life.""}]","<|im_start|>system
You are a knowledgeable assistant that answers questions about Spider-Man across comics, films, games and television. Answer accurately and concisely. If you are not sure, say so instead of guessing.<|im_end|>
<|im_start|>user
Who is Robbie Robertson?<|im_end|>
<|im_start|>assistant
Joseph 'Robbie' Robertson is a Daily Bugle editor and one of the more principled figures in Peter Parker's professional life.<|im_end|>"
train,9,allies,Black Cat,researched_summary,Spider.csv,9,original,"You are a knowledgeable assistant that answers questions about Spider-Man across comics, films, games and television. Answer accurately and concisely. If you are not sure, say so instead of guessing.",Tell me about Black Cat.,"Felicia Hardy, Black Cat, is a recurring Spider-Man ally and romantic interest whose relationship with Peter is complicated.","Felicia Hardy, Black Cat, is a recurring Spider-Man ally and romantic interest whose relationship with Peter is complicated.","[{""role"": ""system"", ""content"": ""You are a knowledgeable assistant that answers questions about Spider-Man across comics, films, games and television. Answer accurately and concisely. If you are not sure, say so instead of guessing.""}, {""role"": ""user"", ""content"": ""Tell me about Black Cat.""}, {""role"": ""assistant"", ""content"": ""Felicia Hardy, Black Cat, is a recurring Spider-Man ally and romantic interest whose relationship with Peter is complicated.""}]","<|im_start|>system
You are a knowledgeable assistant that answers questions about Spider-Man across comics, films, games and television. Answer accurately and concisely. If you are not sure, say so instead of guessing.<|im_end|>
<|im_start|>user
Tell me about Black Cat.<|im_end|>
<|im_start|>assistant
Felicia Hardy, Black Cat, is a recurring Spider-Man ally and romantic interest whose relationship with Peter is complicated.<|im_end|>"
train,10,allies,Black Cat,researched_summary,Spider.csv,10,original,"You are a knowledgeable assistant that answers questions about Spider-Man across comics, films, games and television. Answer accurately and concisely. If you are not sure, say so instead of guessing.",Who is Black Cat?,"Felicia Hardy, Black Cat, is a recurring Spider-Man ally and romantic interest whose relationship with Peter is complicated.","Felicia Hardy, Black Cat, is a recurring Spider-Man ally and romantic interest whose relationship with Peter is complicated.","[{""role"": ""system"", ""content"": ""You are a knowledgeable assistant that answers questions about Spider-Man across comics, films, games and television. Answer accurately and concisely. If you are not sure, say so instead of guessing.""}, {""role"": ""user"", ""content"": ""Who is Black Cat?""}, {""role"": ""assistant"", ""content"": ""Felicia Hardy, Black Cat, is a recurring Spider-Man ally and romantic interest whose relationship with Peter is complicated.""}]","<|im_start|>system
You are a knowledgeable assistant that answers questions about Spider-Man across comics, films, games and television. Answer accurately and concisely. If you are not sure, say so instead of guessing.<|im_end|>
<|im_start|>user
Who is Black Cat?<|im_end|>
<|im_start|>assistant
Felicia Hardy, Black Cat, is a recurring Spider-Man ally and romantic interest whose relationship with Peter is complicated.<|im_end|>"
train,16,allies,Deadpool,researched_summary,Spider.csv,16,original,"You are a knowledgeable assistant that answers questions about Spider-Man across comics, films, games and television. Answer accurately and concisely. If you are not sure, say so instead of guessing.",Does Spider-Man team up with Deadpool Give me the context.,Spider-Man and Deadpool are frequently paired in Marvel stories and have a relationship built around contrasting personalities and humor.,Spider-Man and Deadpool are frequently paired in Marvel stories and have a relationship built around contrasting personalities and humor.,"[{""role"": ""system"", ""content"": ""You are a knowledgeable assistant that answers questions about Spider-Man across comics, films, games and television. Answer accurately and concisely. If you are not sure, say so instead of guessing.""}, {""role"": ""user"", ""content"": ""Does Spider-Man team up with Deadpool Give me the context.""}, {""role"": ""assistant"", ""content"": ""Spider-Man and Deadpool are frequently paired in Marvel stories and have a relationship built around contrasting personalities and humor.""}]","<|im_start|>system
You are a knowledgeable assistant that answers questions about Spider-Man across comics, films, games and television. Answer accurately and concisely. If you are not sure, say so instead of guessing.<|im_end|>
<|im_start|>user
Does Spider-Man team up with Deadpool Give me the context.<|im_end|>
<|im_start|>assistant
Spider-Man and Deadpool are frequently paired in Marvel stories and have a relationship built around contrasting personalities and humor.<|im_end|>"
train,17,allies,Deadpool,researched_summary,Spider.csv,17,original,"You are a knowledgeable assistant that answers questions about Spider-Man across comics, films, games and television. Answer accurately and concisely. If you are not sure, say so instead of guessing.",Does Spider-Man team up with Deadpool?,Spider-Man and Deadpool are frequently paired in Marvel stories and have a relationship built around contrasting personalities and humor.,Spider-Man and Deadpool are frequently paired in Marvel stories and have a relationship built around contrasting personalities and humor.,"[{""role"": ""system"", ""content"": ""You are a knowledgeable assistant that answers questions about Spider-Man across comics, films, games and television. Answer accurately and concisely. If you are not sure, say so instead of guessing.""}, {""role"": ""user"", ""content"": ""Does Spider-Man team up with Deadpool?""}, {""role"": ""assistant"", ""content"": ""Spider-Man and Deadpool are frequently paired in Marvel stories and have a relationship built around contrasting personalities and humor.""}]","<|im_start|>system
You are a knowledgeable assistant that answers questions about Spider-Man across comics, films, games and television. Answer accurately and concisely. If you are not sure, say so instead of guessing.<|im_end|>
<|im_start|>user
Does Spider-Man team up with Deadpool?<|im_end|>
<|im_start|>assistant
Spider-Man and Deadpool are frequently paired in Marvel stories and have a relationship built around contrasting personalities and humor.<|im_end|>"
train,20,allies,Human Torch,model_knowledge,added_by_claude,20,original,"You are a knowledgeable assistant that answers questions about Spider-Man across comics, films, games and television. Answer accurately and concisely. If you are not sure, say so instead of guessing.",What is Spider-Man's relationship with the Human Torch?,Johnny Storm and Peter Parker began as rivals in early issues and developed into one of Marvel's closest friendships between heroes.,Johnny Storm and Peter Parker began as rivals in early issues and developed into one of Marvel's closest friendships between heroes.,"[{""role"": ""system"", ""content"": ""You are a knowledgeable assistant that answers questions about Spider-Man across comics, films, games and television. Answer accurately and concisely. If you are not sure, say so instead of guessing.""}, {""role"": ""user"", ""content"": ""What is Spider-Man's relationship with the Human Torch?""}, {""role"": ""assistant"", ""content"": ""Johnny Storm and Peter Parker began as rivals in early issues and developed into one of Marvel's closest friendships between heroes.""}]","<|im_start|>system
You are a knowledgeable assistant that answers questions about Spider-Man across comics, films, games and television. Answer accurately and concisely. If you are not sure, say so instead of guessing.<|im_end|>
<|im_start|>user
What is Spider-Man's relationship with the Human Torch?<|im_end|>
<|im_start|>assistant
Johnny Storm and Peter Parker began as rivals in early issues and developed into one of Marvel's closest friendships between heroes.<|im_end|>"
train,19,allies,Human Torch,researched_summary,Spider.csv,19,original,"You are a knowledgeable assistant that answers questions about Spider-Man across comics, films, games and television. Answer accurately and concisely. If you are not sure, say so instead of guessing.",Tell me about Spider-Man's friendship with Human Torch like.,"Johnny Storm, the Human Torch, is one of Spider-Man's closest superhero friends and frequent friendly rivals.","Johnny Storm, the Human Torch, is one of Spider-Man's closest superhero friends and frequent friendly rivals.","[{""role"": ""system"", ""content"": ""You are a knowledgeable assistant that answers questions about Spider-Man across comics, films, games and television. Answer accurately and concisely. If you are not sure, say so instead of guessing.""}, {""role"": ""user"", ""content"": ""Tell me about Spider-Man's friendship with Human Torch like.""}, {""role"": ""assistant"", ""content"": ""Johnny Storm, the Human Torch, is one of Spider-Man's closest superhero friends and frequent friendly rivals.""}]","<|im_start|>system
You are a knowledgeable assistant that answers questions about Spider-Man across comics, films, games and television. Answer accurately and concisely. If you are not sure, say so instead of guessing.<|im_end|>
<|im_start|>user
Tell me about Spider-Man's friendship with Human Torch like.<|im_end|>
<|im_start|>assistant
Johnny Storm, the Human Torch, is one of Spider-Man's closest superhero friends and frequent friendly rivals.<|im_end|>"
train,21,allies,Human Torch,researched_summary,Spider.csv,21,original,"You are a knowledgeable assistant that answers questions about Spider-Man across comics, films, games and television. Answer accurately and concisely. If you are not sure, say so instead of guessing.",Who is Spider-Man's friendship with Human Torch like?,"Johnny Storm, the Human Torch, is one of Spider-Man's closest superhero friends and frequent friendly rivals.","Johnny Storm, the Human Torch, is one of Spider-Man's closest superhero friends and frequent friendly rivals.","[{""role"": ""system"", ""content"": ""You are a knowledgeable assistant that answers questions about Spider-Man across comics, films, games and television. Answer accurately and concisely. If you are not sure, say so instead of guessing.""}, {""role"": ""user"", ""content"": ""Who is Spider-Man's friendship with Human Torch like?""}, {""role"": ""assistant"", ""content"": ""Johnny Storm, the Human Torch, is one of Spider-Man's closest superhero friends and frequent friendly rivals.""}]","<|im_start|>system
You are a knowledgeable assistant that answers questions about Spider-Man across comics, films, games and television. Answer accurately and concisely. If you are not sure, say so instead of guessing.<|im_end|>
<|im_start|>user
Who is Spider-Man's friendship with Human Torch like?<|im_end|>
<|im_start|>assistant
Johnny Storm, the Human Torch, is one of Spider-Man's closest superhero friends and frequent friendly rivals.<|im_end|>"
train,18,allies,Fantastic Four,model_knowledge,added_by_claude,18,original,"You are a knowledgeable assistant that answers questions about Spider-Man across comics, films, games and television. Answer accurately and concisely. If you are not sure, say so instead of guessing.",Does Spider-Man work with the Fantastic Four?,"Spider-Man has a long association with the Fantastic Four dating back to his earliest issues, and he has occasionally filled in as a member of the team.","Spider-Man has a long association with the Fantastic Four dating back to his earliest issues, and he has occasionally filled in as a member of the team.","[{""role"": ""system"", ""content"": ""You are a knowledgeable assistant that answers questions about Spider-Man across comics, films, games and television. Answer accurately and concisely. If you are not sure, say so instead of guessing.""}, {""role"": ""user"", ""content"": ""Does Spider-Man work with the Fantastic Four?""}, {""role"": ""assistant"", ""content"": ""Spider-Man has a long association with the Fantastic Four dating back to his earliest issues, and he has occasionally filled in as a member of the team.""}]","<|im_start|>system
You are a knowledgeable assistant that answers questions about Spider-Man across comics, films, games and television. Answer accurately and concisely. If you are not sure, say so instead of guessing.<|im_end|>
<|im_start|>user
Does Spider-Man work with the Fantastic Four?<|im_end|>
<|im_start|>assistant
Spider-Man has a long association with the Fantastic Four dating back to his earliest issues, and he has occasionally filled in as a member of the team.<|im_end|>"
train,8,allies,Betty Brant,model_knowledge,added_by_claude,8,original,"You are a knowledgeable assistant that answers questions about Spider-Man across comics, films, games and television. Answer accurately and concisely. If you are not sure, say so instead of guessing.",Who is Betty Brant?,"Betty Brant is a Daily Bugle secretary and later reporter, and one of Peter Parker's earliest romantic interests in the comics.","Betty Brant is a Daily Bugle secretary and later reporter, and one of Peter Parker's earliest romantic interests in the comics.","[{""role"": ""system"", ""content"": ""You are a knowledgeable assistant that answers questions about Spider-Man across comics, films, games and television. Answer accurately and concisely. If you are not sure, say so instead of guessing.""}, {""role"": ""user"", ""content"": ""Who is Betty Brant?""}, {""role"": ""assistant"", ""content"": ""Betty Brant is a Daily Bugle secretary and later reporter, and one of Peter Parker's earliest romantic interests in the comics.""}]","<|im_start|>system
You are a knowledgeable assistant that answers questions about Spider-Man across comics, films, games and television. Answer accurately and concisely. If you are not sure, say so instead of guessing.<|im_end|>
<|im_start|>user
Who is Betty Brant?<|im_end|>
<|im_start|>assistant
Betty Brant is a Daily Bugle secretary and later reporter, and one of Peter Parker's earliest romantic interests in the comics.<|im_end|>"
train,14,allies,Daredevil,researched_summary,Spider.csv,14,original,"You are a knowledgeable assistant that answers questions about Spider-Man across comics, films, games and television. Answer accurately and concisely. If you are not sure, say so instead of guessing.",Does Spider-Man work with Daredevil Give me the context.,Daredevil and Spider-Man are fellow New York heroes who have worked together in many stories.,Daredevil and Spider-Man are fellow New York heroes who have worked together in many stories.,"[{""role"": ""system"", ""content"": ""You are a knowledgeable assistant that answers questions about Spider-Man across comics, films, games and television. Answer accurately and concisely. If you are not sure, say so instead of guessing.""}, {""role"": ""user"", ""content"": ""Does Spider-Man work with Daredevil Give me the context.""}, {""role"": ""assistant"", ""content"": ""Daredevil and Spider-Man are fellow New York heroes who have worked together in many stories.""}]","<|im_start|>system
You are a knowledgeable assistant that answers questions about Spider-Man across comics, films, games and television. Answer accurately and concisely. If you are not sure, say so instead of guessing.<|im_end|>
<|im_start|>user
Does Spider-Man work with Daredevil Give me the context.<|im_end|>
<|im_start|>assistant
Daredevil and Spider-Man are fellow New York heroes who have worked together in many stories.<|im_end|>"
train,15,allies,Daredevil,researched_summary,Spider.csv,15,original,"You are a knowledgeable assistant that answers questions about Spider-Man across comics, films, games and television. Answer accurately and concisely. If you are not sure, say so instead of guessing.",Does Spider-Man work with Daredevil?,Daredevil and Spider-Man are fellow New York heroes who have worked together in many stories.,Daredevil and Spider-Man are fellow New York heroes who have worked together in many stories.,"[{""role"": ""system"", ""content"": ""You are a knowledgeable assistant that answers questions about Spider-Man across comics, films, games and television. Answer accurately and concisely. If you are not sure, say so instead of guessing.""}, {""role"": ""user"", ""content"": ""Does Spider-Man work with Daredevil?""}, {""role"": ""assistant"", ""content"": ""Daredevil and Spider-Man are fellow New York heroes who have worked together in many stories.""}]","<|im_start|>system
You are a knowledgeable assistant that answers questions about Spider-Man across comics, films, games and television. Answer accurately and concisely. If you are not sure, say so instead of guessing.<|im_end|>
<|im_start|>user
Does Spider-Man work with Daredevil?<|im_end|>
<|im_start|>assistant
Daredevil and Spider-Man are fellow New York heroes who have worked together in many stories.<|im_end|>"
train,28,allies,Wolverine,researched_summary,Spider.csv,28,original,"You are a knowledgeable assistant that answers questions about Spider-Man across comics, films, games and television. Answer accurately and concisely. If you are not sure, say so instead of guessing.",Has Spider-Man worked with Wolverine?,Spider-Man and Wolverine have worked together as Marvel heroes and have shared team affiliations and adventures.,Spider-Man and Wolverine have worked together as Marvel heroes and have shared team affiliations and adventures.,"[{""role"": ""system"", ""content"": ""You are a knowledgeable assistant that answers questions about Spider-Man across comics, films, games and television. Answer accurately and concisely. If you are not sure, say so instead of guessing.""}, {""role"": ""user"", ""content"": ""Has Spider-Man worked with Wolverine?""}, {""role"": ""assistant"", ""content"": ""Spider-Man and Wolverine have worked together as Marvel heroes and have shared team affiliations and adventures.""}]","<|im_start|>system
You are a knowledgeable assistant that answers questions about Spider-Man across comics, films, games and television. Answer accurately and concisely. If you are not sure, say so instead of guessing.<|im_end|>
<|im_start|>user
Has Spider-Man worked with Wolverine?<|im_end|>
<|im_start|>assistant
Spider-Man and Wolverine have worked together as Marvel heroes and have shared team affiliations and adventures.<|im_end|>"
train,44,characters,Ned Leeds,researched_summary,Spider.csv,44,original,"You are a knowledgeable assistant that answers questions about Spider-Man across comics, films, games and television. Answer accurately and concisely. If you are not sure, say so instead of guessing.",Tell me about Ned Leeds.,Ned Leeds is a Spider-Man-associated character whose identity and characterization vary substantially between comics and film adaptations.,Ned Leeds is a Spider-Man-associated character whose identity and characterization vary substantially between comics and film adaptations.,"[{""role"": ""system"", ""content"": ""You are a knowledgeable assistant that answers questions about Spider-Man across comics, films, games and television. Answer accurately and concisely. If you are not sure, say so instead of guessing.""}, {""role"": ""user"", ""content"": ""Tell me about Ned Leeds.""}, {""role"": ""assistant"", ""content"": ""Ned Leeds is a Spider-Man-associated character whose identity and characterization vary substantially between comics and film adaptations.""}]","<|im_start|>system
You are a knowledgeable assistant that answers questions about Spider-Man across comics, films, games and television. Answer accurately and concisely. If you are not sure, say so instead of guessing.<|im_end|>
<|im_start|>user
Tell me about Ned Leeds.<|im_end|>
<|im_start|>assistant
Ned Leeds is a Spider-Man-associated character whose identity and characterization vary substantially between comics and film adaptations.<|im_end|>"
train,45,characters,Ned Leeds,researched_summary,Spider.csv,45,original,"You are a knowledgeable assistant that answers questions about Spider-Man across comics, films, games and television. Answer accurately and concisely. If you are not sure, say so instead of guessing.",Who is Ned Leeds?,Ned Leeds is a Spider-Man-associated character whose identity and characterization vary substantially between comics and film adaptations.,Ned Leeds is a Spider-Man-associated character whose identity and characterization vary substantially between comics and film adaptations.,"[{""role"": ""system"", ""content"": ""You are a knowledgeable assistant that answers questions about Spider-Man across comics, films, games and television. Answer accurately and concisely. If you are not sure, say so instead of guessing.""}, {""role"": ""user"", ""content"": ""Who is Ned Leeds?""}, {""role"": ""assistant"", ""content"": ""Ned Leeds is a Spider-Man-associated character whose identity and characterization vary substantially between comics and film adaptations.""}]","<|im_start|>system
You are a knowledgeable assistant that answers questions about Spider-Man across comics, films, games and television. Answer accurately and concisely. If you are not sure, say so instead of guessing.<|im_end|>
<|im_start|>user
Who is Ned Leeds?<|im_end|>
<|im_start|>assistant
Ned Leeds is a Spider-Man-associated character whose identity and characterization vary substantially between comics and film adaptations.<|im_end|>"
train,42,characters,Miles Morales,researched_summary,Spider.csv,42,original,"You are a knowledgeable assistant that answers questions about Spider-Man across comics, films, games and television. Answer accurately and concisely. If you are not sure, say so instead of guessing.",Tell me about Miles Morales.,Miles Morales is another major Spider-Man who originated in an alternate universe and later became part of the main Marvel continuity.,Miles Morales is another major Spider-Man who originated in an alternate universe and later became part of the main Marvel continuity.,"[{""role"": ""system"", ""content"": ""You are a knowledgeable assistant that answers questions about Spider-Man across comics, films, games and television. Answer accurately and concisely. If you are not sure, say so instead of guessing.""}, {""role"": ""user"", ""content"": ""Tell me about Miles Morales.""}, {""role"": ""assistant"", ""content"": ""Miles Morales is another major Spider-Man who originated in an alternate universe and later became part of the main Marvel continuity.""}]","<|im_start|>system
You are a knowledgeable assistant that answers questions about Spider-Man across comics, films, games and television. Answer accurately and concisely. If you are not sure, say so instead of guessing.<|im_end|>
<|im_start|>user
Tell me about Miles Morales.<|im_end|>
<|im_start|>assistant
Miles Morales is another major Spider-Man who originated in an alternate universe and later became part of the main Marvel continuity.<|im_end|>"
train,43,characters,Miles Morales,researched_summary,Spider.csv,43,original,"You are a knowledgeable assistant that answers questions about Spider-Man across comics, films, games and television. Answer accurately and concisely. If you are not sure, say so instead of guessing.",Who is Miles Morales?,Miles Morales is another major Spider-Man who originated in an alternate universe and later became part of the main Marvel continuity.,Miles Morales is another major Spider-Man who originated in an alternate universe and later became part of the main Marvel continuity.,"[{""role"": ""system"", ""content"": ""You are a knowledgeable assistant that answers questions about Spider-Man across comics, films, games and television. Answer accurately and concisely. If you are not sure, say so instead of guessing.""}, {""role"": ""user"", ""content"": ""Who is Miles Morales?""}, {""role"": ""assistant"", ""content"": ""Miles Morales is another major Spider-Man who originated in an alternate universe and later became part of the main Marvel continuity.""}]","<|im_start|>system
You are a knowledgeable assistant that answers questions about Spider-Man across comics, films, games and television. Answer accurately and concisely. If you are not sure, say so instead of guessing.<|im_end|>
<|im_start|>user
Who is Miles Morales?<|im_end|>
<|im_start|>assistant
Miles Morales is another major Spider-Man who originated in an alternate universe and later became part of the main Marvel continuity.<|im_end|>"
train,53,characters,Uncle Ben,researched_summary,Spider.csv,53,original,"You are a knowledgeable assistant that answers questions about Spider-Man across comics, films, games and television. Answer accurately and concisely. If you are not sure, say so instead of guessing.",Why is Uncle Ben important to Spider-Man?,Uncle Ben is Peter Parker's uncle and a foundational influence on Peter's moral responsibility as Spider-Man.,Uncle Ben is Peter Parker's uncle and a foundational influence on Peter's moral responsibility as Spider-Man.,"[{""role"": ""system"", ""content"": ""You are a knowledgeable assistant that answers questions about Spider-Man across comics, films, games and television. Answer accurately and concisely. If you are not sure, say so instead of guessing.""}, {""role"": ""user"", ""content"": ""Why is Uncle Ben important to Spider-Man?""}, {""role"": ""assistant"", ""content"": ""Uncle Ben is Peter Parker's uncle and a foundational influence on Peter's moral responsibility as Spider-Man.""}]","<|im_start|>system
You are a knowledgeable assistant that answers questions about Spider-Man across comics, films, games and television. Answer accurately and concisely. If you are not sure, say so instead of guessing.<|im_end|>
<|im_start|>user
Why is Uncle Ben important to Spider-Man?<|im_end|>
<|im_start|>assistant
Uncle Ben is Peter Parker's uncle and a foundational influence on Peter's moral responsibility as Spider-Man.<|im_end|>"
train,48,characters,Peter Parker,researched_summary,Spider.csv,48,original,"You are a knowledgeable assistant that answers questions about Spider-Man across comics, films, games and television. Answer accurately and concisely. If you are not sure, say so instead of guessing.",Tell me about Peter Parker.,Peter Parker is the character most commonly associated with the Spider-Man identity in Marvel Comics.,Peter Parker is the character most commonly associated with the Spider-Man identity in Marvel Comics.,"[{""role"": ""system"", ""content"": ""You are a knowledgeable assistant that answers questions about Spider-Man across comics, films, games and television. Answer accurately and concisely. If you are not sure, say so instead of guessing.""}, {""role"": ""user"", ""content"": ""Tell me about Peter Parker.""}, {""role"": ""assistant"", ""content"": ""Peter Parker is the character most commonly associated with the Spider-Man identity in Marvel Comics.""}]","<|im_start|>system
You are a knowledgeable assistant that answers questions about Spider-Man across comics, films, games and television. Answer accurately and concisely. If you are not sure, say so instead of guessing.<|im_end|>
<|im_start|>user
Tell me about Peter Parker.<|im_end|>
<|im_start|>assistant
Peter Parker is the character most commonly associated with the Spider-Man identity in Marvel Comics.<|im_end|>"
train,49,characters,Peter Parker,researched_summary,Spider.csv,49,original,"You are a knowledgeable assistant that answers questions about Spider-Man across comics, films, games and television. Answer accurately and concisely. If you are not sure, say so instead of guessing.",Who is Peter Parker?,Peter Parker is the character most commonly associated with the Spider-Man identity in Marvel Comics.,Peter Parker is the character most commonly associated with the Spider-Man identity in Marvel Comics.,"[{""role"": ""system"", ""content"": ""You are a knowledgeable assistant that answers questions about Spider-Man across comics, films, games and television. Answer accurately and concisely. If you are not sure, say so instead of guessing.""}, {""role"": ""user"", ""content"": ""Who is Peter Parker?""}, {""role"": ""assistant"", ""content"": ""Peter Parker is the character most commonly associated with the Spider-Man identity in Marvel Comics.""}]","<|im_start|>system
You are a knowledgeable assistant that answers questions about Spider-Man across comics, films, games and television. Answer accurately and concisely. If you are not sure, say so instead of guessing.<|im_end|>
<|im_start|>user
Who is Peter Parker?<|im_end|>
<|im_start|>assistant
Peter Parker is the character most commonly associated with the Spider-Man identity in Marvel Comics.<|im_end|>"
train,39,characters,Mary Jane Watson,researched_summary,Spider.csv,39,original,"You are a knowledgeable assistant that answers questions about Spider-Man across comics, films, games and television. Answer accurately and concisely. If you are not sure, say so instead of guessing.",Tell me about Mary Jane Watson.,Mary Jane Watson is one of Peter Parker's closest relationships and a major recurring character in Spider-Man stories.,Mary Jane Watson is one of Peter Parker's closest relationships and a major recurring character in Spider-Man stories.,"[{""role"": ""system"", ""content"": ""You are a knowledgeable assistant that answers questions about Spider-Man across comics, films, games and television. Answer accurately and concisely. If you are not sure, say so instead of guessing.""}, {""role"": ""user"", ""content"": ""Tell me about Mary Jane Watson.""}, {""role"": ""assistant"", ""content"": ""Mary Jane Watson is one of Peter Parker's closest relationships and a major recurring character in Spider-Man stories.""}]","<|im_start|>system
You are a knowledgeable assistant that answers questions about Spider-Man across comics, films, games and television. Answer accurately and concisely. If you are not sure, say so instead of guessing.<|im_end|>
<|im_start|>user
Tell me about Mary Jane Watson.<|im_end|>
<|im_start|>assistant
Mary Jane Watson is one of Peter Parker's closest relationships and a major recurring character in Spider-Man stories.<|im_end|>"
train,40,characters,Mary Jane Watson,researched_summary,Spider.csv,40,original,"You are a knowledgeable assistant that answers questions about Spider-Man across comics, films, games and television. Answer accurately and concisely. If you are not sure, say so instead of guessing.",Who is Mary Jane Watson?,Mary Jane Watson is one of Peter Parker's closest relationships and a major recurring character in Spider-Man stories.,Mary Jane Watson is one of Peter Parker's closest relationships and a major recurring character in Spider-Man stories.,"[{""role"": ""system"", ""content"": ""You are a knowledgeable assistant that answers questions about Spider-Man across comics, films, games and television. Answer accurately and concisely. If you are not sure, say so instead of guessing.""}, {""role"": ""user"", ""content"": ""Who is Mary Jane Watson?""}, {""role"": ""assistant"", ""content"": ""Mary Jane Watson is one of Peter Parker's closest relationships and a major recurring character in Spider-Man stories.""}]","<|im_start|>system
You are a knowledgeable assistant that answers questions about Spider-Man across comics, films, games and television. Answer accurately and concisely. If you are not sure, say so instead of guessing.<|im_end|>
<|im_start|>user
Who is Mary Jane Watson?<|im_end|>
<|im_start|>assistant
Mary Jane Watson is one of Peter Parker's closest relationships and a major recurring character in Spider-Man stories.<|im_end|>"
train,33,characters,Gwen Stacy,researched_summary,Spider.csv,33,original,"You are a knowledgeable assistant that answers questions about Spider-Man across comics, films, games and television. Answer accurately and concisely. If you are not sure, say so instead of guessing.",Tell me about Gwen Stacy to Peter Parker.,Gwen Stacy is an important character in Peter Parker's history and one of his major early romantic relationships in the comics.,Gwen Stacy is an important character in Peter Parker's history and one of his major early romantic relationships in the comics.,"[{""role"": ""system"", ""content"": ""You are a knowledgeable assistant that answers questions about Spider-Man across comics, films, games and television. Answer accurately and concisely. If you are not sure, say so instead of guessing.""}, {""role"": ""user"", ""content"": ""Tell me about Gwen Stacy to Peter Parker.""}, {""role"": ""assistant"", ""content"": ""Gwen Stacy is an important character in Peter Parker's history and one of his major early romantic relationships in the comics.""}]","<|im_start|>system
You are a knowledgeable assistant that answers questions about Spider-Man across comics, films, games and television. Answer accurately and concisely. If you are not sure, say so instead of guessing.<|im_end|>
<|im_start|>user
Tell me about Gwen Stacy to Peter Parker.<|im_end|>
<|im_start|>assistant
Gwen Stacy is an important character in Peter Parker's history and one of his major early romantic relationships in the comics.<|im_end|>"
train,34,characters,Gwen Stacy,researched_summary,Spider.csv,34,original,"You are a knowledgeable assistant that answers questions about Spider-Man across comics, films, games and television. Answer accurately and concisely. If you are not sure, say so instead of guessing.",Who is Gwen Stacy to Peter Parker?,Gwen Stacy is an important character in Peter Parker's history and one of his major early romantic relationships in the comics.,Gwen Stacy is an important character in Peter Parker's history and one of his major early romantic relationships in the comics.,"[{""role"": ""system"", ""content"": ""You are a knowledgeable assistant that answers questions about Spider-Man across comics, films, games and television. Answer accurately and concisely. If you are not sure, say so instead of guessing.""}, {""role"": ""user"", ""content"": ""Who is Gwen Stacy to Peter Parker?""}, {""role"": ""assistant"", ""content"": ""Gwen Stacy is an important character in Peter Parker's history and one of his major early romantic relationships in the comics.""}]","<|im_start|>system
You are a knowledgeable assistant that answers questions about Spider-Man across comics, films, games and television. Answer accurately and concisely. If you are not sure, say so instead of guessing.<|im_end|>
<|im_start|>user
Who is Gwen Stacy to Peter Parker?<|im_end|>
<|im_start|>assistant
Gwen Stacy is an important character in Peter Parker's history and one of his major early romantic relationships in the comics.<|im_end|>"
train,46,characters,Peter Parker,researched_summary,Spider.csv,46,original,"You are a knowledgeable assistant that answers questions about Spider-Man across comics, films, games and television. Answer accurately and concisely. If you are not sure, say so instead of guessing.",How would you describe Peter Parker — explain briefly.,Peter Parker is a science-minded New Yorker whose life combines ordinary responsibilities with his work as Spider-Man.,Peter Parker is a science-minded New Yorker whose life combines ordinary responsibilities with his work as Spider-Man.,"[{""role"": ""system"", ""content"": ""You are a knowledgeable assistant that answers questions about Spider-Man across comics, films, games and television. Answer accurately and concisely. If you are not sure, say so instead of guessing.""}, {""role"": ""user"", ""content"": ""How would you describe Peter Parker — explain briefly.""}, {""role"": ""assistant"", ""content"": ""Peter Parker is a science-minded New Yorker whose life combines ordinary responsibilities with his work as Spider-Man.""}]","<|im_start|>system
You are a knowledgeable assistant that answers questions about Spider-Man across comics, films, games and television. Answer accurately and concisely. If you are not sure, say so instead of guessing.<|im_end|>
<|im_start|>user
How would you describe Peter Parker — explain briefly.<|im_end|>
<|im_start|>assistant
Peter Parker is a science-minded New Yorker whose life combines ordinary responsibilities with his work as Spider-Man.<|im_end|>"
train,47,characters,Peter Parker,researched_summary,Spider.csv,47,original,"You are a knowledgeable assistant that answers questions about Spider-Man across comics, films, games and television. Answer accurately and concisely. If you are not sure, say so instead of guessing.",How would you describe Peter Parker?,Peter Parker is a science-minded New Yorker whose life combines ordinary responsibilities with his work as Spider-Man.,Peter Parker is a science-minded New Yorker whose life combines ordinary responsibilities with his work as Spider-Man.,"[{""role"": ""system"", ""content"": ""You are a knowledgeable assistant that answers questions about Spider-Man across comics, films, games and television. Answer accurately and concisely. If you are not sure, say so instead of guessing.""}, {""role"": ""user"", ""content"": ""How would you describe Peter Parker?""}, {""role"": ""assistant"", ""content"": ""Peter Parker is a science-minded New Yorker whose life combines ordinary responsibilities with his work as Spider-Man.""}]","<|im_start|>system
You are a knowledgeable assistant that answers questions about Spider-Man across comics, films, games and television. Answer accurately and concisely. If you are not sure, say so instead of guessing.<|im_end|>
<|im_start|>user
How would you describe Peter Parker?<|im_end|>
<|im_start|>assistant
Peter Parker is a science-minded New Yorker whose life combines ordinary responsibilities with his work as Spider-Man.<|im_end|>"
train,35,characters,Harry Osborn,researched_summary,Spider.csv,35,original,"You are a knowledgeable assistant that answers questions about Spider-Man across comics, films, games and television. Answer accurately and concisely. If you are not sure, say so instead of guessing.",Tell me about Harry Osborn.,Harry Osborn is Peter Parker's longtime friend and the son of Norman Osborn; his relationship with Peter becomes complicated by his father's identity as Green Goblin.,Harry Osborn is Peter Parker's longtime friend and the son of Norman Osborn; his relationship with Peter becomes complicated by his father's identity as Green Goblin.,"[{""role"": ""system"", ""content"": ""You are a knowledgeable assistant that answers questions about Spider-Man across comics, films, games and television. Answer accurately and concisely. If you are not sure, say so instead of guessing.""}, {""role"": ""user"", ""content"": ""Tell me about Harry Osborn.""}, {""role"": ""assistant"", ""content"": ""Harry Osborn is Peter Parker's longtime friend and the son of Norman Osborn; his relationship with Peter becomes complicated by his father's identity as Green Goblin.""}]","<|im_start|>system
You are a knowledgeable assistant that answers questions about Spider-Man across comics, films, games and television. Answer accurately and concisely. If you are not sure, say so instead of guessing.<|im_end|>
<|im_start|>user
Tell me about Harry Osborn.<|im_end|>
<|im_start|>assistant
Harry Osborn is Peter Parker's longtime friend and the son of Norman Osborn; his relationship with Peter becomes complicated by his father's identity as Green Goblin.<|im_end|>"
train,36,characters,Harry Osborn,researched_summary,Spider.csv,36,original,"You are a knowledgeable assistant that answers questions about Spider-Man across comics, films, games and television. Answer accurately and concisely. If you are not sure, say so instead of guessing.",Who is Harry Osborn?,Harry Osborn is Peter Parker's longtime friend and the son of Norman Osborn; his relationship with Peter becomes complicated by his father's identity as Green Goblin.,Harry Osborn is Peter Parker's longtime friend and the son of Norman Osborn; his relationship with Peter becomes complicated by his father's identity as Green Goblin.,"[{""role"": ""system"", ""content"": ""You are a knowledgeable assistant that answers questions about Spider-Man across comics, films, games and television. Answer accurately and concisely. If you are not sure, say so instead of guessing.""}, {""role"": ""user"", ""content"": ""Who is Harry Osborn?""}, {""role"": ""assistant"", ""content"": ""Harry Osborn is Peter Parker's longtime friend and the son of Norman Osborn; his relationship with Peter becomes complicated by his father's identity as Green Goblin.""}]","<|im_start|>system
You are a knowledgeable assistant that answers questions about Spider-Man across comics, films, games and television. Answer accurately and concisely. If you are not sure, say so instead of guessing.<|im_end|>
<|im_start|>user
Who is Harry Osborn?<|im_end|>
<|im_start|>assistant
Harry Osborn is Peter Parker's longtime friend and the son of Norman Osborn; his relationship with Peter becomes complicated by his father's identity as Green Goblin.<|im_end|>"
train,37,characters,J. Jonah Jameson,researched_summary,Spider.csv,37,original,"You are a knowledgeable assistant that answers questions about Spider-Man across comics, films, games and television. Answer accurately and concisely. If you are not sure, say so instead of guessing.",Tell me about J. Jonah Jameson.,J. Jonah Jameson is a longtime Spider-Man supporting character and a frequent critic of Spider-Man in many versions of the story.,J. Jonah Jameson is a longtime Spider-Man supporting character and a frequent critic of Spider-Man in many versions of the story.,"[{""role"": ""system"", ""content"": ""You are a knowledgeable assistant that answers questions about Spider-Man across comics, films, games and television. Answer accurately and concisely. If you are not sure, say so instead of guessing.""}, {""role"": ""user"", ""content"": ""Tell me about J. Jonah Jameson.""}, {""role"": ""assistant"", ""content"": ""J. Jonah Jameson is a longtime Spider-Man supporting character and a frequent critic of Spider-Man in many versions of the story.""}]","<|im_start|>system
You are a knowledgeable assistant that answers questions about Spider-Man across comics, films, games and television. Answer accurately and concisely. If you are not sure, say so instead of guessing.<|im_end|>
<|im_start|>user
Tell me about J. Jonah Jameson.<|im_end|>
<|im_start|>assistant
J. Jonah Jameson is a longtime Spider-Man supporting character and a frequent critic of Spider-Man in many versions of the story.<|im_end|>"
train,38,characters,J. Jonah Jameson,researched_summary,Spider.csv,38,original,"You are a knowledgeable assistant that answers questions about Spider-Man across comics, films, games and television. Answer accurately and concisely. If you are not sure, say so instead of guessing.",Who is J. Jonah Jameson?,J. Jonah Jameson is a longtime Spider-Man supporting character and a frequent critic of Spider-Man in many versions of the story.,J. Jonah Jameson is a longtime Spider-Man supporting character and a frequent critic of Spider-Man in many versions of the story.,"[{""role"": ""system"", ""content"": ""You are a knowledgeable assistant that answers questions about Spider-Man across comics, films, games and television. Answer accurately and concisely. If you are not sure, say so instead of guessing.""}, {""role"": ""user"", ""content"": ""Who is J. Jonah Jameson?""}, {""role"": ""assistant"", ""content"": ""J. Jonah Jameson is a longtime Spider-Man supporting character and a frequent critic of Spider-Man in many versions of the story.""}]","<|im_start|>system
You are a knowledgeable assistant that answers questions about Spider-Man across comics, films, games and television. Answer accurately and concisely. If you are not sure, say so instead of guessing.<|im_end|>
<|im_start|>user
Who is J. Jonah Jameson?<|im_end|>
<|im_start|>assistant
J. Jonah Jameson is a longtime Spider-Man supporting character and a frequent critic of Spider-Man in many versions of the story.<|im_end|>"
train,29,characters,Aunt May,researched_summary,Spider.csv,29,original,"You are a knowledgeable assistant that answers questions about Spider-Man across comics, films, games and television. Answer accurately and concisely. If you are not sure, say so instead of guessing.",Tell me about Aunt May.,Aunt May is Peter Parker's aunt and one of the central family figures in his life.,Aunt May is Peter Parker's aunt and one of the central family figures in his life.,"[{""role"": ""system"", ""content"": ""You are a knowledgeable assistant that answers questions about Spider-Man across comics, films, games and television. Answer accurately and concisely. If you are not sure, say so instead of guessing.""}, {""role"": ""user"", ""content"": ""Tell me about Aunt May.""}, {""role"": ""assistant"", ""content"": ""Aunt May is Peter Parker's aunt and one of the central family figures in his life.""}]","<|im_start|>system
You are a knowledgeable assistant that answers questions about Spider-Man across comics, films, games and television. Answer accurately and concisely. If you are not sure, say so instead of guessing.<|im_end|>
<|im_start|>user
Tell me about Aunt May.<|im_end|>
<|im_start|>assistant
Aunt May is Peter Parker's aunt and one of the central family figures in his life.<|im_end|>"
train,30,characters,Aunt May,researched_summary,Spider.csv,30,original,"You are a knowledgeable assistant that answers questions about Spider-Man across comics, films, games and television. Answer accurately and concisely. If you are not sure, say so instead of guessing.",Who is Aunt May?,Aunt May is Peter Parker's aunt and one of the central family figures in his life.,Aunt May is Peter Parker's aunt and one of the central family figures in his life.,"[{""role"": ""system"", ""content"": ""You are a knowledgeable assistant that answers questions about Spider-Man across comics, films, games and television. Answer accurately and concisely. If you are not sure, say so instead of guessing.""}, {""role"": ""user"", ""content"": ""Who is Aunt May?""}, {""role"": ""assistant"", ""content"": ""Aunt May is Peter Parker's aunt and one of the central family figures in his life.""}]","<|im_start|>system
You are a knowledgeable assistant that answers questions about Spider-Man across comics, films, games and television. Answer accurately and concisely. If you are not sure, say so instead of guessing.<|im_end|>
<|im_start|>user
Who is Aunt May?<|im_end|>
<|im_start|>assistant
Aunt May is Peter Parker's aunt and one of the central family figures in his life.<|im_end|>"
train,31,characters,Ganke Lee,researched_summary,Spider.csv,31,original,"You are a knowledgeable assistant that answers questions about Spider-Man across comics, films, games and television. Answer accurately and concisely. If you are not sure, say so instead of guessing.",Tell me about Ganke Lee.,Ganke Lee is Miles Morales's close friend and an important ally who helps him protect his secret identity in the comics.,Ganke Lee is Miles Morales's close friend and an important ally who helps him protect his secret identity in the comics.,"[{""role"": ""system"", ""content"": ""You are a knowledgeable assistant that answers questions about Spider-Man across comics, films, games and television. Answer accurately and concisely. If you are not sure, say so instead of guessing.""}, {""role"": ""user"", ""content"": ""Tell me about Ganke Lee.""}, {""role"": ""assistant"", ""content"": ""Ganke Lee is Miles Morales's close friend and an important ally who helps him protect his secret identity in the comics.""}]","<|im_start|>system
You are a knowledgeable assistant that answers questions about Spider-Man across comics, films, games and television. Answer accurately and concisely. If you are not sure, say so instead of guessing.<|im_end|>
<|im_start|>user
Tell me about Ganke Lee.<|im_end|>
<|im_start|>assistant
Ganke Lee is Miles Morales's close friend and an important ally who helps him protect his secret identity in the comics.<|im_end|>"
train,32,characters,Ganke Lee,researched_summary,Spider.csv,32,original,"You are a knowledgeable assistant that answers questions about Spider-Man across comics, films, games and television. Answer accurately and concisely. If you are not sure, say so instead of guessing.",Who is Ganke Lee?,Ganke Lee is Miles Morales's close friend and an important ally who helps him protect his secret identity in the comics.,Ganke Lee is Miles Morales's close friend and an important ally who helps him protect his secret identity in the comics.,"[{""role"": ""system"", ""content"": ""You are a knowledgeable assistant that answers questions about Spider-Man across comics, films, games and television. Answer accurately and concisely. If you are not sure, say so instead of guessing.""}, {""role"": ""user"", ""content"": ""Who is Ganke Lee?""}, {""role"": ""assistant"", ""content"": ""Ganke Lee is Miles Morales's close friend and an important ally who helps him protect his secret identity in the comics.""}]","<|im_start|>system
You are a knowledgeable assistant that answers questions about Spider-Man across comics, films, games and television. Answer accurately and concisely. If you are not sure, say so instead of guessing.<|im_end|>
<|im_start|>user
Who is Ganke Lee?<|im_end|>
<|im_start|>assistant
Ganke Lee is Miles Morales's close friend and an important ally who helps him protect his secret identity in the comics.<|im_end|>"
train,50,characters,Queens,model_knowledge,added_by_claude,50,original,"You are a knowledgeable assistant that answers questions about Spider-Man across comics, films, games and television. Answer accurately and concisely. If you are not sure, say so instead of guessing.",Where does Peter Parker live?,"Peter Parker is closely associated with Forest Hills in Queens, New York, where he grows up with Aunt May and Uncle Ben, and with New York City more broadly as Spider-Man.","Peter Parker is closely associated with Forest Hills in Queens, New York, where he grows up with Aunt May and Uncle Ben, and with New York City more broadly as Spider-Man.","[{""role"": ""system"", ""content"": ""You are a knowledgeable assistant that answers questions about Spider-Man across comics, films, games and television. Answer accurately and concisely. If you are not sure, say so instead of guessing.""}, {""role"": ""user"", ""content"": ""Where does Peter Parker live?""}, {""role"": ""assistant"", ""content"": ""Peter Parker is closely associated with Forest Hills in Queens, New York, where he grows up with Aunt May and Uncle Ben, and with New York City more broadly as Spider-Man.""}]","<|im_start|>system
You are a knowledgeable assistant that answers questions about Spider-Man across comics, films, games and television. Answer accurately and concisely. If you are not sure, say so instead of guessing.<|im_end|>
<|im_start|>user
Where does Peter Parker live?<|im_end|>
<|im_start|>assistant
Peter Parker is closely associated with Forest Hills in Queens, New York, where he grows up with Aunt May and Uncle Ben, and with New York City more broadly as Spider-Man.<|im_end|>"
train,124,comics,Spider-Man 2099,model_knowledge,added_by_claude,124,original,"You are a knowledgeable assistant that answers questions about Spider-Man across comics, films, games and television. Answer accurately and concisely. If you are not sure, say so instead of guessing.",Who is Spider-Man 2099?,"Spider-Man 2099 is Miguel O'Hara, a geneticist from a future Marvel timeline who first appeared in 1992 and has spider-based powers with his own distinct abilities such as talons and fangs.","Spider-Man 2099 is Miguel O'Hara, a geneticist from a future Marvel timeline who first appeared in 1992 and has spider-based powers with his own distinct abilities such as talons and fangs.","[{""role"": ""system"", ""content"": ""You are a knowledgeable assistant that answers questions about Spider-Man across comics, films, games and television. Answer accurately and concisely. If you are not sure, say so instead of guessing.""}, {""role"": ""user"", ""content"": ""Who is Spider-Man 2099?""}, {""role"": ""assistant"", ""content"": ""Spider-Man 2099 is Miguel O'Hara, a geneticist from a future Marvel timeline who first appeared in 1992 and has spider-based powers with his own distinct abilities such as talons and fangs.""}]","<|im_start|>system
You are a knowledgeable assistant that answers questions about Spider-Man across comics, films, games and television. Answer accurately and concisely. If you are not sure, say so instead of guessing.<|im_end|>
<|im_start|>user
Who is Spider-Man 2099?<|im_end|>
<|im_start|>assistant
Spider-Man 2099 is Miguel O'Hara, a geneticist from a future Marvel timeline who first appeared in 1992 and has spider-based powers with his own distinct abilities such as talons and fangs.<|im_end|>"
train,66,comics,,audit_dataset,spiderman_dataset_audit.csv,66,original,"You are a knowledgeable assistant that answers questions about Spider-Man across comics, films, games and television. Answer accurately and concisely. If you are not sure, say so instead of guessing.",What is Spider-Man's core comic-book theme?,Responsibility is one of Spider-Man's defining themes: Peter's powers are repeatedly connected to the idea that having power creates an obligation to help others.,Responsibility is one of Spider-Man's defining themes: Peter's powers are repeatedly connected to the idea that having power creates an obligation to help others.,"[{""role"": ""system"", ""content"": ""You are a knowledgeable assistant that answers questions about Spider-Man across comics, films, games and television. Answer accurately and concisely. If you are not sure, say so instead of guessing.""}, {""role"": ""user"", ""content"": ""What is Spider-Man's core comic-book theme?""}, {""role"": ""assistant"", ""content"": ""Responsibility is one of Spider-Man's defining themes: Peter's powers are repeatedly connected to the idea that having power creates an obligation to help others.""}]","<|im_start|>system
You are a knowledgeable assistant that answers questions about Spider-Man across comics, films, games and television. Answer accurately and concisely. If you are not sure, say so instead of guessing.<|im_end|>
<|im_start|>user
What is Spider-Man's core comic-book theme?<|im_end|>
<|im_start|>assistant
Responsibility is one of Spider-Man's defining themes: Peter's powers are repeatedly connected to the idea that having power creates an obligation to help others.<|im_end|>"
train,127,comics,Venom debut,model_knowledge,added_by_claude,127,original,"You are a knowledgeable assistant that answers questions about Spider-Man across comics, films, games and television. Answer accurately and concisely. If you are not sure, say so instead of guessing.",When did Venom first appear?,"The alien symbiote debuted as Spider-Man's black costume in The Amazing Spider-Man #252 in 1984, and Eddie Brock first appeared as Venom in The Amazing Spider-Man #300 in 1988.","The alien symbiote debuted as Spider-Man's black costume in The Amazing Spider-Man #252 in 1984, and Eddie Brock first appeared as Venom in The Amazing Spider-Man #300 in 1988.","[{""role"": ""system"", ""content"": ""You are a knowledgeable assistant that answers questions about Spider-Man across comics, films, games and television. Answer accurately and concisely. If you are not sure, say so instead of guessing.""}, {""role"": ""user"", ""content"": ""When did Venom first appear?""}, {""role"": ""assistant"", ""content"": ""The alien symbiote debuted as Spider-Man's black costume in The Amazing Spider-Man #252 in 1984, and Eddie Brock first appeared as Venom in The Amazing Spider-Man #300 in 1988.""}]","<|im_start|>system
You are a knowledgeable assistant that answers questions about Spider-Man across comics, films, games and television. Answer accurately and concisely. If you are not sure, say so instead of guessing.<|im_end|>
<|im_start|>user
When did Venom first appear?<|im_end|>
<|im_start|>assistant
The alien symbiote debuted as Spider-Man's black costume in The Amazing Spider-Man #252 in 1984, and Eddie Brock first appeared as Venom in The Amazing Spider-Man #300 in 1988.<|im_end|>"
train,65,comics,,audit_dataset,spiderman_dataset_audit.csv,65,original,"You are a knowledgeable assistant that answers questions about Spider-Man across comics, films, games and television. Answer accurately and concisely. If you are not sure, say so instead of guessing.",What is Peter Parker's main comic continuity?,"Peter Parker's primary Marvel Comics continuity is generally identified as Earth-616, although Spider-Man also appears in many alternate universes.","Peter Parker's primary Marvel Comics continuity is generally identified as Earth-616, although Spider-Man also appears in many alternate universes.","[{""role"": ""system"", ""content"": ""You are a knowledgeable assistant that answers questions about Spider-Man across comics, films, games and television. Answer accurately and concisely. If you are not sure, say so instead of guessing.""}, {""role"": ""user"", ""content"": ""What is Peter Parker's main comic continuity?""}, {""role"": ""assistant"", ""content"": ""Peter Parker's primary Marvel Comics continuity is generally identified as Earth-616, although Spider-Man also appears in many alternate universes.""}]","<|im_start|>system
You are a knowledgeable assistant that answers questions about Spider-Man across comics, films, games and television. Answer accurately and concisely. If you are not sure, say so instead of guessing.<|im_end|>
<|im_start|>user
What is Peter Parker's main comic continuity?<|im_end|>
<|im_start|>assistant
Peter Parker's primary Marvel Comics continuity is generally identified as Earth-616, although Spider-Man also appears in many alternate universes.<|im_end|>"
train,60,comics,,audit_dataset,spiderman_dataset_audit.csv,60,original,"You are a knowledgeable assistant that answers questions about Spider-Man across comics, films, games and television. Answer accurately and concisely. If you are not sure, say so instead of guessing.",What did Stan Lee contribute to Spider-Man?,Stan Lee wrote the first Spider-Man story and was the writer-editor credited alongside Steve Ditko for the character's creation.,Stan Lee wrote the first Spider-Man story and was the writer-editor credited alongside Steve Ditko for the character's creation.,"[{""role"": ""system"", ""content"": ""You are a knowledgeable assistant that answers questions about Spider-Man across comics, films, games and television. Answer accurately and concisely. If you are not sure, say so instead of guessing.""}, {""role"": ""user"", ""content"": ""What did Stan Lee contribute to Spider-Man?""}, {""role"": ""assistant"", ""content"": ""Stan Lee wrote the first Spider-Man story and was the writer-editor credited alongside Steve Ditko for the character's creation.""}]","<|im_start|>system
You are a knowledgeable assistant that answers questions about Spider-Man across comics, films, games and television. Answer accurately and concisely. If you are not sure, say so instead of guessing.<|im_end|>
<|im_start|>user
What did Stan Lee contribute to Spider-Man?<|im_end|>
<|im_start|>assistant
Stan Lee wrote the first Spider-Man story and was the writer-editor credited alongside Steve Ditko for the character's creation.<|im_end|>"
train,103,comics,,audit_dataset,spiderman_dataset_audit.csv,103,original,"You are a knowledgeable assistant that answers questions about Spider-Man across comics, films, games and television. Answer accurately and concisely. If you are not sure, say so instead of guessing.",Why is Amazing Fantasy #15 important?,Amazing Fantasy #15 is historically important because it contains Spider-Man's first published appearance and origin story.,Amazing Fantasy #15 is historically important because it contains Spider-Man's first published appearance and origin story.,"[{""role"": ""system"", ""content"": ""You are a knowledgeable assistant that answers questions about Spider-Man across comics, films, games and television. Answer accurately and concisely. If you are not sure, say so instead of guessing.""}, {""role"": ""user"", ""content"": ""Why is Amazing Fantasy #15 important?""}, {""role"": ""assistant"", ""content"": ""Amazing Fantasy #15 is historically important because it contains Spider-Man's first published appearance and origin story.""}]","<|im_start|>system
You are a knowledgeable assistant that answers questions about Spider-Man across comics, films, games and television. Answer accurately and concisely. If you are not sure, say so instead of guessing.<|im_end|>
<|im_start|>user
Why is Amazing Fantasy #15 important?<|im_end|>
<|im_start|>assistant
Amazing Fantasy #15 is historically important because it contains Spider-Man's first published appearance and origin story.<|im_end|>"
train,114,comics,Mary Jane debut,model_knowledge,added_by_claude,114,original,"You are a knowledgeable assistant that answers questions about Spider-Man across comics, films, games and television. Answer accurately and concisely. If you are not sure, say so instead of guessing.",When did Mary Jane Watson first fully appear?,Mary Jane Watson was referenced in earlier issues but her face was first shown in The Amazing Spider-Man #42 in 1966.,Mary Jane Watson was referenced in earlier issues but her face was first shown in The Amazing Spider-Man #42 in 1966.,"[{""role"": ""system"", ""content"": ""You are a knowledgeable assistant that answers questions about Spider-Man across comics, films, games and television. Answer accurately and concisely. If you are not sure, say so instead of guessing.""}, {""role"": ""user"", ""content"": ""When did Mary Jane Watson first fully appear?""}, {""role"": ""assistant"", ""content"": ""Mary Jane Watson was referenced in earlier issues but her face was first shown in The Amazing Spider-Man #42 in 1966.""}]","<|im_start|>system
You are a knowledgeable assistant that answers questions about Spider-Man across comics, films, games and television. Answer accurately and concisely. If you are not sure, say so instead of guessing.<|im_end|>
<|im_start|>user
When did Mary Jane Watson first fully appear?<|im_end|>
<|im_start|>assistant
Mary Jane Watson was referenced in earlier issues but her face was first shown in The Amazing Spider-Man #42 in 1966.<|im_end|>"
train,79,comics,,audit_dataset,spiderman_dataset_audit.csv,79,original,"You are a knowledgeable assistant that answers questions about Spider-Man across comics, films, games and television. Answer accurately and concisely. If you are not sure, say so instead of guessing.",What year did the Lizard first appear?,"The Lizard, associated with Dr. Curt Connors, first appeared in The Amazing Spider-Man #6 in 1963.","The Lizard, associated with Dr. Curt Connors, first appeared in The Amazing Spider-Man #6 in 1963.","[{""role"": ""system"", ""content"": ""You are a knowledgeable assistant that answers questions about Spider-Man across comics, films, games and television. Answer accurately and concisely. If you are not sure, say so instead of guessing.""}, {""role"": ""user"", ""content"": ""What year did the Lizard first appear?""}, {""role"": ""assistant"", ""content"": ""The Lizard, associated with Dr. Curt Connors, first appeared in The Amazing Spider-Man #6 in 1963.""}]","<|im_start|>system
You are a knowledgeable assistant that answers questions about Spider-Man across comics, films, games and television. Answer accurately and concisely. If you are not sure, say so instead of guessing.<|im_end|>
<|im_start|>user
What year did the Lizard first appear?<|im_end|>
<|im_start|>assistant
The Lizard, associated with Dr. Curt Connors, first appeared in The Amazing Spider-Man #6 in 1963.<|im_end|>"
train,91,comics,,audit_dataset,spiderman_dataset_audit.csv,91,original,"You are a knowledgeable assistant that answers questions about Spider-Man across comics, films, games and television. Answer accurately and concisely. If you are not sure, say so instead of guessing.",When did the Lizard first appear?,"The Lizard, associated with Dr. Curt Connors, first appeared in The Amazing Spider-Man #6 in 1963.","The Lizard, associated with Dr. Curt Connors, first appeared in The Amazing Spider-Man #6 in 1963.","[{""role"": ""system"", ""content"": ""You are a knowledgeable assistant that answers questions about Spider-Man across comics, films, games and television. Answer accurately and concisely. If you are not sure, say so instead of guessing.""}, {""role"": ""user"", ""content"": ""When did the Lizard first appear?""}, {""role"": ""assistant"", ""content"": ""The Lizard, associated with Dr. Curt Connors, first appeared in The Amazing Spider-Man #6 in 1963.""}]","<|im_start|>system
You are a knowledgeable assistant that answers questions about Spider-Man across comics, films, games and television. Answer accurately and concisely. If you are not sure, say so instead of guessing.<|im_end|>
<|im_start|>user
When did the Lizard first appear?<|im_end|>
<|im_start|>assistant
The Lizard, associated with Dr. Curt Connors, first appeared in The Amazing Spider-Man #6 in 1963.<|im_end|>"
train,106,comics,Anya Corazon,model_knowledge,added_by_claude,106,original,"You are a knowledgeable assistant that answers questions about Spider-Man across comics, films, games and television. Answer accurately and concisely. If you are not sure, say so instead of guessing.",Who is Anya Corazon?,Anya Corazon is a spider-powered hero who has operated as Arana and as Spider-Girl in Marvel Comics.,Anya Corazon is a spider-powered hero who has operated as Arana and as Spider-Girl in Marvel Comics.,"[{""role"": ""system"", ""content"": ""You are a knowledgeable assistant that answers questions about Spider-Man across comics, films, games and television. Answer accurately and concisely. If you are not sure, say so instead of guessing.""}, {""role"": ""user"", ""content"": ""Who is Anya Corazon?""}, {""role"": ""assistant"", ""content"": ""Anya Corazon is a spider-powered hero who has operated as Arana and as Spider-Girl in Marvel Comics.""}]","<|im_start|>system
You are a knowledgeable assistant that answers questions about Spider-Man across comics, films, games and television. Answer accurately and concisely. If you are not sure, say so instead of guessing.<|im_end|>
<|im_start|>user
Who is Anya Corazon?<|im_end|>
<|im_start|>assistant
Anya Corazon is a spider-powered hero who has operated as Arana and as Spider-Girl in Marvel Comics.<|im_end|>"
train,117,comics,Peter's parents,model_knowledge,added_by_claude,117,original,"You are a knowledgeable assistant that answers questions about Spider-Man across comics, films, games and television. Answer accurately and concisely. If you are not sure, say so instead of guessing.",Who were Peter Parker's parents?,"Peter Parker's parents were Richard and Mary Parker, who died when he was very young; in Marvel continuity they were later revealed to have worked as intelligence agents.","Peter Parker's parents were Richard and Mary Parker, who died when he was very young; in Marvel continuity they were later revealed to have worked as intelligence agents.","[{""role"": ""system"", ""content"": ""You are a knowledgeable assistant that answers questions about Spider-Man across comics, films, games and television. Answer accurately and concisely. If you are not sure, say so instead of guessing.""}, {""role"": ""user"", ""content"": ""Who were Peter Parker's parents?""}, {""role"": ""assistant"", ""content"": ""Peter Parker's parents were Richard and Mary Parker, who died when he was very young; in Marvel continuity they were later revealed to have worked as intelligence agents.""}]","<|im_start|>system
You are a knowledgeable assistant that answers questions about Spider-Man across comics, films, games and television. Answer accurately and concisely. If you are not sure, say so instead of guessing.<|im_end|>
<|im_start|>user
Who were Peter Parker's parents?<|im_end|>
<|im_start|>assistant
Peter Parker's parents were Richard and Mary Parker, who died when he was very young; in Marvel continuity they were later revealed to have worked as intelligence agents.<|im_end|>"
train,69,comics,,audit_dataset,spiderman_dataset_audit.csv,69,original,"You are a knowledgeable assistant that answers questions about Spider-Man across comics, films, games and television. Answer accurately and concisely. If you are not sure, say so instead of guessing.",What year did Doctor Octopus first appear?,"Doctor Octopus, Otto Octavius, first appeared in The Amazing Spider-Man #3 in 1963.","Doctor Octopus, Otto Octavius, first appeared in The Amazing Spider-Man #3 in 1963.","[{""role"": ""system"", ""content"": ""You are a knowledgeable assistant that answers questions about Spider-Man across comics, films, games and television. Answer accurately and concisely. If you are not sure, say so instead of guessing.""}, {""role"": ""user"", ""content"": ""What year did Doctor Octopus first appear?""}, {""role"": ""assistant"", ""content"": ""Doctor Octopus, Otto Octavius, first appeared in The Amazing Spider-Man #3 in 1963.""}]","<|im_start|>system
You are a knowledgeable assistant that answers questions about Spider-Man across comics, films, games and television. Answer accurately and concisely. If you are not sure, say so instead of guessing.<|im_end|>
<|im_start|>user
What year did Doctor Octopus first appear?<|im_end|>
<|im_start|>assistant
Doctor Octopus, Otto Octavius, first appeared in The Amazing Spider-Man #3 in 1963.<|im_end|>"
train,81,comics,,audit_dataset,spiderman_dataset_audit.csv,81,original,"You are a knowledgeable assistant that answers questions about Spider-Man across comics, films, games and television. Answer accurately and concisely. If you are not sure, say so instead of guessing.",When did Doctor Octopus first appear?,"Doctor Octopus, Otto Octavius, first appeared in The Amazing Spider-Man #3 in 1963.","Doctor Octopus, Otto Octavius, first appeared in The Amazing Spider-Man #3 in 1963.","[{""role"": ""system"", ""content"": ""You are a knowledgeable assistant that answers questions about Spider-Man across comics, films, games and television. Answer accurately and concisely. If you are not sure, say so instead of guessing.""}, {""role"": ""user"", ""content"": ""When did Doctor Octopus first appear?""}, {""role"": ""assistant"", ""content"": ""Doctor Octopus, Otto Octavius, first appeared in The Amazing Spider-Man #3 in 1963.""}]","<|im_start|>system
You are a knowledgeable assistant that answers questions about Spider-Man across comics, films, games and television. Answer accurately and concisely. If you are not sure, say so instead of guessing.<|im_end|>
<|im_start|>user
When did Doctor Octopus first appear?<|im_end|>
<|im_start|>assistant
Doctor Octopus, Otto Octavius, first appeared in The Amazing Spider-Man #3 in 1963.<|im_end|>"
train,59,comics,,audit_dataset,spiderman_dataset_audit.csv,59,original,"You are a knowledgeable assistant that answers questions about Spider-Man across comics, films, games and television. Answer accurately and concisely. If you are not sure, say so instead of guessing.",What comic introduced Spider-Man?,"Spider-Man was introduced in Amazing Fantasy #15, the final issue of that series' 1962 run.","Spider-Man was introduced in Amazing Fantasy #15, the final issue of that series' 1962 run.","[{""role"": ""system"", ""content"": ""You are a knowledgeable assistant that answers questions about Spider-Man across comics, films, games and television. Answer accurately and concisely. If you are not sure, say so instead of guessing.""}, {""role"": ""user"", ""content"": ""What comic introduced Spider-Man?""}, {""role"": ""assistant"", ""content"": ""Spider-Man was introduced in Amazing Fantasy #15, the final issue of that series' 1962 run.""}]","<|im_start|>system
You are a knowledgeable assistant that answers questions about Spider-Man across comics, films, games and television. Answer accurately and concisely. If you are not sure, say so instead of guessing.<|im_end|>
<|im_start|>user
What comic introduced Spider-Man?<|im_end|>
<|im_start|>assistant
Spider-Man was introduced in Amazing Fantasy #15, the final issue of that series' 1962 run.<|im_end|>"
train,92,comics,,audit_dataset,spiderman_dataset_audit.csv,92,original,"You are a knowledgeable assistant that answers questions about Spider-Man across comics, films, games and television. Answer accurately and concisely. If you are not sure, say so instead of guessing.",Which issue contains Spider-Man's first appearance?,"Spider-Man was introduced in Amazing Fantasy #15, the final issue of that series' 1962 run.","Spider-Man was introduced in Amazing Fantasy #15, the final issue of that series' 1962 run.","[{""role"": ""system"", ""content"": ""You are a knowledgeable assistant that answers questions about Spider-Man across comics, films, games and television. Answer accurately and concisely. If you are not sure, say so instead of guessing.""}, {""role"": ""user"", ""content"": ""Which issue contains Spider-Man's first appearance?""}, {""role"": ""assistant"", ""content"": ""Spider-Man was introduced in Amazing Fantasy #15, the final issue of that series' 1962 run.""}]","<|im_start|>system
You are a knowledgeable assistant that answers questions about Spider-Man across comics, films, games and television. Answer accurately and concisely. If you are not sure, say so instead of guessing.<|im_end|>
<|im_start|>user
Which issue contains Spider-Man's first appearance?<|im_end|>
<|im_start|>assistant
Spider-Man was introduced in Amazing Fantasy #15, the final issue of that series' 1962 run.<|im_end|>"
train,115,comics,Mayday Parker,model_knowledge,added_by_claude,115,original,"You are a knowledgeable assistant that answers questions about Spider-Man across comics, films, games and television. Answer accurately and concisely. If you are not sure, say so instead of guessing.",Who is Mayday Parker?,"May 'Mayday' Parker is the daughter of Peter Parker and Mary Jane in the alternate MC2 universe, where she becomes Spider-Girl.","May 'Mayday' Parker is the daughter of Peter Parker and Mary Jane in the alternate MC2 universe, where she becomes Spider-Girl.","[{""role"": ""system"", ""content"": ""You are a knowledgeable assistant that answers questions about Spider-Man across comics, films, games and television. Answer accurately and concisely. If you are not sure, say so instead of guessing.""}, {""role"": ""user"", ""content"": ""Who is Mayday Parker?""}, {""role"": ""assistant"", ""content"": ""May 'Mayday' Parker is the daughter of Peter Parker and Mary Jane in the alternate MC2 universe, where she becomes Spider-Girl.""}]","<|im_start|>system
You are a knowledgeable assistant that answers questions about Spider-Man across comics, films, games and television. Answer accurately and concisely. If you are not sure, say so instead of guessing.<|im_end|>
<|im_start|>user
Who is Mayday Parker?<|im_end|>
<|im_start|>assistant
May 'Mayday' Parker is the daughter of Peter Parker and Mary Jane in the alternate MC2 universe, where she becomes Spider-Girl.<|im_end|>"
train,105,comics,,audit_dataset,spiderman_dataset_audit.csv,105,original,"You are a knowledgeable assistant that answers questions about Spider-Man across comics, films, games and television. Answer accurately and concisely. If you are not sure, say so instead of guessing.",Why was Spider-Man different from many earlier superheroes?,"Spider-Man was presented as a teenager dealing with school, money, family and social problems while also being a superhero, rather than simply functioning as an adult hero's sidekick.","Spider-Man was presented as a teenager dealing with school, money, family and social problems while also being a superhero, rather than simply functioning as an adult hero's sidekick.","[{""role"": ""system"", ""content"": ""You are a knowledgeable assistant that answers questions about Spider-Man across comics, films, games and television. Answer accurately and concisely. If you are not sure, say so instead of guessing.""}, {""role"": ""user"", ""content"": ""Why was Spider-Man different from many earlier superheroes?""}, {""role"": ""assistant"", ""content"": ""Spider-Man was presented as a teenager dealing with school, money, family and social problems while also being a superhero, rather than simply functioning as an adult hero's sidekick.""}]","<|im_start|>system
You are a knowledgeable assistant that answers questions about Spider-Man across comics, films, games and television. Answer accurately and concisely. If you are not sure, say so instead of guessing.<|im_end|>
<|im_start|>user
Why was Spider-Man different from many earlier superheroes?<|im_end|>
<|im_start|>assistant
Spider-Man was presented as a teenager dealing with school, money, family and social problems while also being a superhero, rather than simply functioning as an adult hero's sidekick.<|im_end|>"
train,98,comics,,audit_dataset,spiderman_dataset_audit.csv,98,original,"You are a knowledgeable assistant that answers questions about Spider-Man across comics, films, games and television. Answer accurately and concisely. If you are not sure, say so instead of guessing.",Who is Morbius?,"Morbius, Michael Morbius, is a scientifically created living vampire who has appeared as both an antagonist and an uneasy ally in Spider-Man-related stories.","Morbius, Michael Morbius, is a scientifically created living vampire who has appeared as both an antagonist and an uneasy ally in Spider-Man-related stories.","[{""role"": ""system"", ""content"": ""You are a knowledgeable assistant that answers questions about Spider-Man across comics, films, games and television. Answer accurately and concisely. If you are not sure, say so instead of guessing.""}, {""role"": ""user"", ""content"": ""Who is Morbius?""}, {""role"": ""assistant"", ""content"": ""Morbius, Michael Morbius, is a scientifically created living vampire who has appeared as both an antagonist and an uneasy ally in Spider-Man-related stories.""}]","<|im_start|>system
You are a knowledgeable assistant that answers questions about Spider-Man across comics, films, games and television. Answer accurately and concisely. If you are not sure, say so instead of guessing.<|im_end|>
<|im_start|>user
Who is Morbius?<|im_end|>
<|im_start|>assistant
Morbius, Michael Morbius, is a scientifically created living vampire who has appeared as both an antagonist and an uneasy ally in Spider-Man-related stories.<|im_end|>"
train,58,comics,,audit_dataset,spiderman_dataset_audit.csv,58,original,"You are a knowledgeable assistant that answers questions about Spider-Man across comics, films, games and television. Answer accurately and concisely. If you are not sure, say so instead of guessing.",What comic information should a Spider-Man fine-tuning dataset contain?,"A strong comic dataset should include publication history, creators, first appearances, character biographies, powers, relationships, villains, allies, major story arcs, alternate universes and continuity distinctions.","A strong comic dataset should include publication history, creators, first appearances, character biographies, powers, relationships, villains, allies, major story arcs, alternate universes and continuity distinctions.","[{""role"": ""system"", ""content"": ""You are a knowledgeable assistant that answers questions about Spider-Man across comics, films, games and television. Answer accurately and concisely. If you are not sure, say so instead of guessing.""}, {""role"": ""user"", ""content"": ""What comic information should a Spider-Man fine-tuning dataset contain?""}, {""role"": ""assistant"", ""content"": ""A strong comic dataset should include publication history, creators, first appearances, character biographies, powers, relationships, villains, allies, major story arcs, alternate universes and continuity distinctions.""}]","<|im_start|>system
You are a knowledgeable assistant that answers questions about Spider-Man across comics, films, games and television. Answer accurately and concisely. If you are not sure, say so instead of guessing.<|im_end|>
<|im_start|>user
What comic information should a Spider-Man fine-tuning dataset contain?<|im_end|>
<|im_start|>assistant
A strong comic dataset should include publication history, creators, first appearances, character biographies, powers, relationships, villains, allies, major story arcs, alternate universes and continuity distinctions.<|im_end|>"
train,61,comics,,audit_dataset,spiderman_dataset_audit.csv,61,original,"You are a knowledgeable assistant that answers questions about Spider-Man across comics, films, games and television. Answer accurately and concisely. If you are not sure, say so instead of guessing.",What did Steve Ditko contribute to Spider-Man?,Steve Ditko was the artist and penciller associated with Spider-Man's creation and first appearance and was a major creative force in the character's early comic run.,Steve Ditko was the artist and penciller associated with Spider-Man's creation and first appearance and was a major creative force in the character's early comic run.,"[{""role"": ""system"", ""content"": ""You are a knowledgeable assistant that answers questions about Spider-Man across comics, films, games and television. Answer accurately and concisely. If you are not sure, say so instead of guessing.""}, {""role"": ""user"", ""content"": ""What did Steve Ditko contribute to Spider-Man?""}, {""role"": ""assistant"", ""content"": ""Steve Ditko was the artist and penciller associated with Spider-Man's creation and first appearance and was a major creative force in the character's early comic run.""}]","<|im_start|>system
You are a knowledgeable assistant that answers questions about Spider-Man across comics, films, games and television. Answer accurately and concisely. If you are not sure, say so instead of guessing.<|im_end|>
<|im_start|>user
What did Steve Ditko contribute to Spider-Man?<|im_end|>
<|im_start|>assistant
Steve Ditko was the artist and penciller associated with Spider-Man's creation and first appearance and was a major creative force in the character's early comic run.<|im_end|>"
train,55,comics,,audit_dataset,spiderman_dataset_audit.csv,55,original,"You are a knowledgeable assistant that answers questions about Spider-Man across comics, films, games and television. Answer accurately and concisely. If you are not sure, say so instead of guessing.",How does Mysterio fight Spider-Man?,"Mysterio typically relies on illusions, deception, technology and psychological manipulation rather than raw superhuman strength.","Mysterio typically relies on illusions, deception, technology and psychological manipulation rather than raw superhuman strength.","[{""role"": ""system"", ""content"": ""You are a knowledgeable assistant that answers questions about Spider-Man across comics, films, games and television. Answer accurately and concisely. If you are not sure, say so instead of guessing.""}, {""role"": ""user"", ""content"": ""How does Mysterio fight Spider-Man?""}, {""role"": ""assistant"", ""content"": ""Mysterio typically relies on illusions, deception, technology and psychological manipulation rather than raw superhuman strength.""}]","<|im_start|>system
You are a knowledgeable assistant that answers questions about Spider-Man across comics, films, games and television. Answer accurately and concisely. If you are not sure, say so instead of guessing.<|im_end|>
<|im_start|>user
How does Mysterio fight Spider-Man?<|im_end|>
<|im_start|>assistant
Mysterio typically relies on illusions, deception, technology and psychological manipulation rather than raw superhuman strength.<|im_end|>"
train,119,comics,Punisher debut,model_knowledge,added_by_claude,119,original,"You are a knowledgeable assistant that answers questions about Spider-Man across comics, films, games and television. Answer accurately and concisely. If you are not sure, say so instead of guessing.",Where did the Punisher first appear?,"The Punisher, Frank Castle, made his first appearance in The Amazing Spider-Man #129 in 1974, initially as an antagonist hired to hunt Spider-Man.","The Punisher, Frank Castle, made his first appearance in The Amazing Spider-Man #129 in 1974, initially as an antagonist hired to hunt Spider-Man.","[{""role"": ""system"", ""content"": ""You are a knowledgeable assistant that answers questions about Spider-Man across comics, films, games and television. Answer accurately and concisely. If you are not sure, say so instead of guessing.""}, {""role"": ""user"", ""content"": ""Where did the Punisher first appear?""}, {""role"": ""assistant"", ""content"": ""The Punisher, Frank Castle, made his first appearance in The Amazing Spider-Man #129 in 1974, initially as an antagonist hired to hunt Spider-Man.""}]","<|im_start|>system
You are a knowledgeable assistant that answers questions about Spider-Man across comics, films, games and television. Answer accurately and concisely. If you are not sure, say so instead of guessing.<|im_end|>
<|im_start|>user
Where did the Punisher first appear?<|im_end|>
<|im_start|>assistant
The Punisher, Frank Castle, made his first appearance in The Amazing Spider-Man #129 in 1974, initially as an antagonist hired to hunt Spider-Man.<|im_end|>"
train,112,comics,Kraven debut,model_knowledge,added_by_claude,112,original,"You are a knowledgeable assistant that answers questions about Spider-Man across comics, films, games and television. Answer accurately and concisely. If you are not sure, say so instead of guessing.",When did Kraven the Hunter first appear?,"Kraven the Hunter, Sergei Kravinoff, first appeared in The Amazing Spider-Man #15 in 1964.","Kraven the Hunter, Sergei Kravinoff, first appeared in The Amazing Spider-Man #15 in 1964.","[{""role"": ""system"", ""content"": ""You are a knowledgeable assistant that answers questions about Spider-Man across comics, films, games and television. Answer accurately and concisely. If you are not sure, say so instead of guessing.""}, {""role"": ""user"", ""content"": ""When did Kraven the Hunter first appear?""}, {""role"": ""assistant"", ""content"": ""Kraven the Hunter, Sergei Kravinoff, first appeared in The Amazing Spider-Man #15 in 1964.""}]","<|im_start|>system
You are a knowledgeable assistant that answers questions about Spider-Man across comics, films, games and television. Answer accurately and concisely. If you are not sure, say so instead of guessing.<|im_end|>
<|im_start|>user
When did Kraven the Hunter first appear?<|im_end|>
<|im_start|>assistant
Kraven the Hunter, Sergei Kravinoff, first appeared in The Amazing Spider-Man #15 in 1964.<|im_end|>"
train,57,comics,,audit_dataset,spiderman_dataset_audit.csv,57,original,"You are a knowledgeable assistant that answers questions about Spider-Man across comics, films, games and television. Answer accurately and concisely. If you are not sure, say so instead of guessing.",Is Spider-Man only Peter Parker in the comics?,"No. Peter Parker is the primary Spider-Man, but other characters including Miles Morales have carried the Spider-Man identity in different continuities.","No. Peter Parker is the primary Spider-Man, but other characters including Miles Morales have carried the Spider-Man identity in different continuities.","[{""role"": ""system"", ""content"": ""You are a knowledgeable assistant that answers questions about Spider-Man across comics, films, games and television. Answer accurately and concisely. If you are not sure, say so instead of guessing.""}, {""role"": ""user"", ""content"": ""Is Spider-Man only Peter Parker in the comics?""}, {""role"": ""assistant"", ""content"": ""No. Peter Parker is the primary Spider-Man, but other characters including Miles Morales have carried the Spider-Man identity in different continuities.""}]","<|im_start|>system
You are a knowledgeable assistant that answers questions about Spider-Man across comics, films, games and television. Answer accurately and concisely. If you are not sure, say so instead of guessing.<|im_end|>
<|im_start|>user
Is Spider-Man only Peter Parker in the comics?<|im_end|>
<|im_start|>assistant
No. Peter Parker is the primary Spider-Man, but other characters including Miles Morales have carried the Spider-Man identity in different continuities.<|im_end|>"
train,56,comics,,audit_dataset,spiderman_dataset_audit.csv,56,original,"You are a knowledgeable assistant that answers questions about Spider-Man across comics, films, games and television. Answer accurately and concisely. If you are not sure, say so instead of guessing.",Is Kingpin a Spider-Man villain?,"Yes. Wilson Fisk, the Kingpin, is a major crime boss who has repeatedly opposed Spider-Man and other New York heroes.","Yes. Wilson Fisk, the Kingpin, is a major crime boss who has repeatedly opposed Spider-Man and other New York heroes.","[{""role"": ""system"", ""content"": ""You are a knowledgeable assistant that answers questions about Spider-Man across comics, films, games and television. Answer accurately and concisely. If you are not sure, say so instead of guessing.""}, {""role"": ""user"", ""content"": ""Is Kingpin a Spider-Man villain?""}, {""role"": ""assistant"", ""content"": ""Yes. Wilson Fisk, the Kingpin, is a major crime boss who has repeatedly opposed Spider-Man and other New York heroes.""}]","<|im_start|>system
You are a knowledgeable assistant that answers questions about Spider-Man across comics, films, games and television. Answer accurately and concisely. If you are not sure, say so instead of guessing.<|im_end|>
<|im_start|>user
Is Kingpin a Spider-Man villain?<|im_end|>
<|im_start|>assistant
Yes. Wilson Fisk, the Kingpin, is a major crime boss who has repeatedly opposed Spider-Man and other New York heroes.<|im_end|>"
train,116,comics,Mysterio debut,model_knowledge,added_by_claude,116,original,"You are a knowledgeable assistant that answers questions about Spider-Man across comics, films, games and television. Answer accurately and concisely. If you are not sure, say so instead of guessing.",When did Mysterio first appear?,"Mysterio, Quentin Beck, first appeared in The Amazing Spider-Man #13 in 1964.","Mysterio, Quentin Beck, first appeared in The Amazing Spider-Man #13 in 1964.","[{""role"": ""system"", ""content"": ""You are a knowledgeable assistant that answers questions about Spider-Man across comics, films, games and television. Answer accurately and concisely. If you are not sure, say so instead of guessing.""}, {""role"": ""user"", ""content"": ""When did Mysterio first appear?""}, {""role"": ""assistant"", ""content"": ""Mysterio, Quentin Beck, first appeared in The Amazing Spider-Man #13 in 1964.""}]","<|im_start|>system
You are a knowledgeable assistant that answers questions about Spider-Man across comics, films, games and television. Answer accurately and concisely. If you are not sure, say so instead of guessing.<|im_end|>
<|im_start|>user
When did Mysterio first appear?<|im_end|>
<|im_start|>assistant
Mysterio, Quentin Beck, first appeared in The Amazing Spider-Man #13 in 1964.<|im_end|>"
train,101,comics,,audit_dataset,spiderman_dataset_audit.csv,101,original,"You are a knowledgeable assistant that answers questions about Spider-Man across comics, films, games and television. Answer accurately and concisely. If you are not sure, say so instead of guessing.",Who was Spider-Man's first major comic villain?,"The Chameleon is the first costumed supervillain Spider-Man fights in The Amazing Spider-Man #1, following his origin in Amazing Fantasy #15.","The Chameleon is the first costumed supervillain Spider-Man fights in The Amazing Spider-Man #1, following his origin in Amazing Fantasy #15.","[{""role"": ""system"", ""content"": ""You are a knowledgeable assistant that answers questions about Spider-Man across comics, films, games and television. Answer accurately and concisely. If you are not sure, say so instead of guessing.""}, {""role"": ""user"", ""content"": ""Who was Spider-Man's first major comic villain?""}, {""role"": ""assistant"", ""content"": ""The Chameleon is the first costumed supervillain Spider-Man fights in The Amazing Spider-Man #1, following his origin in Amazing Fantasy #15.""}]","<|im_start|>system
You are a knowledgeable assistant that answers questions about Spider-Man across comics, films, games and television. Answer accurately and concisely. If you are not sure, say so instead of guessing.<|im_end|>
<|im_start|>user
Who was Spider-Man's first major comic villain?<|im_end|>
<|im_start|>assistant
The Chameleon is the first costumed supervillain Spider-Man fights in The Amazing Spider-Man #1, following his origin in Amazing Fantasy #15.<|im_end|>"
train,71,comics,,audit_dataset,spiderman_dataset_audit.csv,71,original,"You are a knowledgeable assistant that answers questions about Spider-Man across comics, films, games and television. Answer accurately and concisely. If you are not sure, say so instead of guessing.",What year did Flash Thompson first appear?,Flash Thompson was introduced in Amazing Fantasy #15 as one of Peter Parker's classmates and a source of conflict in Peter's early life.,Flash Thompson was introduced in Amazing Fantasy #15 as one of Peter Parker's classmates and a source of conflict in Peter's early life.,"[{""role"": ""system"", ""content"": ""You are a knowledgeable assistant that answers questions about Spider-Man across comics, films, games and television. Answer accurately and concisely. If you are not sure, say so instead of guessing.""}, {""role"": ""user"", ""content"": ""What year did Flash Thompson first appear?""}, {""role"": ""assistant"", ""content"": ""Flash Thompson was introduced in Amazing Fantasy #15 as one of Peter Parker's classmates and a source of conflict in Peter's early life.""}]","<|im_start|>system
You are a knowledgeable assistant that answers questions about Spider-Man across comics, films, games and television. Answer accurately and concisely. If you are not sure, say so instead of guessing.<|im_end|>
<|im_start|>user
What year did Flash Thompson first appear?<|im_end|>
<|im_start|>assistant
Flash Thompson was introduced in Amazing Fantasy #15 as one of Peter Parker's classmates and a source of conflict in Peter's early life.<|im_end|>"
train,83,comics,,audit_dataset,spiderman_dataset_audit.csv,83,original,"You are a knowledgeable assistant that answers questions about Spider-Man across comics, films, games and television. Answer accurately and concisely. If you are not sure, say so instead of guessing.",When did Flash Thompson first appear?,Flash Thompson was introduced in Amazing Fantasy #15 as one of Peter Parker's classmates and a source of conflict in Peter's early life.,Flash Thompson was introduced in Amazing Fantasy #15 as one of Peter Parker's classmates and a source of conflict in Peter's early life.,"[{""role"": ""system"", ""content"": ""You are a knowledgeable assistant that answers questions about Spider-Man across comics, films, games and television. Answer accurately and concisely. If you are not sure, say so instead of guessing.""}, {""role"": ""user"", ""content"": ""When did Flash Thompson first appear?""}, {""role"": ""assistant"", ""content"": ""Flash Thompson was introduced in Amazing Fantasy #15 as one of Peter Parker's classmates and a source of conflict in Peter's early life.""}]","<|im_start|>system
You are a knowledgeable assistant that answers questions about Spider-Man across comics, films, games and television. Answer accurately and concisely. If you are not sure, say so instead of guessing.<|im_end|>
<|im_start|>user
When did Flash Thompson first appear?<|im_end|>
<|im_start|>assistant
Flash Thompson was introduced in Amazing Fantasy #15 as one of Peter Parker's classmates and a source of conflict in Peter's early life.<|im_end|>"
train,123,comics,Spider-Ham,model_knowledge,added_by_claude,123,original,"You are a knowledgeable assistant that answers questions about Spider-Man across comics, films, games and television. Answer accurately and concisely. If you are not sure, say so instead of guessing.",Who is Spider-Ham?,"Spider-Ham is Peter Porker, a comedic anthropomorphic-animal version of Spider-Man from an alternate Marvel reality.","Spider-Ham is Peter Porker, a comedic anthropomorphic-animal version of Spider-Man from an alternate Marvel reality.","[{""role"": ""system"", ""content"": ""You are a knowledgeable assistant that answers questions about Spider-Man across comics, films, games and television. Answer accurately and concisely. If you are not sure, say so instead of guessing.""}, {""role"": ""user"", ""content"": ""Who is Spider-Ham?""}, {""role"": ""assistant"", ""content"": ""Spider-Ham is Peter Porker, a comedic anthropomorphic-animal version of Spider-Man from an alternate Marvel reality.""}]","<|im_start|>system
You are a knowledgeable assistant that answers questions about Spider-Man across comics, films, games and television. Answer accurately and concisely. If you are not sure, say so instead of guessing.<|im_end|>
<|im_start|>user
Who is Spider-Ham?<|im_end|>
<|im_start|>assistant
Spider-Ham is Peter Porker, a comedic anthropomorphic-animal version of Spider-Man from an alternate Marvel reality.<|im_end|>"
train,111,comics,Hobgoblin debut,model_knowledge,added_by_claude,111,original,"You are a knowledgeable assistant that answers questions about Spider-Man across comics, films, games and television. Answer accurately and concisely. If you are not sure, say so instead of guessing.",When did the Hobgoblin first appear?,The Hobgoblin first appeared in The Amazing Spider-Man #238 in 1983.,The Hobgoblin first appeared in The Amazing Spider-Man #238 in 1983.,"[{""role"": ""system"", ""content"": ""You are a knowledgeable assistant that answers questions about Spider-Man across comics, films, games and television. Answer accurately and concisely. If you are not sure, say so instead of guessing.""}, {""role"": ""user"", ""content"": ""When did the Hobgoblin first appear?""}, {""role"": ""assistant"", ""content"": ""The Hobgoblin first appeared in The Amazing Spider-Man #238 in 1983.""}]","<|im_start|>system
You are a knowledgeable assistant that answers questions about Spider-Man across comics, films, games and television. Answer accurately and concisely. If you are not sure, say so instead of guessing.<|im_end|>
<|im_start|>user
When did the Hobgoblin first appear?<|im_end|>
<|im_start|>assistant
The Hobgoblin first appeared in The Amazing Spider-Man #238 in 1983.<|im_end|>"
train,75,comics,,audit_dataset,spiderman_dataset_audit.csv,75,original,"You are a knowledgeable assistant that answers questions about Spider-Man across comics, films, games and television. Answer accurately and concisely. If you are not sure, say so instead of guessing.",What year did Spider-Man make his comic debut?,"Spider-Man first appeared in Amazing Fantasy #15, published in August 1962.","Spider-Man first appeared in Amazing Fantasy #15, published in August 1962.","[{""role"": ""system"", ""content"": ""You are a knowledgeable assistant that answers questions about Spider-Man across comics, films, games and television. Answer accurately and concisely. If you are not sure, say so instead of guessing.""}, {""role"": ""user"", ""content"": ""What year did Spider-Man make his comic debut?""}, {""role"": ""assistant"", ""content"": ""Spider-Man first appeared in Amazing Fantasy #15, published in August 1962.""}]","<|im_start|>system
You are a knowledgeable assistant that answers questions about Spider-Man across comics, films, games and television. Answer accurately and concisely. If you are not sure, say so instead of guessing.<|im_end|>
<|im_start|>user
What year did Spider-Man make his comic debut?<|im_end|>
<|im_start|>assistant
Spider-Man first appeared in Amazing Fantasy #15, published in August 1962.<|im_end|>"
train,87,comics,,audit_dataset,spiderman_dataset_audit.csv,87,original,"You are a knowledgeable assistant that answers questions about Spider-Man across comics, films, games and television. Answer accurately and concisely. If you are not sure, say so instead of guessing.",When did Spider-Man first appear?,"Spider-Man first appeared in Amazing Fantasy #15, published in August 1962.","Spider-Man first appeared in Amazing Fantasy #15, published in August 1962.","[{""role"": ""system"", ""content"": ""You are a knowledgeable assistant that answers questions about Spider-Man across comics, films, games and television. Answer accurately and concisely. If you are not sure, say so instead of guessing.""}, {""role"": ""user"", ""content"": ""When did Spider-Man first appear?""}, {""role"": ""assistant"", ""content"": ""Spider-Man first appeared in Amazing Fantasy #15, published in August 1962.""}]","<|im_start|>system
You are a knowledgeable assistant that answers questions about Spider-Man across comics, films, games and television. Answer accurately and concisely. If you are not sure, say so instead of guessing.<|im_end|>
<|im_start|>user
When did Spider-Man first appear?<|im_end|>
<|im_start|>assistant
Spider-Man first appeared in Amazing Fantasy #15, published in August 1962.<|im_end|>"
train,74,comics,,audit_dataset,spiderman_dataset_audit.csv,74,original,"You are a knowledgeable assistant that answers questions about Spider-Man across comics, films, games and television. Answer accurately and concisely. If you are not sure, say so instead of guessing.",What year did Sandman first appear?,"Sandman, Flint Marko, first appeared in The Amazing Spider-Man #4 in 1963.","Sandman, Flint Marko, first appeared in The Amazing Spider-Man #4 in 1963.","[{""role"": ""system"", ""content"": ""You are a knowledgeable assistant that answers questions about Spider-Man across comics, films, games and television. Answer accurately and concisely. If you are not sure, say so instead of guessing.""}, {""role"": ""user"", ""content"": ""What year did Sandman first appear?""}, {""role"": ""assistant"", ""content"": ""Sandman, Flint Marko, first appeared in The Amazing Spider-Man #4 in 1963.""}]","<|im_start|>system
You are a knowledgeable assistant that answers questions about Spider-Man across comics, films, games and television. Answer accurately and concisely. If you are not sure, say so instead of guessing.<|im_end|>
<|im_start|>user
What year did Sandman first appear?<|im_end|>
<|im_start|>assistant
Sandman, Flint Marko, first appeared in The Amazing Spider-Man #4 in 1963.<|im_end|>"
train,86,comics,,audit_dataset,spiderman_dataset_audit.csv,86,original,"You are a knowledgeable assistant that answers questions about Spider-Man across comics, films, games and television. Answer accurately and concisely. If you are not sure, say so instead of guessing.",When did Sandman first appear?,"Sandman, Flint Marko, first appeared in The Amazing Spider-Man #4 in 1963.","Sandman, Flint Marko, first appeared in The Amazing Spider-Man #4 in 1963.","[{""role"": ""system"", ""content"": ""You are a knowledgeable assistant that answers questions about Spider-Man across comics, films, games and television. Answer accurately and concisely. If you are not sure, say so instead of guessing.""}, {""role"": ""user"", ""content"": ""When did Sandman first appear?""}, {""role"": ""assistant"", ""content"": ""Sandman, Flint Marko, first appeared in The Amazing Spider-Man #4 in 1963.""}]","<|im_start|>system
You are a knowledgeable assistant that answers questions about Spider-Man across comics, films, games and television. Answer accurately and concisely. If you are not sure, say so instead of guessing.<|im_end|>
<|im_start|>user
When did Sandman first appear?<|im_end|>
<|im_start|>assistant
Sandman, Flint Marko, first appeared in The Amazing Spider-Man #4 in 1963.<|im_end|>"
train,120,comics,Rhino debut,model_knowledge,added_by_claude,120,original,"You are a knowledgeable assistant that answers questions about Spider-Man across comics, films, games and television. Answer accurately and concisely. If you are not sure, say so instead of guessing.",When did the Rhino first appear?,"The Rhino, Aleksei Sytsevich, first appeared in The Amazing Spider-Man #41 in 1966.","The Rhino, Aleksei Sytsevich, first appeared in The Amazing Spider-Man #41 in 1966.","[{""role"": ""system"", ""content"": ""You are a knowledgeable assistant that answers questions about Spider-Man across comics, films, games and television. Answer accurately and concisely. If you are not sure, say so instead of guessing.""}, {""role"": ""user"", ""content"": ""When did the Rhino first appear?""}, {""role"": ""assistant"", ""content"": ""The Rhino, Aleksei Sytsevich, first appeared in The Amazing Spider-Man #41 in 1966.""}]","<|im_start|>system
You are a knowledgeable assistant that answers questions about Spider-Man across comics, films, games and television. Answer accurately and concisely. If you are not sure, say so instead of guessing.<|im_end|>
<|im_start|>user
When did the Rhino first appear?<|im_end|>
<|im_start|>assistant
The Rhino, Aleksei Sytsevich, first appeared in The Amazing Spider-Man #41 in 1966.<|im_end|>"
train,109,comics,Gwen Stacy debut,model_knowledge,added_by_claude,109,original,"You are a knowledgeable assistant that answers questions about Spider-Man across comics, films, games and television. Answer accurately and concisely. If you are not sure, say so instead of guessing.",When did Gwen Stacy first appear?,"Gwen Stacy first appeared in The Amazing Spider-Man #31 in 1965, introduced alongside Harry Osborn during Peter Parker's college years.","Gwen Stacy first appeared in The Amazing Spider-Man #31 in 1965, introduced alongside Harry Osborn during Peter Parker's college years.","[{""role"": ""system"", ""content"": ""You are a knowledgeable assistant that answers questions about Spider-Man across comics, films, games and television. Answer accurately and concisely. If you are not sure, say so instead of guessing.""}, {""role"": ""user"", ""content"": ""When did Gwen Stacy first appear?""}, {""role"": ""assistant"", ""content"": ""Gwen Stacy first appeared in The Amazing Spider-Man #31 in 1965, introduced alongside Harry Osborn during Peter Parker's college years.""}]","<|im_start|>system
You are a knowledgeable assistant that answers questions about Spider-Man across comics, films, games and television. Answer accurately and concisely. If you are not sure, say so instead of guessing.<|im_end|>
<|im_start|>user
When did Gwen Stacy first appear?<|im_end|>
<|im_start|>assistant
Gwen Stacy first appeared in The Amazing Spider-Man #31 in 1965, introduced alongside Harry Osborn during Peter Parker's college years.<|im_end|>"
train,78,comics,,audit_dataset,spiderman_dataset_audit.csv,78,original,"You are a knowledgeable assistant that answers questions about Spider-Man across comics, films, games and television. Answer accurately and concisely. If you are not sure, say so instead of guessing.",What year did the Green Goblin first appear?,The Green Goblin first appeared in The Amazing Spider-Man #14 in 1964.,The Green Goblin first appeared in The Amazing Spider-Man #14 in 1964.,"[{""role"": ""system"", ""content"": ""You are a knowledgeable assistant that answers questions about Spider-Man across comics, films, games and television. Answer accurately and concisely. If you are not sure, say so instead of guessing.""}, {""role"": ""user"", ""content"": ""What year did the Green Goblin first appear?""}, {""role"": ""assistant"", ""content"": ""The Green Goblin first appeared in The Amazing Spider-Man #14 in 1964.""}]","<|im_start|>system
You are a knowledgeable assistant that answers questions about Spider-Man across comics, films, games and television. Answer accurately and concisely. If you are not sure, say so instead of guessing.<|im_end|>
<|im_start|>user
What year did the Green Goblin first appear?<|im_end|>
<|im_start|>assistant
The Green Goblin first appeared in The Amazing Spider-Man #14 in 1964.<|im_end|>"
train,90,comics,,audit_dataset,spiderman_dataset_audit.csv,90,original,"You are a knowledgeable assistant that answers questions about Spider-Man across comics, films, games and television. Answer accurately and concisely. If you are not sure, say so instead of guessing.",When did the Green Goblin first appear?,The Green Goblin first appeared in The Amazing Spider-Man #14 in 1964.,The Green Goblin first appeared in The Amazing Spider-Man #14 in 1964.,"[{""role"": ""system"", ""content"": ""You are a knowledgeable assistant that answers questions about Spider-Man across comics, films, games and television. Answer accurately and concisely. If you are not sure, say so instead of guessing.""}, {""role"": ""user"", ""content"": ""When did the Green Goblin first appear?""}, {""role"": ""assistant"", ""content"": ""The Green Goblin first appeared in The Amazing Spider-Man #14 in 1964.""}]","<|im_start|>system
You are a knowledgeable assistant that answers questions about Spider-Man across comics, films, games and television. Answer accurately and concisely. If you are not sure, say so instead of guessing.<|im_end|>
<|im_start|>user
When did the Green Goblin first appear?<|im_end|>
<|im_start|>assistant
The Green Goblin first appeared in The Amazing Spider-Man #14 in 1964.<|im_end|>"
train,77,comics,,audit_dataset,spiderman_dataset_audit.csv,77,original,"You are a knowledgeable assistant that answers questions about Spider-Man across comics, films, games and television. Answer accurately and concisely. If you are not sure, say so instead of guessing.",What year did Uncle Ben first appear?,"Uncle Ben first appeared in Amazing Fantasy #15, where his death becomes a foundational event in Peter Parker's origin.","Uncle Ben first appeared in Amazing Fantasy #15, where his death becomes a foundational event in Peter Parker's origin.","[{""role"": ""system"", ""content"": ""You are a knowledgeable assistant that answers questions about Spider-Man across comics, films, games and television. Answer accurately and concisely. If you are not sure, say so instead of guessing.""}, {""role"": ""user"", ""content"": ""What year did Uncle Ben first appear?""}, {""role"": ""assistant"", ""content"": ""Uncle Ben first appeared in Amazing Fantasy #15, where his death becomes a foundational event in Peter Parker's origin.""}]","<|im_start|>system
You are a knowledgeable assistant that answers questions about Spider-Man across comics, films, games and television. Answer accurately and concisely. If you are not sure, say so instead of guessing.<|im_end|>
<|im_start|>user
What year did Uncle Ben first appear?<|im_end|>
<|im_start|>assistant
Uncle Ben first appeared in Amazing Fantasy #15, where his death becomes a foundational event in Peter Parker's origin.<|im_end|>"
train,89,comics,,audit_dataset,spiderman_dataset_audit.csv,89,original,"You are a knowledgeable assistant that answers questions about Spider-Man across comics, films, games and television. Answer accurately and concisely. If you are not sure, say so instead of guessing.",When did Uncle Ben first appear?,"Uncle Ben first appeared in Amazing Fantasy #15, where his death becomes a foundational event in Peter Parker's origin.","Uncle Ben first appeared in Amazing Fantasy #15, where his death becomes a foundational event in Peter Parker's origin.","[{""role"": ""system"", ""content"": ""You are a knowledgeable assistant that answers questions about Spider-Man across comics, films, games and television. Answer accurately and concisely. If you are not sure, say so instead of guessing.""}, {""role"": ""user"", ""content"": ""When did Uncle Ben first appear?""}, {""role"": ""assistant"", ""content"": ""Uncle Ben first appeared in Amazing Fantasy #15, where his death becomes a foundational event in Peter Parker's origin.""}]","<|im_start|>system
You are a knowledgeable assistant that answers questions about Spider-Man across comics, films, games and television. Answer accurately and concisely. If you are not sure, say so instead of guessing.<|im_end|>
<|im_start|>user
When did Uncle Ben first appear?<|im_end|>
<|im_start|>assistant
Uncle Ben first appeared in Amazing Fantasy #15, where his death becomes a foundational event in Peter Parker's origin.<|im_end|>"
train,64,comics,,audit_dataset,spiderman_dataset_audit.csv,64,original,"You are a knowledgeable assistant that answers questions about Spider-Man across comics, films, games and television. Answer accurately and concisely. If you are not sure, say so instead of guessing.",What happens in Spider-Man's first comic appearance?,"Amazing Fantasy #15 introduces Peter Parker, his spider bite, his new abilities, his early attempt to use them for personal gain, and the death of Uncle Ben that establishes his sense of responsibility.","Amazing Fantasy #15 introduces Peter Parker, his spider bite, his new abilities, his early attempt to use them for personal gain, and the death of Uncle Ben that establishes his sense of responsibility.","[{""role"": ""system"", ""content"": ""You are a knowledgeable assistant that answers questions about Spider-Man across comics, films, games and television. Answer accurately and concisely. If you are not sure, say so instead of guessing.""}, {""role"": ""user"", ""content"": ""What happens in Spider-Man's first comic appearance?""}, {""role"": ""assistant"", ""content"": ""Amazing Fantasy #15 introduces Peter Parker, his spider bite, his new abilities, his early attempt to use them for personal gain, and the death of Uncle Ben that establishes his sense of responsibility.""}]","<|im_start|>system
You are a knowledgeable assistant that answers questions about Spider-Man across comics, films, games and television. Answer accurately and concisely. If you are not sure, say so instead of guessing.<|im_end|>
<|im_start|>user
What happens in Spider-Man's first comic appearance?<|im_end|>
<|im_start|>assistant
Amazing Fantasy #15 introduces Peter Parker, his spider bite, his new abilities, his early attempt to use them for personal gain, and the death of Uncle Ben that establishes his sense of responsibility.<|im_end|>"
train,54,comics,,audit_dataset,spiderman_dataset_audit.csv,54,original,"You are a knowledgeable assistant that answers questions about Spider-Man across comics, films, games and television. Answer accurately and concisely. If you are not sure, say so instead of guessing.",Did Jack Kirby create Spider-Man alone?,"No. Marvel's published credits for Amazing Fantasy #15 list Stan Lee as writer and Steve Ditko as penciller. Kirby was involved in early Spider-Man development and cover history, but he is not credited as the story's writer or penciller in that issue.","No. Marvel's published credits for Amazing Fantasy #15 list Stan Lee as writer and Steve Ditko as penciller. Kirby was involved in early Spider-Man development and cover history, but he is not credited as the story's writer or penciller in that issue.","[{""role"": ""system"", ""content"": ""You are a knowledgeable assistant that answers questions about Spider-Man across comics, films, games and television. Answer accurately and concisely. If you are not sure, say so instead of guessing.""}, {""role"": ""user"", ""content"": ""Did Jack Kirby create Spider-Man alone?""}, {""role"": ""assistant"", ""content"": ""No. Marvel's published credits for Amazing Fantasy #15 list Stan Lee as writer and Steve Ditko as penciller. Kirby was involved in early Spider-Man development and cover history, but he is not credited as the story's writer or penciller in that issue.""}]","<|im_start|>system
You are a knowledgeable assistant that answers questions about Spider-Man across comics, films, games and television. Answer accurately and concisely. If you are not sure, say so instead of guessing.<|im_end|>
<|im_start|>user
Did Jack Kirby create Spider-Man alone?<|im_end|>
<|im_start|>assistant
No. Marvel's published credits for Amazing Fantasy #15 list Stan Lee as writer and Steve Ditko as penciller. Kirby was involved in early Spider-Man development and cover history, but he is not credited as the story's writer or penciller in that issue.<|im_end|>"
train,62,comics,,audit_dataset,spiderman_dataset_audit.csv,62,original,"You are a knowledgeable assistant that answers questions about Spider-Man across comics, films, games and television. Answer accurately and concisely. If you are not sure, say so instead of guessing.",What era did Spider-Man debut in?,Spider-Man debuted during the Silver Age of American comic books in 1962.,Spider-Man debuted during the Silver Age of American comic books in 1962.,"[{""role"": ""system"", ""content"": ""You are a knowledgeable assistant that answers questions about Spider-Man across comics, films, games and television. Answer accurately and concisely. If you are not sure, say so instead of guessing.""}, {""role"": ""user"", ""content"": ""What era did Spider-Man debut in?""}, {""role"": ""assistant"", ""content"": ""Spider-Man debuted during the Silver Age of American comic books in 1962.""}]","<|im_start|>system
You are a knowledgeable assistant that answers questions about Spider-Man across comics, films, games and television. Answer accurately and concisely. If you are not sure, say so instead of guessing.<|im_end|>
<|im_start|>user
What era did Spider-Man debut in?<|im_end|>
<|im_start|>assistant
Spider-Man debuted during the Silver Age of American comic books in 1962.<|im_end|>"
train,68,comics,,audit_dataset,spiderman_dataset_audit.csv,68,original,"You are a knowledgeable assistant that answers questions about Spider-Man across comics, films, games and television. Answer accurately and concisely. If you are not sure, say so instead of guessing.",What year did Aunt May first appear?,Aunt May first appeared alongside Peter Parker and Spider-Man in Amazing Fantasy #15.,Aunt May first appeared alongside Peter Parker and Spider-Man in Amazing Fantasy #15.,"[{""role"": ""system"", ""content"": ""You are a knowledgeable assistant that answers questions about Spider-Man across comics, films, games and television. Answer accurately and concisely. If you are not sure, say so instead of guessing.""}, {""role"": ""user"", ""content"": ""What year did Aunt May first appear?""}, {""role"": ""assistant"", ""content"": ""Aunt May first appeared alongside Peter Parker and Spider-Man in Amazing Fantasy #15.""}]","<|im_start|>system
You are a knowledgeable assistant that answers questions about Spider-Man across comics, films, games and television. Answer accurately and concisely. If you are not sure, say so instead of guessing.<|im_end|>
<|im_start|>user
What year did Aunt May first appear?<|im_end|>
<|im_start|>assistant
Aunt May first appeared alongside Peter Parker and Spider-Man in Amazing Fantasy #15.<|im_end|>"
train,80,comics,,audit_dataset,spiderman_dataset_audit.csv,80,original,"You are a knowledgeable assistant that answers questions about Spider-Man across comics, films, games and television. Answer accurately and concisely. If you are not sure, say so instead of guessing.",When did Aunt May first appear?,Aunt May first appeared alongside Peter Parker and Spider-Man in Amazing Fantasy #15.,Aunt May first appeared alongside Peter Parker and Spider-Man in Amazing Fantasy #15.,"[{""role"": ""system"", ""content"": ""You are a knowledgeable assistant that answers questions about Spider-Man across comics, films, games and television. Answer accurately and concisely. If you are not sure, say so instead of guessing.""}, {""role"": ""user"", ""content"": ""When did Aunt May first appear?""}, {""role"": ""assistant"", ""content"": ""Aunt May first appeared alongside Peter Parker and Spider-Man in Amazing Fantasy #15.""}]","<|im_start|>system
You are a knowledgeable assistant that answers questions about Spider-Man across comics, films, games and television. Answer accurately and concisely. If you are not sure, say so instead of guessing.<|im_end|>
<|im_start|>user
When did Aunt May first appear?<|im_end|>
<|im_start|>assistant
Aunt May first appeared alongside Peter Parker and Spider-Man in Amazing Fantasy #15.<|im_end|>"
train,100,comics,,audit_dataset,spiderman_dataset_audit.csv,100,original,"You are a knowledgeable assistant that answers questions about Spider-Man across comics, films, games and television. Answer accurately and concisely. If you are not sure, say so instead of guessing.",Who is Spider-Gwen?,"Spider-Gwen, commonly associated with Gwen Stacy from an alternate reality, is a Spider-powered hero from a different universe than Peter Parker's main continuity.","Spider-Gwen, commonly associated with Gwen Stacy from an alternate reality, is a Spider-powered hero from a different universe than Peter Parker's main continuity.","[{""role"": ""system"", ""content"": ""You are a knowledgeable assistant that answers questions about Spider-Man across comics, films, games and television. Answer accurately and concisely. If you are not sure, say so instead of guessing.""}, {""role"": ""user"", ""content"": ""Who is Spider-Gwen?""}, {""role"": ""assistant"", ""content"": ""Spider-Gwen, commonly associated with Gwen Stacy from an alternate reality, is a Spider-powered hero from a different universe than Peter Parker's main continuity.""}]","<|im_start|>system
You are a knowledgeable assistant that answers questions about Spider-Man across comics, films, games and television. Answer accurately and concisely. If you are not sure, say so instead of guessing.<|im_end|>
<|im_start|>user
Who is Spider-Gwen?<|im_end|>
<|im_start|>assistant
Spider-Gwen, commonly associated with Gwen Stacy from an alternate reality, is a Spider-powered hero from a different universe than Peter Parker's main continuity.<|im_end|>"
train,118,comics,Prowler debut,model_knowledge,added_by_claude,118,original,"You are a knowledgeable assistant that answers questions about Spider-Man across comics, films, games and television. Answer accurately and concisely. If you are not sure, say so instead of guessing.",When did the Prowler first appear?,"The Prowler, Hobie Brown, first appeared in The Amazing Spider-Man #78 in 1969.","The Prowler, Hobie Brown, first appeared in The Amazing Spider-Man #78 in 1969.","[{""role"": ""system"", ""content"": ""You are a knowledgeable assistant that answers questions about Spider-Man across comics, films, games and television. Answer accurately and concisely. If you are not sure, say so instead of guessing.""}, {""role"": ""user"", ""content"": ""When did the Prowler first appear?""}, {""role"": ""assistant"", ""content"": ""The Prowler, Hobie Brown, first appeared in The Amazing Spider-Man #78 in 1969.""}]","<|im_start|>system
You are a knowledgeable assistant that answers questions about Spider-Man across comics, films, games and television. Answer accurately and concisely. If you are not sure, say so instead of guessing.<|im_end|>
<|im_start|>user
When did the Prowler first appear?<|im_end|>
<|im_start|>assistant
The Prowler, Hobie Brown, first appeared in The Amazing Spider-Man #78 in 1969.<|im_end|>"
train,67,comics,,audit_dataset,spiderman_dataset_audit.csv,67,original,"You are a knowledgeable assistant that answers questions about Spider-Man across comics, films, games and television. Answer accurately and concisely. If you are not sure, say so instead of guessing.",What is the Spider-Verse in comics?,Spider-Verse is a Marvel concept involving multiple Spider-People from different realities and has become a major part of Spider-Man's multiverse stories.,Spider-Verse is a Marvel concept involving multiple Spider-People from different realities and has become a major part of Spider-Man's multiverse stories.,"[{""role"": ""system"", ""content"": ""You are a knowledgeable assistant that answers questions about Spider-Man across comics, films, games and television. Answer accurately and concisely. If you are not sure, say so instead of guessing.""}, {""role"": ""user"", ""content"": ""What is the Spider-Verse in comics?""}, {""role"": ""assistant"", ""content"": ""Spider-Verse is a Marvel concept involving multiple Spider-People from different realities and has become a major part of Spider-Man's multiverse stories.""}]","<|im_start|>system
You are a knowledgeable assistant that answers questions about Spider-Man across comics, films, games and television. Answer accurately and concisely. If you are not sure, say so instead of guessing.<|im_end|>
<|im_start|>user
What is the Spider-Verse in comics?<|im_end|>
<|im_start|>assistant
Spider-Verse is a Marvel concept involving multiple Spider-People from different realities and has become a major part of Spider-Man's multiverse stories.<|im_end|>"
train,95,comics,,audit_dataset,spiderman_dataset_audit.csv,95,original,"You are a knowledgeable assistant that answers questions about Spider-Man across comics, films, games and television. Answer accurately and concisely. If you are not sure, say so instead of guessing.",Who is Ben Reilly?,Ben Reilly is a clone of Peter Parker who becomes a major Spider-Man character and has also operated as Spider-Man in Marvel Comics.,Ben Reilly is a clone of Peter Parker who becomes a major Spider-Man character and has also operated as Spider-Man in Marvel Comics.,"[{""role"": ""system"", ""content"": ""You are a knowledgeable assistant that answers questions about Spider-Man across comics, films, games and television. Answer accurately and concisely. If you are not sure, say so instead of guessing.""}, {""role"": ""user"", ""content"": ""Who is Ben Reilly?""}, {""role"": ""assistant"", ""content"": ""Ben Reilly is a clone of Peter Parker who becomes a major Spider-Man character and has also operated as Spider-Man in Marvel Comics.""}]","<|im_start|>system
You are a knowledgeable assistant that answers questions about Spider-Man across comics, films, games and television. Answer accurately and concisely. If you are not sure, say so instead of guessing.<|im_end|>
<|im_start|>user
Who is Ben Reilly?<|im_end|>
<|im_start|>assistant
Ben Reilly is a clone of Peter Parker who becomes a major Spider-Man character and has also operated as Spider-Man in Marvel Comics.<|im_end|>"
train,128,comics,Vulture debut,model_knowledge,added_by_claude,128,original,"You are a knowledgeable assistant that answers questions about Spider-Man across comics, films, games and television. Answer accurately and concisely. If you are not sure, say so instead of guessing.",When did the Vulture first appear?,"The Vulture, Adrian Toomes, first appeared in The Amazing Spider-Man #2 in 1963.","The Vulture, Adrian Toomes, first appeared in The Amazing Spider-Man #2 in 1963.","[{""role"": ""system"", ""content"": ""You are a knowledgeable assistant that answers questions about Spider-Man across comics, films, games and television. Answer accurately and concisely. If you are not sure, say so instead of guessing.""}, {""role"": ""user"", ""content"": ""When did the Vulture first appear?""}, {""role"": ""assistant"", ""content"": ""The Vulture, Adrian Toomes, first appeared in The Amazing Spider-Man #2 in 1963.""}]","<|im_start|>system
You are a knowledgeable assistant that answers questions about Spider-Man across comics, films, games and television. Answer accurately and concisely. If you are not sure, say so instead of guessing.<|im_end|>
<|im_start|>user
When did the Vulture first appear?<|im_end|>
<|im_start|>assistant
The Vulture, Adrian Toomes, first appeared in The Amazing Spider-Man #2 in 1963.<|im_end|>"
train,107,comics,Black Cat debut,model_knowledge,added_by_claude,107,original,"You are a knowledgeable assistant that answers questions about Spider-Man across comics, films, games and television. Answer accurately and concisely. If you are not sure, say so instead of guessing.",When did Black Cat first appear?,"Black Cat, Felicia Hardy, first appeared in The Amazing Spider-Man #194 in 1979.","Black Cat, Felicia Hardy, first appeared in The Amazing Spider-Man #194 in 1979.","[{""role"": ""system"", ""content"": ""You are a knowledgeable assistant that answers questions about Spider-Man across comics, films, games and television. Answer accurately and concisely. If you are not sure, say so instead of guessing.""}, {""role"": ""user"", ""content"": ""When did Black Cat first appear?""}, {""role"": ""assistant"", ""content"": ""Black Cat, Felicia Hardy, first appeared in The Amazing Spider-Man #194 in 1979.""}]","<|im_start|>system
You are a knowledgeable assistant that answers questions about Spider-Man across comics, films, games and television. Answer accurately and concisely. If you are not sure, say so instead of guessing.<|im_end|>
<|im_start|>user
When did Black Cat first appear?<|im_end|>
<|im_start|>assistant
Black Cat, Felicia Hardy, first appeared in The Amazing Spider-Man #194 in 1979.<|im_end|>"
train,110,comics,Harry Osborn debut,model_knowledge,added_by_claude,110,original,"You are a knowledgeable assistant that answers questions about Spider-Man across comics, films, games and television. Answer accurately and concisely. If you are not sure, say so instead of guessing.",When did Harry Osborn first appear?,Harry Osborn first appeared in The Amazing Spider-Man #31 in 1965 as Peter Parker's college classmate and eventual roommate.,Harry Osborn first appeared in The Amazing Spider-Man #31 in 1965 as Peter Parker's college classmate and eventual roommate.,"[{""role"": ""system"", ""content"": ""You are a knowledgeable assistant that answers questions about Spider-Man across comics, films, games and television. Answer accurately and concisely. If you are not sure, say so instead of guessing.""}, {""role"": ""user"", ""content"": ""When did Harry Osborn first appear?""}, {""role"": ""assistant"", ""content"": ""Harry Osborn first appeared in The Amazing Spider-Man #31 in 1965 as Peter Parker's college classmate and eventual roommate.""}]","<|im_start|>system
You are a knowledgeable assistant that answers questions about Spider-Man across comics, films, games and television. Answer accurately and concisely. If you are not sure, say so instead of guessing.<|im_end|>
<|im_start|>user
When did Harry Osborn first appear?<|im_end|>
<|im_start|>assistant
Harry Osborn first appeared in The Amazing Spider-Man #31 in 1965 as Peter Parker's college classmate and eventual roommate.<|im_end|>"
train,126,comics,Spider-Woman,model_knowledge,added_by_claude,126,original,"You are a knowledgeable assistant that answers questions about Spider-Man across comics, films, games and television. Answer accurately and concisely. If you are not sure, say so instead of guessing.",Who is Jessica Drew?,"Jessica Drew is the original Spider-Woman, introduced in 1977. She has her own powers and history and is a separate character from Peter Parker's Spider-Man.","Jessica Drew is the original Spider-Woman, introduced in 1977. She has her own powers and history and is a separate character from Peter Parker's Spider-Man.","[{""role"": ""system"", ""content"": ""You are a knowledgeable assistant that answers questions about Spider-Man across comics, films, games and television. Answer accurately and concisely. If you are not sure, say so instead of guessing.""}, {""role"": ""user"", ""content"": ""Who is Jessica Drew?""}, {""role"": ""assistant"", ""content"": ""Jessica Drew is the original Spider-Woman, introduced in 1977. She has her own powers and history and is a separate character from Peter Parker's Spider-Man.""}]","<|im_start|>system
You are a knowledgeable assistant that answers questions about Spider-Man across comics, films, games and television. Answer accurately and concisely. If you are not sure, say so instead of guessing.<|im_end|>
<|im_start|>user
Who is Jessica Drew?<|im_end|>
<|im_start|>assistant
Jessica Drew is the original Spider-Woman, introduced in 1977. She has her own powers and history and is a separate character from Peter Parker's Spider-Man.<|im_end|>"
train,102,comics,,audit_dataset,spiderman_dataset_audit.csv,102,original,"You are a knowledgeable assistant that answers questions about Spider-Man across comics, films, games and television. Answer accurately and concisely. If you are not sure, say so instead of guessing.",Why does Kraven hunt Spider-Man?,Kraven the Hunter views Spider-Man as an exceptional quarry and repeatedly seeks to prove his superiority by hunting him.,Kraven the Hunter views Spider-Man as an exceptional quarry and repeatedly seeks to prove his superiority by hunting him.,"[{""role"": ""system"", ""content"": ""You are a knowledgeable assistant that answers questions about Spider-Man across comics, films, games and television. Answer accurately and concisely. If you are not sure, say so instead of guessing.""}, {""role"": ""user"", ""content"": ""Why does Kraven hunt Spider-Man?""}, {""role"": ""assistant"", ""content"": ""Kraven the Hunter views Spider-Man as an exceptional quarry and repeatedly seeks to prove his superiority by hunting him.""}]","<|im_start|>system
You are a knowledgeable assistant that answers questions about Spider-Man across comics, films, games and television. Answer accurately and concisely. If you are not sure, say so instead of guessing.<|im_end|>
<|im_start|>user
Why does Kraven hunt Spider-Man?<|im_end|>
<|im_start|>assistant
Kraven the Hunter views Spider-Man as an exceptional quarry and repeatedly seeks to prove his superiority by hunting him.<|im_end|>"
train,76,comics,,audit_dataset,spiderman_dataset_audit.csv,76,original,"You are a knowledgeable assistant that answers questions about Spider-Man across comics, films, games and television. Answer accurately and concisely. If you are not sure, say so instead of guessing.",What year did The Amazing Spider-Man begin?,"The Amazing Spider-Man began with issue #1 in March 1963, following Spider-Man's debut in Amazing Fantasy #15.","The Amazing Spider-Man began with issue #1 in March 1963, following Spider-Man's debut in Amazing Fantasy #15.","[{""role"": ""system"", ""content"": ""You are a knowledgeable assistant that answers questions about Spider-Man across comics, films, games and television. Answer accurately and concisely. If you are not sure, say so instead of guessing.""}, {""role"": ""user"", ""content"": ""What year did The Amazing Spider-Man begin?""}, {""role"": ""assistant"", ""content"": ""The Amazing Spider-Man began with issue #1 in March 1963, following Spider-Man's debut in Amazing Fantasy #15.""}]","<|im_start|>system
You are a knowledgeable assistant that answers questions about Spider-Man across comics, films, games and television. Answer accurately and concisely. If you are not sure, say so instead of guessing.<|im_end|>
<|im_start|>user
What year did The Amazing Spider-Man begin?<|im_end|>
<|im_start|>assistant
The Amazing Spider-Man began with issue #1 in March 1963, following Spider-Man's debut in Amazing Fantasy #15.<|im_end|>"
train,88,comics,,audit_dataset,spiderman_dataset_audit.csv,88,original,"You are a knowledgeable assistant that answers questions about Spider-Man across comics, films, games and television. Answer accurately and concisely. If you are not sure, say so instead of guessing.",When did The Amazing Spider-Man begin?,"The Amazing Spider-Man began with issue #1 in March 1963, following Spider-Man's debut in Amazing Fantasy #15.","The Amazing Spider-Man began with issue #1 in March 1963, following Spider-Man's debut in Amazing Fantasy #15.","[{""role"": ""system"", ""content"": ""You are a knowledgeable assistant that answers questions about Spider-Man across comics, films, games and television. Answer accurately and concisely. If you are not sure, say so instead of guessing.""}, {""role"": ""user"", ""content"": ""When did The Amazing Spider-Man begin?""}, {""role"": ""assistant"", ""content"": ""The Amazing Spider-Man began with issue #1 in March 1963, following Spider-Man's debut in Amazing Fantasy #15.""}]","<|im_start|>system
You are a knowledgeable assistant that answers questions about Spider-Man across comics, films, games and television. Answer accurately and concisely. If you are not sure, say so instead of guessing.<|im_end|>
<|im_start|>user
When did The Amazing Spider-Man begin?<|im_end|>
<|im_start|>assistant
The Amazing Spider-Man began with issue #1 in March 1963, following Spider-Man's debut in Amazing Fantasy #15.<|im_end|>"
train,63,comics,,audit_dataset,spiderman_dataset_audit.csv,63,original,"You are a knowledgeable assistant that answers questions about Spider-Man across comics, films, games and television. Answer accurately and concisely. If you are not sure, say so instead of guessing.",What happened after Spider-Man's debut?,"After his debut in Amazing Fantasy #15, Spider-Man received his own ongoing series, The Amazing Spider-Man, beginning in 1963.","After his debut in Amazing Fantasy #15, Spider-Man received his own ongoing series, The Amazing Spider-Man, beginning in 1963.","[{""role"": ""system"", ""content"": ""You are a knowledgeable assistant that answers questions about Spider-Man across comics, films, games and television. Answer accurately and concisely. If you are not sure, say so instead of guessing.""}, {""role"": ""user"", ""content"": ""What happened after Spider-Man's debut?""}, {""role"": ""assistant"", ""content"": ""After his debut in Amazing Fantasy #15, Spider-Man received his own ongoing series, The Amazing Spider-Man, beginning in 1963.""}]","<|im_start|>system
You are a knowledgeable assistant that answers questions about Spider-Man across comics, films, games and television. Answer accurately and concisely. If you are not sure, say so instead of guessing.<|im_end|>
<|im_start|>user
What happened after Spider-Man's debut?<|im_end|>
<|im_start|>assistant
After his debut in Amazing Fantasy #15, Spider-Man received his own ongoing series, The Amazing Spider-Man, beginning in 1963.<|im_end|>"
train,96,comics,,audit_dataset,spiderman_dataset_audit.csv,96,original,"You are a knowledgeable assistant that answers questions about Spider-Man across comics, films, games and television. Answer accurately and concisely. If you are not sure, say so instead of guessing.",Who is Black Cat in Spider-Man comics?,"Black Cat is Felicia Hardy, a skilled thief and recurring Spider-Man ally and romantic interest whose relationship with Peter is complicated.","Black Cat is Felicia Hardy, a skilled thief and recurring Spider-Man ally and romantic interest whose relationship with Peter is complicated.","[{""role"": ""system"", ""content"": ""You are a knowledgeable assistant that answers questions about Spider-Man across comics, films, games and television. Answer accurately and concisely. If you are not sure, say so instead of guessing.""}, {""role"": ""user"", ""content"": ""Who is Black Cat in Spider-Man comics?""}, {""role"": ""assistant"", ""content"": ""Black Cat is Felicia Hardy, a skilled thief and recurring Spider-Man ally and romantic interest whose relationship with Peter is complicated.""}]","<|im_start|>system
You are a knowledgeable assistant that answers questions about Spider-Man across comics, films, games and television. Answer accurately and concisely. If you are not sure, say so instead of guessing.<|im_end|>
<|im_start|>user
Who is Black Cat in Spider-Man comics?<|im_end|>
<|im_start|>assistant
Black Cat is Felicia Hardy, a skilled thief and recurring Spider-Man ally and romantic interest whose relationship with Peter is complicated.<|im_end|>"
train,93,comics,,audit_dataset,spiderman_dataset_audit.csv,93,original,"You are a knowledgeable assistant that answers questions about Spider-Man across comics, films, games and television. Answer accurately and concisely. If you are not sure, say so instead of guessing.",Who are the creators of Spider-Man?,Spider-Man was created by writer Stan Lee and artist Steve Ditko. Marvel credits Lee as writer and Ditko as penciller on Amazing Fantasy #15.,Spider-Man was created by writer Stan Lee and artist Steve Ditko. Marvel credits Lee as writer and Ditko as penciller on Amazing Fantasy #15.,"[{""role"": ""system"", ""content"": ""You are a knowledgeable assistant that answers questions about Spider-Man across comics, films, games and television. Answer accurately and concisely. If you are not sure, say so instead of guessing.""}, {""role"": ""user"", ""content"": ""Who are the creators of Spider-Man?""}, {""role"": ""assistant"", ""content"": ""Spider-Man was created by writer Stan Lee and artist Steve Ditko. Marvel credits Lee as writer and Ditko as penciller on Amazing Fantasy #15.""}]","<|im_start|>system
You are a knowledgeable assistant that answers questions about Spider-Man across comics, films, games and television. Answer accurately and concisely. If you are not sure, say so instead of guessing.<|im_end|>
<|im_start|>user
Who are the creators of Spider-Man?<|im_end|>
<|im_start|>assistant
Spider-Man was created by writer Stan Lee and artist Steve Ditko. Marvel credits Lee as writer and Ditko as penciller on Amazing Fantasy #15.<|im_end|>"
train,94,comics,,audit_dataset,spiderman_dataset_audit.csv,94,original,"You are a knowledgeable assistant that answers questions about Spider-Man across comics, films, games and television. Answer accurately and concisely. If you are not sure, say so instead of guessing.",Who created Spider-Man?,Spider-Man was created by writer Stan Lee and artist Steve Ditko. Marvel credits Lee as writer and Ditko as penciller on Amazing Fantasy #15.,Spider-Man was created by writer Stan Lee and artist Steve Ditko. Marvel credits Lee as writer and Ditko as penciller on Amazing Fantasy #15.,"[{""role"": ""system"", ""content"": ""You are a knowledgeable assistant that answers questions about Spider-Man across comics, films, games and television. Answer accurately and concisely. If you are not sure, say so instead of guessing.""}, {""role"": ""user"", ""content"": ""Who created Spider-Man?""}, {""role"": ""assistant"", ""content"": ""Spider-Man was created by writer Stan Lee and artist Steve Ditko. Marvel credits Lee as writer and Ditko as penciller on Amazing Fantasy #15.""}]","<|im_start|>system
You are a knowledgeable assistant that answers questions about Spider-Man across comics, films, games and television. Answer accurately and concisely. If you are not sure, say so instead of guessing.<|im_end|>
<|im_start|>user
Who created Spider-Man?<|im_end|>
<|im_start|>assistant
Spider-Man was created by writer Stan Lee and artist Steve Ditko. Marvel credits Lee as writer and Ditko as penciller on Amazing Fantasy #15.<|im_end|>"
train,133,crossovers,Spider-Man and Deadpool,researched_summary,Spider.csv,133,original,"You are a knowledgeable assistant that answers questions about Spider-Man across comics, films, games and television. Answer accurately and concisely. If you are not sure, say so instead of guessing.",Why are Spider-Man and Deadpool often paired?,"Spider-Man and Deadpool are a popular hero pairing in Marvel stories, often contrasting Peter's responsibility with Deadpool's chaotic humor.","Spider-Man and Deadpool are a popular hero pairing in Marvel stories, often contrasting Peter's responsibility with Deadpool's chaotic humor.","[{""role"": ""system"", ""content"": ""You are a knowledgeable assistant that answers questions about Spider-Man across comics, films, games and television. Answer accurately and concisely. If you are not sure, say so instead of guessing.""}, {""role"": ""user"", ""content"": ""Why are Spider-Man and Deadpool often paired?""}, {""role"": ""assistant"", ""content"": ""Spider-Man and Deadpool are a popular hero pairing in Marvel stories, often contrasting Peter's responsibility with Deadpool's chaotic humor.""}]","<|im_start|>system
You are a knowledgeable assistant that answers questions about Spider-Man across comics, films, games and television. Answer accurately and concisely. If you are not sure, say so instead of guessing.<|im_end|>
<|im_start|>user
Why are Spider-Man and Deadpool often paired?<|im_end|>
<|im_start|>assistant
Spider-Man and Deadpool are a popular hero pairing in Marvel stories, often contrasting Peter's responsibility with Deadpool's chaotic humor.<|im_end|>"
train,134,crossovers,Spider-Man and Fantastic Four,researched_summary,Spider.csv,134,original,"You are a knowledgeable assistant that answers questions about Spider-Man across comics, films, games and television. Answer accurately and concisely. If you are not sure, say so instead of guessing.",Does Spider-Man interact with the Fantastic Four Give me the context.,"Spider-Man has longstanding relationships with members of the Fantastic Four, especially Johnny Storm.","Spider-Man has longstanding relationships with members of the Fantastic Four, especially Johnny Storm.","[{""role"": ""system"", ""content"": ""You are a knowledgeable assistant that answers questions about Spider-Man across comics, films, games and television. Answer accurately and concisely. If you are not sure, say so instead of guessing.""}, {""role"": ""user"", ""content"": ""Does Spider-Man interact with the Fantastic Four Give me the context.""}, {""role"": ""assistant"", ""content"": ""Spider-Man has longstanding relationships with members of the Fantastic Four, especially Johnny Storm.""}]","<|im_start|>system
You are a knowledgeable assistant that answers questions about Spider-Man across comics, films, games and television. Answer accurately and concisely. If you are not sure, say so instead of guessing.<|im_end|>
<|im_start|>user
Does Spider-Man interact with the Fantastic Four Give me the context.<|im_end|>
<|im_start|>assistant
Spider-Man has longstanding relationships with members of the Fantastic Four, especially Johnny Storm.<|im_end|>"
train,135,crossovers,Spider-Man and Fantastic Four,researched_summary,Spider.csv,135,original,"You are a knowledgeable assistant that answers questions about Spider-Man across comics, films, games and television. Answer accurately and concisely. If you are not sure, say so instead of guessing.",Does Spider-Man interact with the Fantastic Four?,"Spider-Man has longstanding relationships with members of the Fantastic Four, especially Johnny Storm.","Spider-Man has longstanding relationships with members of the Fantastic Four, especially Johnny Storm.","[{""role"": ""system"", ""content"": ""You are a knowledgeable assistant that answers questions about Spider-Man across comics, films, games and television. Answer accurately and concisely. If you are not sure, say so instead of guessing.""}, {""role"": ""user"", ""content"": ""Does Spider-Man interact with the Fantastic Four?""}, {""role"": ""assistant"", ""content"": ""Spider-Man has longstanding relationships with members of the Fantastic Four, especially Johnny Storm.""}]","<|im_start|>system
You are a knowledgeable assistant that answers questions about Spider-Man across comics, films, games and television. Answer accurately and concisely. If you are not sure, say so instead of guessing.<|im_end|>
<|im_start|>user
Does Spider-Man interact with the Fantastic Four?<|im_end|>
<|im_start|>assistant
Spider-Man has longstanding relationships with members of the Fantastic Four, especially Johnny Storm.<|im_end|>"
train,131,crossovers,Spider-Man and Black Cat,researched_summary,Spider.csv,131,original,"You are a knowledgeable assistant that answers questions about Spider-Man across comics, films, games and television. Answer accurately and concisely. If you are not sure, say so instead of guessing.",Is Black Cat an ally or enemy of Spider-Man?,"Black Cat is both an ally and an occasional romantic interest for Peter Parker, making their partnership complicated.","Black Cat is both an ally and an occasional romantic interest for Peter Parker, making their partnership complicated.","[{""role"": ""system"", ""content"": ""You are a knowledgeable assistant that answers questions about Spider-Man across comics, films, games and television. Answer accurately and concisely. If you are not sure, say so instead of guessing.""}, {""role"": ""user"", ""content"": ""Is Black Cat an ally or enemy of Spider-Man?""}, {""role"": ""assistant"", ""content"": ""Black Cat is both an ally and an occasional romantic interest for Peter Parker, making their partnership complicated.""}]","<|im_start|>system
You are a knowledgeable assistant that answers questions about Spider-Man across comics, films, games and television. Answer accurately and concisely. If you are not sure, say so instead of guessing.<|im_end|>
<|im_start|>user
Is Black Cat an ally or enemy of Spider-Man?<|im_end|>
<|im_start|>assistant
Black Cat is both an ally and an occasional romantic interest for Peter Parker, making their partnership complicated.<|im_end|>"
train,136,crossovers,Spider-Man and Venom,researched_summary,Spider.csv,136,original,"You are a knowledgeable assistant that answers questions about Spider-Man across comics, films, games and television. Answer accurately and concisely. If you are not sure, say so instead of guessing.",Is Venom a villain or an anti-hero?,"Venom has been Spider-Man's enemy, rival, anti-hero and uneasy ally depending on the continuity.","Venom has been Spider-Man's enemy, rival, anti-hero and uneasy ally depending on the continuity.","[{""role"": ""system"", ""content"": ""You are a knowledgeable assistant that answers questions about Spider-Man across comics, films, games and television. Answer accurately and concisely. If you are not sure, say so instead of guessing.""}, {""role"": ""user"", ""content"": ""Is Venom a villain or an anti-hero?""}, {""role"": ""assistant"", ""content"": ""Venom has been Spider-Man's enemy, rival, anti-hero and uneasy ally depending on the continuity.""}]","<|im_start|>system
You are a knowledgeable assistant that answers questions about Spider-Man across comics, films, games and television. Answer accurately and concisely. If you are not sure, say so instead of guessing.<|im_end|>
<|im_start|>user
Is Venom a villain or an anti-hero?<|im_end|>
<|im_start|>assistant
Venom has been Spider-Man's enemy, rival, anti-hero and uneasy ally depending on the continuity.<|im_end|>"
train,137,future,Beyond the Spider-Verse,researched_summary,Spider.csv,137,original,"You are a knowledgeable assistant that answers questions about Spider-Man across comics, films, games and television. Answer accurately and concisely. If you are not sure, say so instead of guessing.",Give me a concise explanation of the next Spider-Verse movie listed after Across the Spider-Verse.,"The Numbers franchise listing currently places Spider-Man: Beyond the Spider-Verse on June 17, 2027, but this should be treated as a current listing rather than an immutable fact.","The Numbers franchise listing currently places Spider-Man: Beyond the Spider-Verse on June 17, 2027, but this should be treated as a current listing rather than an immutable fact.","[{""role"": ""system"", ""content"": ""You are a knowledgeable assistant that answers questions about Spider-Man across comics, films, games and television. Answer accurately and concisely. If you are not sure, say so instead of guessing.""}, {""role"": ""user"", ""content"": ""Give me a concise explanation of the next Spider-Verse movie listed after Across the Spider-Verse.""}, {""role"": ""assistant"", ""content"": ""The Numbers franchise listing currently places Spider-Man: Beyond the Spider-Verse on June 17, 2027, but this should be treated as a current listing rather than an immutable fact.""}]","<|im_start|>system
You are a knowledgeable assistant that answers questions about Spider-Man across comics, films, games and television. Answer accurately and concisely. If you are not sure, say so instead of guessing.<|im_end|>
<|im_start|>user
Give me a concise explanation of the next Spider-Verse movie listed after Across the Spider-Verse.<|im_end|>
<|im_start|>assistant
The Numbers franchise listing currently places Spider-Man: Beyond the Spider-Verse on June 17, 2027, but this should be treated as a current listing rather than an immutable fact.<|im_end|>"
train,138,future,Beyond the Spider-Verse,researched_summary,Spider.csv,138,original,"You are a knowledgeable assistant that answers questions about Spider-Man across comics, films, games and television. Answer accurately and concisely. If you are not sure, say so instead of guessing.",What is the next Spider-Verse movie listed after Across the Spider-Verse?,"The Numbers franchise listing currently places Spider-Man: Beyond the Spider-Verse on June 17, 2027, but this should be treated as a current listing rather than an immutable fact.","The Numbers franchise listing currently places Spider-Man: Beyond the Spider-Verse on June 17, 2027, but this should be treated as a current listing rather than an immutable fact.","[{""role"": ""system"", ""content"": ""You are a knowledgeable assistant that answers questions about Spider-Man across comics, films, games and television. Answer accurately and concisely. If you are not sure, say so instead of guessing.""}, {""role"": ""user"", ""content"": ""What is the next Spider-Verse movie listed after Across the Spider-Verse?""}, {""role"": ""assistant"", ""content"": ""The Numbers franchise listing currently places Spider-Man: Beyond the Spider-Verse on June 17, 2027, but this should be treated as a current listing rather than an immutable fact.""}]","<|im_start|>system
You are a knowledgeable assistant that answers questions about Spider-Man across comics, films, games and television. Answer accurately and concisely. If you are not sure, say so instead of guessing.<|im_end|>
<|im_start|>user
What is the next Spider-Verse movie listed after Across the Spider-Verse?<|im_end|>
<|im_start|>assistant
The Numbers franchise listing currently places Spider-Man: Beyond the Spider-Verse on June 17, 2027, but this should be treated as a current listing rather than an immutable fact.<|im_end|>"
train,141,future,Brand New Day status,researched_summary,Spider.csv,141,original,"You are a knowledgeable assistant that answers questions about Spider-Man across comics, films, games and television. Answer accurately and concisely. If you are not sure, say so instead of guessing.",Give me a concise explanation of the major live-action Spider-Man project in 2026.,"As of August 28, 2026, Sony lists Spider-Man: Brand New Day as a 2026 film starring Tom Holland, directed by Destin Daniel Cretton.","As of August 28, 2026, Sony lists Spider-Man: Brand New Day as a 2026 film starring Tom Holland, directed by Destin Daniel Cretton.","[{""role"": ""system"", ""content"": ""You are a knowledgeable assistant that answers questions about Spider-Man across comics, films, games and television. Answer accurately and concisely. If you are not sure, say so instead of guessing.""}, {""role"": ""user"", ""content"": ""Give me a concise explanation of the major live-action Spider-Man project in 2026.""}, {""role"": ""assistant"", ""content"": ""As of August 28, 2026, Sony lists Spider-Man: Brand New Day as a 2026 film starring Tom Holland, directed by Destin Daniel Cretton.""}]","<|im_start|>system
You are a knowledgeable assistant that answers questions about Spider-Man across comics, films, games and television. Answer accurately and concisely. If you are not sure, say so instead of guessing.<|im_end|>
<|im_start|>user
Give me a concise explanation of the major live-action Spider-Man project in 2026.<|im_end|>
<|im_start|>assistant
As of August 28, 2026, Sony lists Spider-Man: Brand New Day as a 2026 film starring Tom Holland, directed by Destin Daniel Cretton.<|im_end|>"
train,142,future,Brand New Day status,researched_summary,Spider.csv,142,original,"You are a knowledgeable assistant that answers questions about Spider-Man across comics, films, games and television. Answer accurately and concisely. If you are not sure, say so instead of guessing.",What is the major live-action Spider-Man project in 2026?,"As of August 28, 2026, Sony lists Spider-Man: Brand New Day as a 2026 film starring Tom Holland, directed by Destin Daniel Cretton.","As of August 28, 2026, Sony lists Spider-Man: Brand New Day as a 2026 film starring Tom Holland, directed by Destin Daniel Cretton.","[{""role"": ""system"", ""content"": ""You are a knowledgeable assistant that answers questions about Spider-Man across comics, films, games and television. Answer accurately and concisely. If you are not sure, say so instead of guessing.""}, {""role"": ""user"", ""content"": ""What is the major live-action Spider-Man project in 2026?""}, {""role"": ""assistant"", ""content"": ""As of August 28, 2026, Sony lists Spider-Man: Brand New Day as a 2026 film starring Tom Holland, directed by Destin Daniel Cretton.""}]","<|im_start|>system
You are a knowledgeable assistant that answers questions about Spider-Man across comics, films, games and television. Answer accurately and concisely. If you are not sure, say so instead of guessing.<|im_end|>
<|im_start|>user
What is the major live-action Spider-Man project in 2026?<|im_end|>
<|im_start|>assistant
As of August 28, 2026, Sony lists Spider-Man: Brand New Day as a 2026 film starring Tom Holland, directed by Destin Daniel Cretton.<|im_end|>"
train,160,games,Spider-Man 2 villains,researched_summary,Spider.csv,160,original,"You are a knowledgeable assistant that answers questions about Spider-Man across comics, films, games and television. Answer accurately and concisely. If you are not sure, say so instead of guessing.",Which major villains appear in Marvel's Spider-Man 2?,"Marvel's Spider-Man 2 features Venom, Kraven the Hunter, Lizard and other villains.","Marvel's Spider-Man 2 features Venom, Kraven the Hunter, Lizard and other villains.","[{""role"": ""system"", ""content"": ""You are a knowledgeable assistant that answers questions about Spider-Man across comics, films, games and television. Answer accurately and concisely. If you are not sure, say so instead of guessing.""}, {""role"": ""user"", ""content"": ""Which major villains appear in Marvel's Spider-Man 2?""}, {""role"": ""assistant"", ""content"": ""Marvel's Spider-Man 2 features Venom, Kraven the Hunter, Lizard and other villains.""}]","<|im_start|>system
You are a knowledgeable assistant that answers questions about Spider-Man across comics, films, games and television. Answer accurately and concisely. If you are not sure, say so instead of guessing.<|im_end|>
<|im_start|>user
Which major villains appear in Marvel's Spider-Man 2?<|im_end|>
<|im_start|>assistant
Marvel's Spider-Man 2 features Venom, Kraven the Hunter, Lizard and other villains.<|im_end|>"
train,154,games,Miles Morales game,model_knowledge,added_by_claude,154,original,"You are a knowledgeable assistant that answers questions about Spider-Man across comics, films, games and television. Answer accurately and concisely. If you are not sure, say so instead of guessing.",What is Marvel's Spider-Man: Miles Morales?,"Marvel's Spider-Man: Miles Morales is a 2020 Insomniac Games standalone follow-up to the 2018 game, focused on Miles as the lead Spider-Man.","Marvel's Spider-Man: Miles Morales is a 2020 Insomniac Games standalone follow-up to the 2018 game, focused on Miles as the lead Spider-Man.","[{""role"": ""system"", ""content"": ""You are a knowledgeable assistant that answers questions about Spider-Man across comics, films, games and television. Answer accurately and concisely. If you are not sure, say so instead of guessing.""}, {""role"": ""user"", ""content"": ""What is Marvel's Spider-Man: Miles Morales?""}, {""role"": ""assistant"", ""content"": ""Marvel's Spider-Man: Miles Morales is a 2020 Insomniac Games standalone follow-up to the 2018 game, focused on Miles as the lead Spider-Man.""}]","<|im_start|>system
You are a knowledgeable assistant that answers questions about Spider-Man across comics, films, games and television. Answer accurately and concisely. If you are not sure, say so instead of guessing.<|im_end|>
<|im_start|>user
What is Marvel's Spider-Man: Miles Morales?<|im_end|>
<|im_start|>assistant
Marvel's Spider-Man: Miles Morales is a 2020 Insomniac Games standalone follow-up to the 2018 game, focused on Miles as the lead Spider-Man.<|im_end|>"
train,155,games,Spider-Man 2 2004 game,model_knowledge,added_by_claude,155,original,"You are a knowledgeable assistant that answers questions about Spider-Man across comics, films, games and television. Answer accurately and concisely. If you are not sure, say so instead of guessing.",What was notable about the Spider-Man 2 game from 2004?,"The 2004 Spider-Man 2 tie-in game is remembered for its open-world New York and its physics-based web-swinging, where webs attached to actual buildings. It influenced later Spider-Man games.","The 2004 Spider-Man 2 tie-in game is remembered for its open-world New York and its physics-based web-swinging, where webs attached to actual buildings. It influenced later Spider-Man games.","[{""role"": ""system"", ""content"": ""You are a knowledgeable assistant that answers questions about Spider-Man across comics, films, games and television. Answer accurately and concisely. If you are not sure, say so instead of guessing.""}, {""role"": ""user"", ""content"": ""What was notable about the Spider-Man 2 game from 2004?""}, {""role"": ""assistant"", ""content"": ""The 2004 Spider-Man 2 tie-in game is remembered for its open-world New York and its physics-based web-swinging, where webs attached to actual buildings. It influenced later Spider-Man games.""}]","<|im_start|>system
You are a knowledgeable assistant that answers questions about Spider-Man across comics, films, games and television. Answer accurately and concisely. If you are not sure, say so instead of guessing.<|im_end|>
<|im_start|>user
What was notable about the Spider-Man 2 game from 2004?<|im_end|>
<|im_start|>assistant
The 2004 Spider-Man 2 tie-in game is remembered for its open-world New York and its physics-based web-swinging, where webs attached to actual buildings. It influenced later Spider-Man games.<|im_end|>"
train,156,games,Spider-Man 2 developer,researched_summary,Spider.csv,156,original,"You are a knowledgeable assistant that answers questions about Spider-Man across comics, films, games and television. Answer accurately and concisely. If you are not sure, say so instead of guessing.",Who developed Marvel's Spider-Man 2?,Marvel's Spider-Man 2 was developed by Insomniac Games.,Marvel's Spider-Man 2 was developed by Insomniac Games.,"[{""role"": ""system"", ""content"": ""You are a knowledgeable assistant that answers questions about Spider-Man across comics, films, games and television. Answer accurately and concisely. If you are not sure, say so instead of guessing.""}, {""role"": ""user"", ""content"": ""Who developed Marvel's Spider-Man 2?""}, {""role"": ""assistant"", ""content"": ""Marvel's Spider-Man 2 was developed by Insomniac Games.""}]","<|im_start|>system
You are a knowledgeable assistant that answers questions about Spider-Man across comics, films, games and television. Answer accurately and concisely. If you are not sure, say so instead of guessing.<|im_end|>
<|im_start|>user
Who developed Marvel's Spider-Man 2?<|im_end|>
<|im_start|>assistant
Marvel's Spider-Man 2 was developed by Insomniac Games.<|im_end|>"
train,161,games,Web of Shadows,model_knowledge,added_by_claude,161,original,"You are a knowledgeable assistant that answers questions about Spider-Man across comics, films, games and television. Answer accurately and concisely. If you are not sure, say so instead of guessing.",What is Spider-Man: Web of Shadows?,Spider-Man: Web of Shadows is a 2008 action game built around a symbiote invasion of New York and a choice system between Spider-Man's red suit and black suit styles.,Spider-Man: Web of Shadows is a 2008 action game built around a symbiote invasion of New York and a choice system between Spider-Man's red suit and black suit styles.,"[{""role"": ""system"", ""content"": ""You are a knowledgeable assistant that answers questions about Spider-Man across comics, films, games and television. Answer accurately and concisely. If you are not sure, say so instead of guessing.""}, {""role"": ""user"", ""content"": ""What is Spider-Man: Web of Shadows?""}, {""role"": ""assistant"", ""content"": ""Spider-Man: Web of Shadows is a 2008 action game built around a symbiote invasion of New York and a choice system between Spider-Man's red suit and black suit styles.""}]","<|im_start|>system
You are a knowledgeable assistant that answers questions about Spider-Man across comics, films, games and television. Answer accurately and concisely. If you are not sure, say so instead of guessing.<|im_end|>
<|im_start|>user
What is Spider-Man: Web of Shadows?<|im_end|>
<|im_start|>assistant
Spider-Man: Web of Shadows is a 2008 action game built around a symbiote invasion of New York and a choice system between Spider-Man's red suit and black suit styles.<|im_end|>"
train,150,games,Marvel's Spider-Man protagonist,researched_summary,Spider.csv,150,original,"You are a knowledgeable assistant that answers questions about Spider-Man across comics, films, games and television. Answer accurately and concisely. If you are not sure, say so instead of guessing.",Tell me about the main Spider-Man in Marvel's Spider-Man.,Marvel's Spider-Man presents an experienced Peter Parker as its main playable Spider-Man.,Marvel's Spider-Man presents an experienced Peter Parker as its main playable Spider-Man.,"[{""role"": ""system"", ""content"": ""You are a knowledgeable assistant that answers questions about Spider-Man across comics, films, games and television. Answer accurately and concisely. If you are not sure, say so instead of guessing.""}, {""role"": ""user"", ""content"": ""Tell me about the main Spider-Man in Marvel's Spider-Man.""}, {""role"": ""assistant"", ""content"": ""Marvel's Spider-Man presents an experienced Peter Parker as its main playable Spider-Man.""}]","<|im_start|>system
You are a knowledgeable assistant that answers questions about Spider-Man across comics, films, games and television. Answer accurately and concisely. If you are not sure, say so instead of guessing.<|im_end|>
<|im_start|>user
Tell me about the main Spider-Man in Marvel's Spider-Man.<|im_end|>
<|im_start|>assistant
Marvel's Spider-Man presents an experienced Peter Parker as its main playable Spider-Man.<|im_end|>"
train,151,games,Marvel's Spider-Man protagonist,researched_summary,Spider.csv,151,original,"You are a knowledgeable assistant that answers questions about Spider-Man across comics, films, games and television. Answer accurately and concisely. If you are not sure, say so instead of guessing.",Who is the main Spider-Man in Marvel's Spider-Man?,Marvel's Spider-Man presents an experienced Peter Parker as its main playable Spider-Man.,Marvel's Spider-Man presents an experienced Peter Parker as its main playable Spider-Man.,"[{""role"": ""system"", ""content"": ""You are a knowledgeable assistant that answers questions about Spider-Man across comics, films, games and television. Answer accurately and concisely. If you are not sure, say so instead of guessing.""}, {""role"": ""user"", ""content"": ""Who is the main Spider-Man in Marvel's Spider-Man?""}, {""role"": ""assistant"", ""content"": ""Marvel's Spider-Man presents an experienced Peter Parker as its main playable Spider-Man.""}]","<|im_start|>system
You are a knowledgeable assistant that answers questions about Spider-Man across comics, films, games and television. Answer accurately and concisely. If you are not sure, say so instead of guessing.<|im_end|>
<|im_start|>user
Who is the main Spider-Man in Marvel's Spider-Man?<|im_end|>
<|im_start|>assistant
Marvel's Spider-Man presents an experienced Peter Parker as its main playable Spider-Man.<|im_end|>"
train,148,games,Marvel's Spider-Man 2,researched_summary,Spider.csv,148,original,"You are a knowledgeable assistant that answers questions about Spider-Man across comics, films, games and television. Answer accurately and concisely. If you are not sure, say so instead of guessing.",Give me a concise explanation of Marvel's Spider-Man 2.,Marvel's Spider-Man 2 is a 2023 PS5 action-adventure game featuring both Peter Parker and Miles Morales.,Marvel's Spider-Man 2 is a 2023 PS5 action-adventure game featuring both Peter Parker and Miles Morales.,"[{""role"": ""system"", ""content"": ""You are a knowledgeable assistant that answers questions about Spider-Man across comics, films, games and television. Answer accurately and concisely. If you are not sure, say so instead of guessing.""}, {""role"": ""user"", ""content"": ""Give me a concise explanation of Marvel's Spider-Man 2.""}, {""role"": ""assistant"", ""content"": ""Marvel's Spider-Man 2 is a 2023 PS5 action-adventure game featuring both Peter Parker and Miles Morales.""}]","<|im_start|>system
You are a knowledgeable assistant that answers questions about Spider-Man across comics, films, games and television. Answer accurately and concisely. If you are not sure, say so instead of guessing.<|im_end|>
<|im_start|>user
Give me a concise explanation of Marvel's Spider-Man 2.<|im_end|>
<|im_start|>assistant
Marvel's Spider-Man 2 is a 2023 PS5 action-adventure game featuring both Peter Parker and Miles Morales.<|im_end|>"
train,149,games,Marvel's Spider-Man 2,researched_summary,Spider.csv,149,original,"You are a knowledgeable assistant that answers questions about Spider-Man across comics, films, games and television. Answer accurately and concisely. If you are not sure, say so instead of guessing.",What is Marvel's Spider-Man 2?,Marvel's Spider-Man 2 is a 2023 PS5 action-adventure game featuring both Peter Parker and Miles Morales.,Marvel's Spider-Man 2 is a 2023 PS5 action-adventure game featuring both Peter Parker and Miles Morales.,"[{""role"": ""system"", ""content"": ""You are a knowledgeable assistant that answers questions about Spider-Man across comics, films, games and television. Answer accurately and concisely. If you are not sure, say so instead of guessing.""}, {""role"": ""user"", ""content"": ""What is Marvel's Spider-Man 2?""}, {""role"": ""assistant"", ""content"": ""Marvel's Spider-Man 2 is a 2023 PS5 action-adventure game featuring both Peter Parker and Miles Morales.""}]","<|im_start|>system
You are a knowledgeable assistant that answers questions about Spider-Man across comics, films, games and television. Answer accurately and concisely. If you are not sure, say so instead of guessing.<|im_end|>
<|im_start|>user
What is Marvel's Spider-Man 2?<|im_end|>
<|im_start|>assistant
Marvel's Spider-Man 2 is a 2023 PS5 action-adventure game featuring both Peter Parker and Miles Morales.<|im_end|>"
train,157,games,Spider-Man 2 playable heroes,researched_summary,Spider.csv,157,original,"You are a knowledgeable assistant that answers questions about Spider-Man across comics, films, games and television. Answer accurately and concisely. If you are not sure, say so instead of guessing.",Can you play as both Peter and Miles in Spider-Man 2?,Marvel's Spider-Man 2 lets players switch between Peter Parker and Miles Morales.,Marvel's Spider-Man 2 lets players switch between Peter Parker and Miles Morales.,"[{""role"": ""system"", ""content"": ""You are a knowledgeable assistant that answers questions about Spider-Man across comics, films, games and television. Answer accurately and concisely. If you are not sure, say so instead of guessing.""}, {""role"": ""user"", ""content"": ""Can you play as both Peter and Miles in Spider-Man 2?""}, {""role"": ""assistant"", ""content"": ""Marvel's Spider-Man 2 lets players switch between Peter Parker and Miles Morales.""}]","<|im_start|>system
You are a knowledgeable assistant that answers questions about Spider-Man across comics, films, games and television. Answer accurately and concisely. If you are not sure, say so instead of guessing.<|im_end|>
<|im_start|>user
Can you play as both Peter and Miles in Spider-Man 2?<|im_end|>
<|im_start|>assistant
Marvel's Spider-Man 2 lets players switch between Peter Parker and Miles Morales.<|im_end|>"
train,145,games,Insomniac Games,researched_summary,Spider.csv,145,original,"You are a knowledgeable assistant that answers questions about Spider-Man across comics, films, games and television. Answer accurately and concisely. If you are not sure, say so instead of guessing.",Which studio developed the modern Spider-Man PlayStation games?,Insomniac Games developed the modern Marvel's Spider-Man game series for PlayStation.,Insomniac Games developed the modern Marvel's Spider-Man game series for PlayStation.,"[{""role"": ""system"", ""content"": ""You are a knowledgeable assistant that answers questions about Spider-Man across comics, films, games and television. Answer accurately and concisely. If you are not sure, say so instead of guessing.""}, {""role"": ""user"", ""content"": ""Which studio developed the modern Spider-Man PlayStation games?""}, {""role"": ""assistant"", ""content"": ""Insomniac Games developed the modern Marvel's Spider-Man game series for PlayStation.""}]","<|im_start|>system
You are a knowledgeable assistant that answers questions about Spider-Man across comics, films, games and television. Answer accurately and concisely. If you are not sure, say so instead of guessing.<|im_end|>
<|im_start|>user
Which studio developed the modern Spider-Man PlayStation games?<|im_end|>
<|im_start|>assistant
Insomniac Games developed the modern Marvel's Spider-Man game series for PlayStation.<|im_end|>"
train,159,games,Spider-Man 2 setting,researched_summary,Spider.csv,159,original,"You are a knowledgeable assistant that answers questions about Spider-Man across comics, films, games and television. Answer accurately and concisely. If you are not sure, say so instead of guessing.",Where is Marvel's Spider-Man 2 set?,Marvel's Spider-Man 2 expands its version of Marvel's New York to include areas such as Brooklyn and Queens.,Marvel's Spider-Man 2 expands its version of Marvel's New York to include areas such as Brooklyn and Queens.,"[{""role"": ""system"", ""content"": ""You are a knowledgeable assistant that answers questions about Spider-Man across comics, films, games and television. Answer accurately and concisely. If you are not sure, say so instead of guessing.""}, {""role"": ""user"", ""content"": ""Where is Marvel's Spider-Man 2 set?""}, {""role"": ""assistant"", ""content"": ""Marvel's Spider-Man 2 expands its version of Marvel's New York to include areas such as Brooklyn and Queens.""}]","<|im_start|>system
You are a knowledgeable assistant that answers questions about Spider-Man across comics, films, games and television. Answer accurately and concisely. If you are not sure, say so instead of guessing.<|im_end|>
<|im_start|>user
Where is Marvel's Spider-Man 2 set?<|im_end|>
<|im_start|>assistant
Marvel's Spider-Man 2 expands its version of Marvel's New York to include areas such as Brooklyn and Queens.<|im_end|>"
train,152,games,Marvel's Spider-Man: Miles Morales,researched_summary,Spider.csv,152,original,"You are a knowledgeable assistant that answers questions about Spider-Man across comics, films, games and television. Answer accurately and concisely. If you are not sure, say so instead of guessing.",Give me a concise explanation of Marvel's Spider-Man: Miles Morales.,Marvel's Spider-Man: Miles Morales is a follow-up game centered on Miles Morales and his life as Spider-Man.,Marvel's Spider-Man: Miles Morales is a follow-up game centered on Miles Morales and his life as Spider-Man.,"[{""role"": ""system"", ""content"": ""You are a knowledgeable assistant that answers questions about Spider-Man across comics, films, games and television. Answer accurately and concisely. If you are not sure, say so instead of guessing.""}, {""role"": ""user"", ""content"": ""Give me a concise explanation of Marvel's Spider-Man: Miles Morales.""}, {""role"": ""assistant"", ""content"": ""Marvel's Spider-Man: Miles Morales is a follow-up game centered on Miles Morales and his life as Spider-Man.""}]","<|im_start|>system
You are a knowledgeable assistant that answers questions about Spider-Man across comics, films, games and television. Answer accurately and concisely. If you are not sure, say so instead of guessing.<|im_end|>
<|im_start|>user
Give me a concise explanation of Marvel's Spider-Man: Miles Morales.<|im_end|>
<|im_start|>assistant
Marvel's Spider-Man: Miles Morales is a follow-up game centered on Miles Morales and his life as Spider-Man.<|im_end|>"
train,153,games,Marvel's Spider-Man: Miles Morales,researched_summary,Spider.csv,153,original,"You are a knowledgeable assistant that answers questions about Spider-Man across comics, films, games and television. Answer accurately and concisely. If you are not sure, say so instead of guessing.",What is Marvel's Spider-Man: Miles Morales?,Marvel's Spider-Man: Miles Morales is a follow-up game centered on Miles Morales and his life as Spider-Man.,Marvel's Spider-Man: Miles Morales is a follow-up game centered on Miles Morales and his life as Spider-Man.,"[{""role"": ""system"", ""content"": ""You are a knowledgeable assistant that answers questions about Spider-Man across comics, films, games and television. Answer accurately and concisely. If you are not sure, say so instead of guessing.""}, {""role"": ""user"", ""content"": ""What is Marvel's Spider-Man: Miles Morales?""}, {""role"": ""assistant"", ""content"": ""Marvel's Spider-Man: Miles Morales is a follow-up game centered on Miles Morales and his life as Spider-Man.""}]","<|im_start|>system
You are a knowledgeable assistant that answers questions about Spider-Man across comics, films, games and television. Answer accurately and concisely. If you are not sure, say so instead of guessing.<|im_end|>
<|im_start|>user
What is Marvel's Spider-Man: Miles Morales?<|im_end|>
<|im_start|>assistant
Marvel's Spider-Man: Miles Morales is a follow-up game centered on Miles Morales and his life as Spider-Man.<|im_end|>"
train,179,grounding,unverified favorite food,grounding_example,Spider.csv,179,original,"You are a knowledgeable assistant that answers questions about Spider-Man across comics, films, games and television. Answer accurately and concisely. If you are not sure, say so instead of guessing.",What is Peter Parker's officially confirmed favorite food?,There is no single universally established official answer across Spider-Man continuities. The AI should not invent one.,There is no single universally established official answer across Spider-Man continuities. The AI should not invent one.,"[{""role"": ""system"", ""content"": ""You are a knowledgeable assistant that answers questions about Spider-Man across comics, films, games and television. Answer accurately and concisely. If you are not sure, say so instead of guessing.""}, {""role"": ""user"", ""content"": ""What is Peter Parker's officially confirmed favorite food?""}, {""role"": ""assistant"", ""content"": ""There is no single universally established official answer across Spider-Man continuities. The AI should not invent one.""}]","<|im_start|>system
You are a knowledgeable assistant that answers questions about Spider-Man across comics, films, games and television. Answer accurately and concisely. If you are not sure, say so instead of guessing.<|im_end|>
<|im_start|>user
What is Peter Parker's officially confirmed favorite food?<|im_end|>
<|im_start|>assistant
There is no single universally established official answer across Spider-Man continuities. The AI should not invent one.<|im_end|>"
train,174,grounding,future projects,researched_summary,Spider.csv,174,original,"You are a knowledgeable assistant that answers questions about Spider-Man across comics, films, games and television. Answer accurately and concisely. If you are not sure, say so instead of guessing.",How should the model distinguish confirmed Spider-Man projects from rumors — explain briefly.,"The model should distinguish officially announced projects from rumors, leaks or fan theories.","The model should distinguish officially announced projects from rumors, leaks or fan theories.","[{""role"": ""system"", ""content"": ""You are a knowledgeable assistant that answers questions about Spider-Man across comics, films, games and television. Answer accurately and concisely. If you are not sure, say so instead of guessing.""}, {""role"": ""user"", ""content"": ""How should the model distinguish confirmed Spider-Man projects from rumors — explain briefly.""}, {""role"": ""assistant"", ""content"": ""The model should distinguish officially announced projects from rumors, leaks or fan theories.""}]","<|im_start|>system
You are a knowledgeable assistant that answers questions about Spider-Man across comics, films, games and television. Answer accurately and concisely. If you are not sure, say so instead of guessing.<|im_end|>
<|im_start|>user
How should the model distinguish confirmed Spider-Man projects from rumors — explain briefly.<|im_end|>
<|im_start|>assistant
The model should distinguish officially announced projects from rumors, leaks or fan theories.<|im_end|>"
train,175,grounding,future projects,researched_summary,Spider.csv,175,original,"You are a knowledgeable assistant that answers questions about Spider-Man across comics, films, games and television. Answer accurately and concisely. If you are not sure, say so instead of guessing.",How should the model distinguish confirmed Spider-Man projects from rumors?,"The model should distinguish officially announced projects from rumors, leaks or fan theories.","The model should distinguish officially announced projects from rumors, leaks or fan theories.","[{""role"": ""system"", ""content"": ""You are a knowledgeable assistant that answers questions about Spider-Man across comics, films, games and television. Answer accurately and concisely. If you are not sure, say so instead of guessing.""}, {""role"": ""user"", ""content"": ""How should the model distinguish confirmed Spider-Man projects from rumors?""}, {""role"": ""assistant"", ""content"": ""The model should distinguish officially announced projects from rumors, leaks or fan theories.""}]","<|im_start|>system
You are a knowledgeable assistant that answers questions about Spider-Man across comics, films, games and television. Answer accurately and concisely. If you are not sure, say so instead of guessing.<|im_end|>
<|im_start|>user
How should the model distinguish confirmed Spider-Man projects from rumors?<|im_end|>
<|im_start|>assistant
The model should distinguish officially announced projects from rumors, leaks or fan theories.<|im_end|>"
train,167,grounding,No opinion claim,model_knowledge,added_by_claude,167,original,"You are a knowledgeable assistant that answers questions about Spider-Man across comics, films, games and television. Answer accurately and concisely. If you are not sure, say so instead of guessing.",Is Spider-Man the best superhero?,"That's a matter of taste rather than fact. He's among the most popular and commercially successful superheroes, but 'best' isn't something I can settle for you.","That's a matter of taste rather than fact. He's among the most popular and commercially successful superheroes, but 'best' isn't something I can settle for you.","[{""role"": ""system"", ""content"": ""You are a knowledgeable assistant that answers questions about Spider-Man across comics, films, games and television. Answer accurately and concisely. If you are not sure, say so instead of guessing.""}, {""role"": ""user"", ""content"": ""Is Spider-Man the best superhero?""}, {""role"": ""assistant"", ""content"": ""That's a matter of taste rather than fact. He's among the most popular and commercially successful superheroes, but 'best' isn't something I can settle for you.""}]","<|im_start|>system
You are a knowledgeable assistant that answers questions about Spider-Man across comics, films, games and television. Answer accurately and concisely. If you are not sure, say so instead of guessing.<|im_end|>
<|im_start|>user
Is Spider-Man the best superhero?<|im_end|>
<|im_start|>assistant
That's a matter of taste rather than fact. He's among the most popular and commercially successful superheroes, but 'best' isn't something I can settle for you.<|im_end|>"
train,166,grounding,Miles continuity,grounding_example,Spider.csv,166,original,"You are a knowledgeable assistant that answers questions about Spider-Man across comics, films, games and television. Answer accurately and concisely. If you are not sure, say so instead of guessing.",Is Miles Morales exactly the same character in every Spider-Man movie and comic?,"No. Miles exists in different continuities and adaptations, so details about his origin, relationships and powers can differ.","No. Miles exists in different continuities and adaptations, so details about his origin, relationships and powers can differ.","[{""role"": ""system"", ""content"": ""You are a knowledgeable assistant that answers questions about Spider-Man across comics, films, games and television. Answer accurately and concisely. If you are not sure, say so instead of guessing.""}, {""role"": ""user"", ""content"": ""Is Miles Morales exactly the same character in every Spider-Man movie and comic?""}, {""role"": ""assistant"", ""content"": ""No. Miles exists in different continuities and adaptations, so details about his origin, relationships and powers can differ.""}]","<|im_start|>system
You are a knowledgeable assistant that answers questions about Spider-Man across comics, films, games and television. Answer accurately and concisely. If you are not sure, say so instead of guessing.<|im_end|>
<|im_start|>user
Is Miles Morales exactly the same character in every Spider-Man movie and comic?<|im_end|>
<|im_start|>assistant
No. Miles exists in different continuities and adaptations, so details about his origin, relationships and powers can differ.<|im_end|>"
train,173,grounding,financial figures,researched_summary,Spider.csv,173,original,"You are a knowledgeable assistant that answers questions about Spider-Man across comics, films, games and television. Answer accurately and concisely. If you are not sure, say so instead of guessing.",Why should movie financial figures be source-labeled?,Movie budgets and box-office totals should be labeled as source-reported figures because databases can differ in accounting methods and later reissues.,Movie budgets and box-office totals should be labeled as source-reported figures because databases can differ in accounting methods and later reissues.,"[{""role"": ""system"", ""content"": ""You are a knowledgeable assistant that answers questions about Spider-Man across comics, films, games and television. Answer accurately and concisely. If you are not sure, say so instead of guessing.""}, {""role"": ""user"", ""content"": ""Why should movie financial figures be source-labeled?""}, {""role"": ""assistant"", ""content"": ""Movie budgets and box-office totals should be labeled as source-reported figures because databases can differ in accounting methods and later reissues.""}]","<|im_start|>system
You are a knowledgeable assistant that answers questions about Spider-Man across comics, films, games and television. Answer accurately and concisely. If you are not sure, say so instead of guessing.<|im_end|>
<|im_start|>user
Why should movie financial figures be source-labeled?<|im_end|>
<|im_start|>assistant
Movie budgets and box-office totals should be labeled as source-reported figures because databases can differ in accounting methods and later reissues.<|im_end|>"
train,169,grounding,Speculation,model_knowledge,added_by_claude,169,original,"You are a knowledgeable assistant that answers questions about Spider-Man across comics, films, games and television. Answer accurately and concisely. If you are not sure, say so instead of guessing.",Will there be a Spider-Man film in 2030?,I can't say. Studio release schedules change often and I don't have confirmed information about films that far out.,I can't say. Studio release schedules change often and I don't have confirmed information about films that far out.,"[{""role"": ""system"", ""content"": ""You are a knowledgeable assistant that answers questions about Spider-Man across comics, films, games and television. Answer accurately and concisely. If you are not sure, say so instead of guessing.""}, {""role"": ""user"", ""content"": ""Will there be a Spider-Man film in 2030?""}, {""role"": ""assistant"", ""content"": ""I can't say. Studio release schedules change often and I don't have confirmed information about films that far out.""}]","<|im_start|>system
You are a knowledgeable assistant that answers questions about Spider-Man across comics, films, games and television. Answer accurately and concisely. If you are not sure, say so instead of guessing.<|im_end|>
<|im_start|>user
Will there be a Spider-Man film in 2030?<|im_end|>
<|im_start|>assistant
I can't say. Studio release schedules change often and I don't have confirmed information about films that far out.<|im_end|>"
train,170,grounding,Unknown detail,model_knowledge,added_by_claude,170,original,"You are a knowledgeable assistant that answers questions about Spider-Man across comics, films, games and television. Answer accurately and concisely. If you are not sure, say so instead of guessing.",What is Spider-Man's exact bench press in kilograms?,"I don't have a reliable single figure for that. Spider-Man's strength is written inconsistently across decades and continuities, so any specific number would depend on which source you are using.","I don't have a reliable single figure for that. Spider-Man's strength is written inconsistently across decades and continuities, so any specific number would depend on which source you are using.","[{""role"": ""system"", ""content"": ""You are a knowledgeable assistant that answers questions about Spider-Man across comics, films, games and television. Answer accurately and concisely. If you are not sure, say so instead of guessing.""}, {""role"": ""user"", ""content"": ""What is Spider-Man's exact bench press in kilograms?""}, {""role"": ""assistant"", ""content"": ""I don't have a reliable single figure for that. Spider-Man's strength is written inconsistently across decades and continuities, so any specific number would depend on which source you are using.""}]","<|im_start|>system
You are a knowledgeable assistant that answers questions about Spider-Man across comics, films, games and television. Answer accurately and concisely. If you are not sure, say so instead of guessing.<|im_end|>
<|im_start|>user
What is Spider-Man's exact bench press in kilograms?<|im_end|>
<|im_start|>assistant
I don't have a reliable single figure for that. Spider-Man's strength is written inconsistently across decades and continuities, so any specific number would depend on which source you are using.<|im_end|>"
train,168,grounding,Out of scope,model_knowledge,added_by_claude,168,original,"You are a knowledgeable assistant that answers questions about Spider-Man across comics, films, games and television. Answer accurately and concisely. If you are not sure, say so instead of guessing.",What is the capital of Brazil?,"That isn't a Spider-Man question, but the answer is Brasilia.","That isn't a Spider-Man question, but the answer is Brasilia.","[{""role"": ""system"", ""content"": ""You are a knowledgeable assistant that answers questions about Spider-Man across comics, films, games and television. Answer accurately and concisely. If you are not sure, say so instead of guessing.""}, {""role"": ""user"", ""content"": ""What is the capital of Brazil?""}, {""role"": ""assistant"", ""content"": ""That isn't a Spider-Man question, but the answer is Brasilia.""}]","<|im_start|>system
You are a knowledgeable assistant that answers questions about Spider-Man across comics, films, games and television. Answer accurately and concisely. If you are not sure, say so instead of guessing.<|im_end|>
<|im_start|>user
What is the capital of Brazil?<|im_end|>
<|im_start|>assistant
That isn't a Spider-Man question, but the answer is Brasilia.<|im_end|>"
train,172,grounding,continuity,researched_summary,Spider.csv,172,original,"You are a knowledgeable assistant that answers questions about Spider-Man across comics, films, games and television. Answer accurately and concisely. If you are not sure, say so instead of guessing.",Why should the Spider-Man AI mention continuity?,"When answering a question that could refer to comics, MCU films, Sony films, animation or games, the model should identify the relevant continuity.","When answering a question that could refer to comics, MCU films, Sony films, animation or games, the model should identify the relevant continuity.","[{""role"": ""system"", ""content"": ""You are a knowledgeable assistant that answers questions about Spider-Man across comics, films, games and television. Answer accurately and concisely. If you are not sure, say so instead of guessing.""}, {""role"": ""user"", ""content"": ""Why should the Spider-Man AI mention continuity?""}, {""role"": ""assistant"", ""content"": ""When answering a question that could refer to comics, MCU films, Sony films, animation or games, the model should identify the relevant continuity.""}]","<|im_start|>system
You are a knowledgeable assistant that answers questions about Spider-Man across comics, films, games and television. Answer accurately and concisely. If you are not sure, say so instead of guessing.<|im_end|>
<|im_start|>user
Why should the Spider-Man AI mention continuity?<|im_end|>
<|im_start|>assistant
When answering a question that could refer to comics, MCU films, Sony films, animation or games, the model should identify the relevant continuity.<|im_end|>"
train,165,grounding,Fabrication resistance,model_knowledge,added_by_claude,165,original,"You are a knowledgeable assistant that answers questions about Spider-Man across comics, films, games and television. Answer accurately and concisely. If you are not sure, say so instead of guessing.",Which Spider-Man comic issue introduced the character Volt-Weaver?,"I'm not aware of a Spider-Man character by that name. It may be from a source I don't have, or the name may be inaccurate.","I'm not aware of a Spider-Man character by that name. It may be from a source I don't have, or the name may be inaccurate.","[{""role"": ""system"", ""content"": ""You are a knowledgeable assistant that answers questions about Spider-Man across comics, films, games and television. Answer accurately and concisely. If you are not sure, say so instead of guessing.""}, {""role"": ""user"", ""content"": ""Which Spider-Man comic issue introduced the character Volt-Weaver?""}, {""role"": ""assistant"", ""content"": ""I'm not aware of a Spider-Man character by that name. It may be from a source I don't have, or the name may be inaccurate.""}]","<|im_start|>system
You are a knowledgeable assistant that answers questions about Spider-Man across comics, films, games and television. Answer accurately and concisely. If you are not sure, say so instead of guessing.<|im_end|>
<|im_start|>user
Which Spider-Man comic issue introduced the character Volt-Weaver?<|im_end|>
<|im_start|>assistant
I'm not aware of a Spider-Man character by that name. It may be from a source I don't have, or the name may be inaccurate.<|im_end|>"
train,162,grounding,Ambiguous reference,model_knowledge,added_by_claude,162,original,"You are a knowledgeable assistant that answers questions about Spider-Man across comics, films, games and television. Answer accurately and concisely. If you are not sure, say so instead of guessing.",Who is Spider-Man?,"That depends on which Spider-Man you mean. Peter Parker is the original and primary Spider-Man, but Miles Morales, Ben Reilly, Otto Octavius, Miguel O'Hara and others have held the identity in different stories and realities.","That depends on which Spider-Man you mean. Peter Parker is the original and primary Spider-Man, but Miles Morales, Ben Reilly, Otto Octavius, Miguel O'Hara and others have held the identity in different stories and realities.","[{""role"": ""system"", ""content"": ""You are a knowledgeable assistant that answers questions about Spider-Man across comics, films, games and television. Answer accurately and concisely. If you are not sure, say so instead of guessing.""}, {""role"": ""user"", ""content"": ""Who is Spider-Man?""}, {""role"": ""assistant"", ""content"": ""That depends on which Spider-Man you mean. Peter Parker is the original and primary Spider-Man, but Miles Morales, Ben Reilly, Otto Octavius, Miguel O'Hara and others have held the identity in different stories and realities.""}]","<|im_start|>system
You are a knowledgeable assistant that answers questions about Spider-Man across comics, films, games and television. Answer accurately and concisely. If you are not sure, say so instead of guessing.<|im_end|>
<|im_start|>user
Who is Spider-Man?<|im_end|>
<|im_start|>assistant
That depends on which Spider-Man you mean. Peter Parker is the original and primary Spider-Man, but Miles Morales, Ben Reilly, Otto Octavius, Miguel O'Hara and others have held the identity in different stories and realities.<|im_end|>"
train,171,grounding,adaptation differences,grounding_example,Spider.csv,171,original,"You are a knowledgeable assistant that answers questions about Spider-Man across comics, films, games and television. Answer accurately and concisely. If you are not sure, say so instead of guessing.",Why is Ned Leeds different in the MCU compared with some comic stories?,"Adaptations can substantially reinterpret characters. The MCU's Ned is Peter's close friend and differs from several comic portrayals, so the answer should specify the continuity.","Adaptations can substantially reinterpret characters. The MCU's Ned is Peter's close friend and differs from several comic portrayals, so the answer should specify the continuity.","[{""role"": ""system"", ""content"": ""You are a knowledgeable assistant that answers questions about Spider-Man across comics, films, games and television. Answer accurately and concisely. If you are not sure, say so instead of guessing.""}, {""role"": ""user"", ""content"": ""Why is Ned Leeds different in the MCU compared with some comic stories?""}, {""role"": ""assistant"", ""content"": ""Adaptations can substantially reinterpret characters. The MCU's Ned is Peter's close friend and differs from several comic portrayals, so the answer should specify the continuity.""}]","<|im_start|>system
You are a knowledgeable assistant that answers questions about Spider-Man across comics, films, games and television. Answer accurately and concisely. If you are not sure, say so instead of guessing.<|im_end|>
<|im_start|>user
Why is Ned Leeds different in the MCU compared with some comic stories?<|im_end|>
<|im_start|>assistant
Adaptations can substantially reinterpret characters. The MCU's Ned is Peter's close friend and differs from several comic portrayals, so the answer should specify the continuity.<|im_end|>"
train,164,grounding,Date uncertainty,model_knowledge,added_by_claude,164,original,"You are a knowledgeable assistant that answers questions about Spider-Man across comics, films, games and television. Answer accurately and concisely. If you are not sure, say so instead of guessing.",What is the release date of the next Spider-Man film?,"I'd rather not state a date I can't verify. Announced release dates shift frequently, so it's worth checking Sony Pictures or Marvel directly for the current schedule.","I'd rather not state a date I can't verify. Announced release dates shift frequently, so it's worth checking Sony Pictures or Marvel directly for the current schedule.","[{""role"": ""system"", ""content"": ""You are a knowledgeable assistant that answers questions about Spider-Man across comics, films, games and television. Answer accurately and concisely. If you are not sure, say so instead of guessing.""}, {""role"": ""user"", ""content"": ""What is the release date of the next Spider-Man film?""}, {""role"": ""assistant"", ""content"": ""I'd rather not state a date I can't verify. Announced release dates shift frequently, so it's worth checking Sony Pictures or Marvel directly for the current schedule.""}]","<|im_start|>system
You are a knowledgeable assistant that answers questions about Spider-Man across comics, films, games and television. Answer accurately and concisely. If you are not sure, say so instead of guessing.<|im_end|>
<|im_start|>user
What is the release date of the next Spider-Man film?<|im_end|>
<|im_start|>assistant
I'd rather not state a date I can't verify. Announced release dates shift frequently, so it's worth checking Sony Pictures or Marvel directly for the current schedule.<|im_end|>"
train,185,movie_business,Far From Home worldwide,researched_summary,Spider.csv,185,original,"You are a knowledgeable assistant that answers questions about Spider-Man across comics, films, games and television. Answer accurately and concisely. If you are not sure, say so instead of guessing.",How much did Far From Home make worldwide?,Spider-Man: Far From Home earned about $1.132 billion worldwide according to The Numbers.,Spider-Man: Far From Home earned about $1.132 billion worldwide according to The Numbers.,"[{""role"": ""system"", ""content"": ""You are a knowledgeable assistant that answers questions about Spider-Man across comics, films, games and television. Answer accurately and concisely. If you are not sure, say so instead of guessing.""}, {""role"": ""user"", ""content"": ""How much did Far From Home make worldwide?""}, {""role"": ""assistant"", ""content"": ""Spider-Man: Far From Home earned about $1.132 billion worldwide according to The Numbers.""}]","<|im_start|>system
You are a knowledgeable assistant that answers questions about Spider-Man across comics, films, games and television. Answer accurately and concisely. If you are not sure, say so instead of guessing.<|im_end|>
<|im_start|>user
How much did Far From Home make worldwide?<|im_end|>
<|im_start|>assistant
Spider-Man: Far From Home earned about $1.132 billion worldwide according to The Numbers.<|im_end|>"
train,191,movie_business,No Way Home worldwide,researched_summary,Spider.csv,191,original,"You are a knowledgeable assistant that answers questions about Spider-Man across comics, films, games and television. Answer accurately and concisely. If you are not sure, say so instead of guessing.",How much did No Way Home make worldwide?,Spider-Man: No Way Home earned about $1.921 billion worldwide according to The Numbers.,Spider-Man: No Way Home earned about $1.921 billion worldwide according to The Numbers.,"[{""role"": ""system"", ""content"": ""You are a knowledgeable assistant that answers questions about Spider-Man across comics, films, games and television. Answer accurately and concisely. If you are not sure, say so instead of guessing.""}, {""role"": ""user"", ""content"": ""How much did No Way Home make worldwide?""}, {""role"": ""assistant"", ""content"": ""Spider-Man: No Way Home earned about $1.921 billion worldwide according to The Numbers.""}]","<|im_start|>system
You are a knowledgeable assistant that answers questions about Spider-Man across comics, films, games and television. Answer accurately and concisely. If you are not sure, say so instead of guessing.<|im_end|>
<|im_start|>user
How much did No Way Home make worldwide?<|im_end|>
<|im_start|>assistant
Spider-Man: No Way Home earned about $1.921 billion worldwide according to The Numbers.<|im_end|>"
train,199,movie_business,The Amazing Spider-Man worldwide,researched_summary,Spider.csv,199,original,"You are a knowledgeable assistant that answers questions about Spider-Man across comics, films, games and television. Answer accurately and concisely. If you are not sure, say so instead of guessing.",How much did The Amazing Spider-Man make worldwide?,The Amazing Spider-Man (2012) earned about $758.6 million worldwide according to The Numbers.,The Amazing Spider-Man (2012) earned about $758.6 million worldwide according to The Numbers.,"[{""role"": ""system"", ""content"": ""You are a knowledgeable assistant that answers questions about Spider-Man across comics, films, games and television. Answer accurately and concisely. If you are not sure, say so instead of guessing.""}, {""role"": ""user"", ""content"": ""How much did The Amazing Spider-Man make worldwide?""}, {""role"": ""assistant"", ""content"": ""The Amazing Spider-Man (2012) earned about $758.6 million worldwide according to The Numbers.""}]","<|im_start|>system
You are a knowledgeable assistant that answers questions about Spider-Man across comics, films, games and television. Answer accurately and concisely. If you are not sure, say so instead of guessing.<|im_end|>
<|im_start|>user
How much did The Amazing Spider-Man make worldwide?<|im_end|>
<|im_start|>assistant
The Amazing Spider-Man (2012) earned about $758.6 million worldwide according to The Numbers.<|im_end|>"
train,196,movie_business,The Amazing Spider-Man 2 budget,researched_summary,Spider.csv,196,original,"You are a knowledgeable assistant that answers questions about Spider-Man across comics, films, games and television. Answer accurately and concisely. If you are not sure, say so instead of guessing.",What was the budget of The Amazing Spider-Man 2?,The Amazing Spider-Man 2 (2014) had a reported production budget of about $200 million.,The Amazing Spider-Man 2 (2014) had a reported production budget of about $200 million.,"[{""role"": ""system"", ""content"": ""You are a knowledgeable assistant that answers questions about Spider-Man across comics, films, games and television. Answer accurately and concisely. If you are not sure, say so instead of guessing.""}, {""role"": ""user"", ""content"": ""What was the budget of The Amazing Spider-Man 2?""}, {""role"": ""assistant"", ""content"": ""The Amazing Spider-Man 2 (2014) had a reported production budget of about $200 million.""}]","<|im_start|>system
You are a knowledgeable assistant that answers questions about Spider-Man across comics, films, games and television. Answer accurately and concisely. If you are not sure, say so instead of guessing.<|im_end|>
<|im_start|>user
What was the budget of The Amazing Spider-Man 2?<|im_end|>
<|im_start|>assistant
The Amazing Spider-Man 2 (2014) had a reported production budget of about $200 million.<|im_end|>"
train,192,movie_business,Spider-Man (2002) budget,researched_summary,Spider.csv,192,original,"You are a knowledgeable assistant that answers questions about Spider-Man across comics, films, games and television. Answer accurately and concisely. If you are not sure, say so instead of guessing.",What was the budget of Spider-Man (2002)?,Spider-Man (2002) had a reported production budget of about $139 million in The Numbers database.,Spider-Man (2002) had a reported production budget of about $139 million in The Numbers database.,"[{""role"": ""system"", ""content"": ""You are a knowledgeable assistant that answers questions about Spider-Man across comics, films, games and television. Answer accurately and concisely. If you are not sure, say so instead of guessing.""}, {""role"": ""user"", ""content"": ""What was the budget of Spider-Man (2002)?""}, {""role"": ""assistant"", ""content"": ""Spider-Man (2002) had a reported production budget of about $139 million in The Numbers database.""}]","<|im_start|>system
You are a knowledgeable assistant that answers questions about Spider-Man across comics, films, games and television. Answer accurately and concisely. If you are not sure, say so instead of guessing.<|im_end|>
<|im_start|>user
What was the budget of Spider-Man (2002)?<|im_end|>
<|im_start|>assistant
Spider-Man (2002) had a reported production budget of about $139 million in The Numbers database.<|im_end|>"
train,186,movie_business,Homecoming budget,researched_summary,Spider.csv,186,original,"You are a knowledgeable assistant that answers questions about Spider-Man across comics, films, games and television. Answer accurately and concisely. If you are not sure, say so instead of guessing.",What was the budget of Spider-Man: Homecoming?,Spider-Man: Homecoming had a reported production budget of about $175 million in The Numbers database.,Spider-Man: Homecoming had a reported production budget of about $175 million in The Numbers database.,"[{""role"": ""system"", ""content"": ""You are a knowledgeable assistant that answers questions about Spider-Man across comics, films, games and television. Answer accurately and concisely. If you are not sure, say so instead of guessing.""}, {""role"": ""user"", ""content"": ""What was the budget of Spider-Man: Homecoming?""}, {""role"": ""assistant"", ""content"": ""Spider-Man: Homecoming had a reported production budget of about $175 million in The Numbers database.""}]","<|im_start|>system
You are a knowledgeable assistant that answers questions about Spider-Man across comics, films, games and television. Answer accurately and concisely. If you are not sure, say so instead of guessing.<|im_end|>
<|im_start|>user
What was the budget of Spider-Man: Homecoming?<|im_end|>
<|im_start|>assistant
Spider-Man: Homecoming had a reported production budget of about $175 million in The Numbers database.<|im_end|>"
train,197,movie_business,The Amazing Spider-Man 2 worldwide,researched_summary,Spider.csv,197,original,"You are a knowledgeable assistant that answers questions about Spider-Man across comics, films, games and television. Answer accurately and concisely. If you are not sure, say so instead of guessing.",How much did The Amazing Spider-Man 2 make worldwide?,The Amazing Spider-Man 2 (2014) earned about $709.7 million worldwide according to The Numbers.,The Amazing Spider-Man 2 (2014) earned about $709.7 million worldwide according to The Numbers.,"[{""role"": ""system"", ""content"": ""You are a knowledgeable assistant that answers questions about Spider-Man across comics, films, games and television. Answer accurately and concisely. If you are not sure, say so instead of guessing.""}, {""role"": ""user"", ""content"": ""How much did The Amazing Spider-Man 2 make worldwide?""}, {""role"": ""assistant"", ""content"": ""The Amazing Spider-Man 2 (2014) earned about $709.7 million worldwide according to The Numbers.""}]","<|im_start|>system
You are a knowledgeable assistant that answers questions about Spider-Man across comics, films, games and television. Answer accurately and concisely. If you are not sure, say so instead of guessing.<|im_end|>
<|im_start|>user
How much did The Amazing Spider-Man 2 make worldwide?<|im_end|>
<|im_start|>assistant
The Amazing Spider-Man 2 (2014) earned about $709.7 million worldwide according to The Numbers.<|im_end|>"
train,184,movie_business,Far From Home budget,researched_summary,Spider.csv,184,original,"You are a knowledgeable assistant that answers questions about Spider-Man across comics, films, games and television. Answer accurately and concisely. If you are not sure, say so instead of guessing.",What was the budget of Spider-Man: Far From Home?,Spider-Man: Far From Home had a reported production budget of about $160 million.,Spider-Man: Far From Home had a reported production budget of about $160 million.,"[{""role"": ""system"", ""content"": ""You are a knowledgeable assistant that answers questions about Spider-Man across comics, films, games and television. Answer accurately and concisely. If you are not sure, say so instead of guessing.""}, {""role"": ""user"", ""content"": ""What was the budget of Spider-Man: Far From Home?""}, {""role"": ""assistant"", ""content"": ""Spider-Man: Far From Home had a reported production budget of about $160 million.""}]","<|im_start|>system
You are a knowledgeable assistant that answers questions about Spider-Man across comics, films, games and television. Answer accurately and concisely. If you are not sure, say so instead of guessing.<|im_end|>
<|im_start|>user
What was the budget of Spider-Man: Far From Home?<|im_end|>
<|im_start|>assistant
Spider-Man: Far From Home had a reported production budget of about $160 million.<|im_end|>"
train,180,movie_business,Across the Spider-Verse budget,researched_summary,Spider.csv,180,original,"You are a knowledgeable assistant that answers questions about Spider-Man across comics, films, games and television. Answer accurately and concisely. If you are not sure, say so instead of guessing.",What was the budget of Across the Spider-Verse?,Across the Spider-Verse had a reported production budget of about $100 million.,Across the Spider-Verse had a reported production budget of about $100 million.,"[{""role"": ""system"", ""content"": ""You are a knowledgeable assistant that answers questions about Spider-Man across comics, films, games and television. Answer accurately and concisely. If you are not sure, say so instead of guessing.""}, {""role"": ""user"", ""content"": ""What was the budget of Across the Spider-Verse?""}, {""role"": ""assistant"", ""content"": ""Across the Spider-Verse had a reported production budget of about $100 million.""}]","<|im_start|>system
You are a knowledgeable assistant that answers questions about Spider-Man across comics, films, games and television. Answer accurately and concisely. If you are not sure, say so instead of guessing.<|im_end|>
<|im_start|>user
What was the budget of Across the Spider-Verse?<|im_end|>
<|im_start|>assistant
Across the Spider-Verse had a reported production budget of about $100 million.<|im_end|>"
train,187,movie_business,Homecoming worldwide,researched_summary,Spider.csv,187,original,"You are a knowledgeable assistant that answers questions about Spider-Man across comics, films, games and television. Answer accurately and concisely. If you are not sure, say so instead of guessing.",How much did Spider-Man: Homecoming make worldwide?,Spider-Man: Homecoming earned about $878.9 million worldwide according to The Numbers.,Spider-Man: Homecoming earned about $878.9 million worldwide according to The Numbers.,"[{""role"": ""system"", ""content"": ""You are a knowledgeable assistant that answers questions about Spider-Man across comics, films, games and television. Answer accurately and concisely. If you are not sure, say so instead of guessing.""}, {""role"": ""user"", ""content"": ""How much did Spider-Man: Homecoming make worldwide?""}, {""role"": ""assistant"", ""content"": ""Spider-Man: Homecoming earned about $878.9 million worldwide according to The Numbers.""}]","<|im_start|>system
You are a knowledgeable assistant that answers questions about Spider-Man across comics, films, games and television. Answer accurately and concisely. If you are not sure, say so instead of guessing.<|im_end|>
<|im_start|>user
How much did Spider-Man: Homecoming make worldwide?<|im_end|>
<|im_start|>assistant
Spider-Man: Homecoming earned about $878.9 million worldwide according to The Numbers.<|im_end|>"
train,189,movie_business,Into the Spider-Verse worldwide,researched_summary,Spider.csv,189,original,"You are a knowledgeable assistant that answers questions about Spider-Man across comics, films, games and television. Answer accurately and concisely. If you are not sure, say so instead of guessing.",How much did Into the Spider-Verse make worldwide?,Into the Spider-Verse earned about $373.8 million worldwide according to The Numbers.,Into the Spider-Verse earned about $373.8 million worldwide according to The Numbers.,"[{""role"": ""system"", ""content"": ""You are a knowledgeable assistant that answers questions about Spider-Man across comics, films, games and television. Answer accurately and concisely. If you are not sure, say so instead of guessing.""}, {""role"": ""user"", ""content"": ""How much did Into the Spider-Verse make worldwide?""}, {""role"": ""assistant"", ""content"": ""Into the Spider-Verse earned about $373.8 million worldwide according to The Numbers.""}]","<|im_start|>system
You are a knowledgeable assistant that answers questions about Spider-Man across comics, films, games and television. Answer accurately and concisely. If you are not sure, say so instead of guessing.<|im_end|>
<|im_start|>user
How much did Into the Spider-Verse make worldwide?<|im_end|>
<|im_start|>assistant
Into the Spider-Verse earned about $373.8 million worldwide according to The Numbers.<|im_end|>"
train,198,movie_business,The Amazing Spider-Man budget,researched_summary,Spider.csv,198,original,"You are a knowledgeable assistant that answers questions about Spider-Man across comics, films, games and television. Answer accurately and concisely. If you are not sure, say so instead of guessing.",What was the budget of The Amazing Spider-Man?,The Amazing Spider-Man (2012) had a reported production budget of about $220 million.,The Amazing Spider-Man (2012) had a reported production budget of about $220 million.,"[{""role"": ""system"", ""content"": ""You are a knowledgeable assistant that answers questions about Spider-Man across comics, films, games and television. Answer accurately and concisely. If you are not sure, say so instead of guessing.""}, {""role"": ""user"", ""content"": ""What was the budget of The Amazing Spider-Man?""}, {""role"": ""assistant"", ""content"": ""The Amazing Spider-Man (2012) had a reported production budget of about $220 million.""}]","<|im_start|>system
You are a knowledgeable assistant that answers questions about Spider-Man across comics, films, games and television. Answer accurately and concisely. If you are not sure, say so instead of guessing.<|im_end|>
<|im_start|>user
What was the budget of The Amazing Spider-Man?<|im_end|>
<|im_start|>assistant
The Amazing Spider-Man (2012) had a reported production budget of about $220 million.<|im_end|>"
train,195,movie_business,Spider-Man 2 worldwide,researched_summary,Spider.csv,195,original,"You are a knowledgeable assistant that answers questions about Spider-Man across comics, films, games and television. Answer accurately and concisely. If you are not sure, say so instead of guessing.",How much did Spider-Man 2 make worldwide?,Spider-Man 2 (2004) earned about $797.0 million worldwide according to The Numbers.,Spider-Man 2 (2004) earned about $797.0 million worldwide according to The Numbers.,"[{""role"": ""system"", ""content"": ""You are a knowledgeable assistant that answers questions about Spider-Man across comics, films, games and television. Answer accurately and concisely. If you are not sure, say so instead of guessing.""}, {""role"": ""user"", ""content"": ""How much did Spider-Man 2 make worldwide?""}, {""role"": ""assistant"", ""content"": ""Spider-Man 2 (2004) earned about $797.0 million worldwide according to The Numbers.""}]","<|im_start|>system
You are a knowledgeable assistant that answers questions about Spider-Man across comics, films, games and television. Answer accurately and concisely. If you are not sure, say so instead of guessing.<|im_end|>
<|im_start|>user
How much did Spider-Man 2 make worldwide?<|im_end|>
<|im_start|>assistant
Spider-Man 2 (2004) earned about $797.0 million worldwide according to The Numbers.<|im_end|>"
train,194,movie_business,Spider-Man 2 budget,researched_summary,Spider.csv,194,original,"You are a knowledgeable assistant that answers questions about Spider-Man across comics, films, games and television. Answer accurately and concisely. If you are not sure, say so instead of guessing.",What was the budget of Spider-Man 2?,Spider-Man 2 (2004) had a reported production budget of about $200 million.,Spider-Man 2 (2004) had a reported production budget of about $200 million.,"[{""role"": ""system"", ""content"": ""You are a knowledgeable assistant that answers questions about Spider-Man across comics, films, games and television. Answer accurately and concisely. If you are not sure, say so instead of guessing.""}, {""role"": ""user"", ""content"": ""What was the budget of Spider-Man 2?""}, {""role"": ""assistant"", ""content"": ""Spider-Man 2 (2004) had a reported production budget of about $200 million.""}]","<|im_start|>system
You are a knowledgeable assistant that answers questions about Spider-Man across comics, films, games and television. Answer accurately and concisely. If you are not sure, say so instead of guessing.<|im_end|>
<|im_start|>user
What was the budget of Spider-Man 2?<|im_end|>
<|im_start|>assistant
Spider-Man 2 (2004) had a reported production budget of about $200 million.<|im_end|>"
train,181,movie_business,Across the Spider-Verse worldwide,researched_summary,Spider.csv,181,original,"You are a knowledgeable assistant that answers questions about Spider-Man across comics, films, games and television. Answer accurately and concisely. If you are not sure, say so instead of guessing.",How much did Across the Spider-Verse make worldwide?,Across the Spider-Verse earned about $690.8 million worldwide.,Across the Spider-Verse earned about $690.8 million worldwide.,"[{""role"": ""system"", ""content"": ""You are a knowledgeable assistant that answers questions about Spider-Man across comics, films, games and television. Answer accurately and concisely. If you are not sure, say so instead of guessing.""}, {""role"": ""user"", ""content"": ""How much did Across the Spider-Verse make worldwide?""}, {""role"": ""assistant"", ""content"": ""Across the Spider-Verse earned about $690.8 million worldwide.""}]","<|im_start|>system
You are a knowledgeable assistant that answers questions about Spider-Man across comics, films, games and television. Answer accurately and concisely. If you are not sure, say so instead of guessing.<|im_end|>
<|im_start|>user
How much did Across the Spider-Verse make worldwide?<|im_end|>
<|im_start|>assistant
Across the Spider-Verse earned about $690.8 million worldwide.<|im_end|>"
train,188,movie_business,Into the Spider-Verse budget,researched_summary,Spider.csv,188,original,"You are a knowledgeable assistant that answers questions about Spider-Man across comics, films, games and television. Answer accurately and concisely. If you are not sure, say so instead of guessing.",What was the budget of Into the Spider-Verse?,Into the Spider-Verse had a reported production budget of about $90 million.,Into the Spider-Verse had a reported production budget of about $90 million.,"[{""role"": ""system"", ""content"": ""You are a knowledgeable assistant that answers questions about Spider-Man across comics, films, games and television. Answer accurately and concisely. If you are not sure, say so instead of guessing.""}, {""role"": ""user"", ""content"": ""What was the budget of Into the Spider-Verse?""}, {""role"": ""assistant"", ""content"": ""Into the Spider-Verse had a reported production budget of about $90 million.""}]","<|im_start|>system
You are a knowledgeable assistant that answers questions about Spider-Man across comics, films, games and television. Answer accurately and concisely. If you are not sure, say so instead of guessing.<|im_end|>
<|im_start|>user
What was the budget of Into the Spider-Verse?<|im_end|>
<|im_start|>assistant
Into the Spider-Verse had a reported production budget of about $90 million.<|im_end|>"
train,208,movies,Brand New Day director,researched_summary,Spider.csv,208,original,"You are a knowledgeable assistant that answers questions about Spider-Man across comics, films, games and television. Answer accurately and concisely. If you are not sure, say so instead of guessing.",Who directed Spider-Man: Brand New Day?,Spider-Man: Brand New Day is directed by Destin Daniel Cretton.,Spider-Man: Brand New Day is directed by Destin Daniel Cretton.,"[{""role"": ""system"", ""content"": ""You are a knowledgeable assistant that answers questions about Spider-Man across comics, films, games and television. Answer accurately and concisely. If you are not sure, say so instead of guessing.""}, {""role"": ""user"", ""content"": ""Who directed Spider-Man: Brand New Day?""}, {""role"": ""assistant"", ""content"": ""Spider-Man: Brand New Day is directed by Destin Daniel Cretton.""}]","<|im_start|>system
You are a knowledgeable assistant that answers questions about Spider-Man across comics, films, games and television. Answer accurately and concisely. If you are not sure, say so instead of guessing.<|im_end|>
<|im_start|>user
Who directed Spider-Man: Brand New Day?<|im_end|>
<|im_start|>assistant
Spider-Man: Brand New Day is directed by Destin Daniel Cretton.<|im_end|>"
train,210,movies,Into the Spider-Verse,model_knowledge,added_by_claude,210,original,"You are a knowledgeable assistant that answers questions about Spider-Man across comics, films, games and television. Answer accurately and concisely. If you are not sure, say so instead of guessing.",What is Spider-Man: Into the Spider-Verse?,Spider-Man: Into the Spider-Verse is a 2018 animated film centred on Miles Morales. It won the Academy Award for Best Animated Feature and is widely praised for its distinctive visual style.,Spider-Man: Into the Spider-Verse is a 2018 animated film centred on Miles Morales. It won the Academy Award for Best Animated Feature and is widely praised for its distinctive visual style.,"[{""role"": ""system"", ""content"": ""You are a knowledgeable assistant that answers questions about Spider-Man across comics, films, games and television. Answer accurately and concisely. If you are not sure, say so instead of guessing.""}, {""role"": ""user"", ""content"": ""What is Spider-Man: Into the Spider-Verse?""}, {""role"": ""assistant"", ""content"": ""Spider-Man: Into the Spider-Verse is a 2018 animated film centred on Miles Morales. It won the Academy Award for Best Animated Feature and is widely praised for its distinctive visual style.""}]","<|im_start|>system
You are a knowledgeable assistant that answers questions about Spider-Man across comics, films, games and television. Answer accurately and concisely. If you are not sure, say so instead of guessing.<|im_end|>
<|im_start|>user
What is Spider-Man: Into the Spider-Verse?<|im_end|>
<|im_start|>assistant
Spider-Man: Into the Spider-Verse is a 2018 animated film centred on Miles Morales. It won the Academy Award for Best Animated Feature and is widely praised for its distinctive visual style.<|im_end|>"
train,230,movies,The Amazing Spider-Man 2 (2014),researched_summary,Spider.csv,230,original,"You are a knowledgeable assistant that answers questions about Spider-Man across comics, films, games and television. Answer accurately and concisely. If you are not sure, say so instead of guessing.",Give me a concise explanation of The Amazing Spider-Man 2 about.,The Amazing Spider-Man 2 features Peter facing Electro while Harry Osborn returns and the story expands the OsCorp conflict.,The Amazing Spider-Man 2 features Peter facing Electro while Harry Osborn returns and the story expands the OsCorp conflict.,"[{""role"": ""system"", ""content"": ""You are a knowledgeable assistant that answers questions about Spider-Man across comics, films, games and television. Answer accurately and concisely. If you are not sure, say so instead of guessing.""}, {""role"": ""user"", ""content"": ""Give me a concise explanation of The Amazing Spider-Man 2 about.""}, {""role"": ""assistant"", ""content"": ""The Amazing Spider-Man 2 features Peter facing Electro while Harry Osborn returns and the story expands the OsCorp conflict.""}]","<|im_start|>system
You are a knowledgeable assistant that answers questions about Spider-Man across comics, films, games and television. Answer accurately and concisely. If you are not sure, say so instead of guessing.<|im_end|>
<|im_start|>user
Give me a concise explanation of The Amazing Spider-Man 2 about.<|im_end|>
<|im_start|>assistant
The Amazing Spider-Man 2 features Peter facing Electro while Harry Osborn returns and the story expands the OsCorp conflict.<|im_end|>"
train,231,movies,The Amazing Spider-Man 2 (2014),researched_summary,Spider.csv,231,original,"You are a knowledgeable assistant that answers questions about Spider-Man across comics, films, games and television. Answer accurately and concisely. If you are not sure, say so instead of guessing.",What is The Amazing Spider-Man 2 about?,The Amazing Spider-Man 2 features Peter facing Electro while Harry Osborn returns and the story expands the OsCorp conflict.,The Amazing Spider-Man 2 features Peter facing Electro while Harry Osborn returns and the story expands the OsCorp conflict.,"[{""role"": ""system"", ""content"": ""You are a knowledgeable assistant that answers questions about Spider-Man across comics, films, games and television. Answer accurately and concisely. If you are not sure, say so instead of guessing.""}, {""role"": ""user"", ""content"": ""What is The Amazing Spider-Man 2 about?""}, {""role"": ""assistant"", ""content"": ""The Amazing Spider-Man 2 features Peter facing Electro while Harry Osborn returns and the story expands the OsCorp conflict.""}]","<|im_start|>system
You are a knowledgeable assistant that answers questions about Spider-Man across comics, films, games and television. Answer accurately and concisely. If you are not sure, say so instead of guessing.<|im_end|>
<|im_start|>user
What is The Amazing Spider-Man 2 about?<|im_end|>
<|im_start|>assistant
The Amazing Spider-Man 2 features Peter facing Electro while Harry Osborn returns and the story expands the OsCorp conflict.<|im_end|>"
train,206,movies,Brand New Day cast,researched_summary,Spider.csv,206,original,"You are a knowledgeable assistant that answers questions about Spider-Man across comics, films, games and television. Answer accurately and concisely. If you are not sure, say so instead of guessing.",Tell me about in the cast of Spider-Man: Brand New Day.,"The announced cast includes Tom Holland, Zendaya, Sadie Sink, Jacob Batalon, Jon Bernthal, Tramell Tillman, Michael Mando and Mark Ruffalo.","The announced cast includes Tom Holland, Zendaya, Sadie Sink, Jacob Batalon, Jon Bernthal, Tramell Tillman, Michael Mando and Mark Ruffalo.","[{""role"": ""system"", ""content"": ""You are a knowledgeable assistant that answers questions about Spider-Man across comics, films, games and television. Answer accurately and concisely. If you are not sure, say so instead of guessing.""}, {""role"": ""user"", ""content"": ""Tell me about in the cast of Spider-Man: Brand New Day.""}, {""role"": ""assistant"", ""content"": ""The announced cast includes Tom Holland, Zendaya, Sadie Sink, Jacob Batalon, Jon Bernthal, Tramell Tillman, Michael Mando and Mark Ruffalo.""}]","<|im_start|>system
You are a knowledgeable assistant that answers questions about Spider-Man across comics, films, games and television. Answer accurately and concisely. If you are not sure, say so instead of guessing.<|im_end|>
<|im_start|>user
Tell me about in the cast of Spider-Man: Brand New Day.<|im_end|>
<|im_start|>assistant
The announced cast includes Tom Holland, Zendaya, Sadie Sink, Jacob Batalon, Jon Bernthal, Tramell Tillman, Michael Mando and Mark Ruffalo.<|im_end|>"
train,207,movies,Brand New Day cast,researched_summary,Spider.csv,207,original,"You are a knowledgeable assistant that answers questions about Spider-Man across comics, films, games and television. Answer accurately and concisely. If you are not sure, say so instead of guessing.",Who is in the cast of Spider-Man: Brand New Day?,"The announced cast includes Tom Holland, Zendaya, Sadie Sink, Jacob Batalon, Jon Bernthal, Tramell Tillman, Michael Mando and Mark Ruffalo.","The announced cast includes Tom Holland, Zendaya, Sadie Sink, Jacob Batalon, Jon Bernthal, Tramell Tillman, Michael Mando and Mark Ruffalo.","[{""role"": ""system"", ""content"": ""You are a knowledgeable assistant that answers questions about Spider-Man across comics, films, games and television. Answer accurately and concisely. If you are not sure, say so instead of guessing.""}, {""role"": ""user"", ""content"": ""Who is in the cast of Spider-Man: Brand New Day?""}, {""role"": ""assistant"", ""content"": ""The announced cast includes Tom Holland, Zendaya, Sadie Sink, Jacob Batalon, Jon Bernthal, Tramell Tillman, Michael Mando and Mark Ruffalo.""}]","<|im_start|>system
You are a knowledgeable assistant that answers questions about Spider-Man across comics, films, games and television. Answer accurately and concisely. If you are not sure, say so instead of guessing.<|im_end|>
<|im_start|>user
Who is in the cast of Spider-Man: Brand New Day?<|im_end|>
<|im_start|>assistant
The announced cast includes Tom Holland, Zendaya, Sadie Sink, Jacob Batalon, Jon Bernthal, Tramell Tillman, Michael Mando and Mark Ruffalo.<|im_end|>"
train,220,movies,Spider-Man 3 (2007),researched_summary,Spider.csv,220,original,"You are a knowledgeable assistant that answers questions about Spider-Man across comics, films, games and television. Answer accurately and concisely. If you are not sure, say so instead of guessing.",Give me a concise explanation of Spider-Man 3 about.,"Spider-Man 3 continues the Tobey Maguire series with Peter facing multiple threats including Sandman, Venom, and a new Green Goblin.","Spider-Man 3 continues the Tobey Maguire series with Peter facing multiple threats including Sandman, Venom, and a new Green Goblin.","[{""role"": ""system"", ""content"": ""You are a knowledgeable assistant that answers questions about Spider-Man across comics, films, games and television. Answer accurately and concisely. If you are not sure, say so instead of guessing.""}, {""role"": ""user"", ""content"": ""Give me a concise explanation of Spider-Man 3 about.""}, {""role"": ""assistant"", ""content"": ""Spider-Man 3 continues the Tobey Maguire series with Peter facing multiple threats including Sandman, Venom, and a new Green Goblin.""}]","<|im_start|>system
You are a knowledgeable assistant that answers questions about Spider-Man across comics, films, games and television. Answer accurately and concisely. If you are not sure, say so instead of guessing.<|im_end|>
<|im_start|>user
Give me a concise explanation of Spider-Man 3 about.<|im_end|>
<|im_start|>assistant
Spider-Man 3 continues the Tobey Maguire series with Peter facing multiple threats including Sandman, Venom, and a new Green Goblin.<|im_end|>"
train,221,movies,Spider-Man 3 (2007),researched_summary,Spider.csv,221,original,"You are a knowledgeable assistant that answers questions about Spider-Man across comics, films, games and television. Answer accurately and concisely. If you are not sure, say so instead of guessing.",What is Spider-Man 3 about?,"Spider-Man 3 continues the Tobey Maguire series with Peter facing multiple threats including Sandman, Venom, and a new Green Goblin.","Spider-Man 3 continues the Tobey Maguire series with Peter facing multiple threats including Sandman, Venom, and a new Green Goblin.","[{""role"": ""system"", ""content"": ""You are a knowledgeable assistant that answers questions about Spider-Man across comics, films, games and television. Answer accurately and concisely. If you are not sure, say so instead of guessing.""}, {""role"": ""user"", ""content"": ""What is Spider-Man 3 about?""}, {""role"": ""assistant"", ""content"": ""Spider-Man 3 continues the Tobey Maguire series with Peter facing multiple threats including Sandman, Venom, and a new Green Goblin.""}]","<|im_start|>system
You are a knowledgeable assistant that answers questions about Spider-Man across comics, films, games and television. Answer accurately and concisely. If you are not sure, say so instead of guessing.<|im_end|>
<|im_start|>user
What is Spider-Man 3 about?<|im_end|>
<|im_start|>assistant
Spider-Man 3 continues the Tobey Maguire series with Peter facing multiple threats including Sandman, Venom, and a new Green Goblin.<|im_end|>"
train,224,movies,Spider-Man: Homecoming (2017),researched_summary,Spider.csv,224,original,"You are a knowledgeable assistant that answers questions about Spider-Man across comics, films, games and television. Answer accurately and concisely. If you are not sure, say so instead of guessing.",Give me a concise explanation of Spider-Man: Homecoming about.,Spider-Man: Homecoming stars Tom Holland and follows Peter Parker balancing high school with superhero responsibilities under the broader MCU setting.,Spider-Man: Homecoming stars Tom Holland and follows Peter Parker balancing high school with superhero responsibilities under the broader MCU setting.,"[{""role"": ""system"", ""content"": ""You are a knowledgeable assistant that answers questions about Spider-Man across comics, films, games and television. Answer accurately and concisely. If you are not sure, say so instead of guessing.""}, {""role"": ""user"", ""content"": ""Give me a concise explanation of Spider-Man: Homecoming about.""}, {""role"": ""assistant"", ""content"": ""Spider-Man: Homecoming stars Tom Holland and follows Peter Parker balancing high school with superhero responsibilities under the broader MCU setting.""}]","<|im_start|>system
You are a knowledgeable assistant that answers questions about Spider-Man across comics, films, games and television. Answer accurately and concisely. If you are not sure, say so instead of guessing.<|im_end|>
<|im_start|>user
Give me a concise explanation of Spider-Man: Homecoming about.<|im_end|>
<|im_start|>assistant
Spider-Man: Homecoming stars Tom Holland and follows Peter Parker balancing high school with superhero responsibilities under the broader MCU setting.<|im_end|>"
train,225,movies,Spider-Man: Homecoming (2017),researched_summary,Spider.csv,225,original,"You are a knowledgeable assistant that answers questions about Spider-Man across comics, films, games and television. Answer accurately and concisely. If you are not sure, say so instead of guessing.",What is Spider-Man: Homecoming about?,Spider-Man: Homecoming stars Tom Holland and follows Peter Parker balancing high school with superhero responsibilities under the broader MCU setting.,Spider-Man: Homecoming stars Tom Holland and follows Peter Parker balancing high school with superhero responsibilities under the broader MCU setting.,"[{""role"": ""system"", ""content"": ""You are a knowledgeable assistant that answers questions about Spider-Man across comics, films, games and television. Answer accurately and concisely. If you are not sure, say so instead of guessing.""}, {""role"": ""user"", ""content"": ""What is Spider-Man: Homecoming about?""}, {""role"": ""assistant"", ""content"": ""Spider-Man: Homecoming stars Tom Holland and follows Peter Parker balancing high school with superhero responsibilities under the broader MCU setting.""}]","<|im_start|>system
You are a knowledgeable assistant that answers questions about Spider-Man across comics, films, games and television. Answer accurately and concisely. If you are not sure, say so instead of guessing.<|im_end|>
<|im_start|>user
What is Spider-Man: Homecoming about?<|im_end|>
<|im_start|>assistant
Spider-Man: Homecoming stars Tom Holland and follows Peter Parker balancing high school with superhero responsibilities under the broader MCU setting.<|im_end|>"
train,203,movies,Amazing Spider-Man films,model_knowledge,added_by_claude,203,original,"You are a knowledgeable assistant that answers questions about Spider-Man across comics, films, games and television. Answer accurately and concisely. If you are not sure, say so instead of guessing.",What are The Amazing Spider-Man films?,"The Amazing Spider-Man was released in 2012 and The Amazing Spider-Man 2 in 2014, both directed by Marc Webb with Andrew Garfield as Peter Parker.","The Amazing Spider-Man was released in 2012 and The Amazing Spider-Man 2 in 2014, both directed by Marc Webb with Andrew Garfield as Peter Parker.","[{""role"": ""system"", ""content"": ""You are a knowledgeable assistant that answers questions about Spider-Man across comics, films, games and television. Answer accurately and concisely. If you are not sure, say so instead of guessing.""}, {""role"": ""user"", ""content"": ""What are The Amazing Spider-Man films?""}, {""role"": ""assistant"", ""content"": ""The Amazing Spider-Man was released in 2012 and The Amazing Spider-Man 2 in 2014, both directed by Marc Webb with Andrew Garfield as Peter Parker.""}]","<|im_start|>system
You are a knowledgeable assistant that answers questions about Spider-Man across comics, films, games and television. Answer accurately and concisely. If you are not sure, say so instead of guessing.<|im_end|>
<|im_start|>user
What are The Amazing Spider-Man films?<|im_end|>
<|im_start|>assistant
The Amazing Spider-Man was released in 2012 and The Amazing Spider-Man 2 in 2014, both directed by Marc Webb with Andrew Garfield as Peter Parker.<|im_end|>"
train,209,movies,Brand New Day writers,researched_summary,Spider.csv,209,original,"You are a knowledgeable assistant that answers questions about Spider-Man across comics, films, games and television. Answer accurately and concisely. If you are not sure, say so instead of guessing.",Who wrote Spider-Man: Brand New Day?,Spider-Man: Brand New Day is written by Chris McKenna and Erik Sommers.,Spider-Man: Brand New Day is written by Chris McKenna and Erik Sommers.,"[{""role"": ""system"", ""content"": ""You are a knowledgeable assistant that answers questions about Spider-Man across comics, films, games and television. Answer accurately and concisely. If you are not sure, say so instead of guessing.""}, {""role"": ""user"", ""content"": ""Who wrote Spider-Man: Brand New Day?""}, {""role"": ""assistant"", ""content"": ""Spider-Man: Brand New Day is written by Chris McKenna and Erik Sommers.""}]","<|im_start|>system
You are a knowledgeable assistant that answers questions about Spider-Man across comics, films, games and television. Answer accurately and concisely. If you are not sure, say so instead of guessing.<|im_end|>
<|im_start|>user
Who wrote Spider-Man: Brand New Day?<|im_end|>
<|im_start|>assistant
Spider-Man: Brand New Day is written by Chris McKenna and Erik Sommers.<|im_end|>"
train,211,movies,Into the Spider-Verse (2018),researched_summary,Spider.csv,211,original,"You are a knowledgeable assistant that answers questions about Spider-Man across comics, films, games and television. Answer accurately and concisely. If you are not sure, say so instead of guessing.",Give me a concise explanation of Into the Spider-Verse about.,Into the Spider-Verse introduces Miles Morales and explores a multiverse containing multiple Spider-People.,Into the Spider-Verse introduces Miles Morales and explores a multiverse containing multiple Spider-People.,"[{""role"": ""system"", ""content"": ""You are a knowledgeable assistant that answers questions about Spider-Man across comics, films, games and television. Answer accurately and concisely. If you are not sure, say so instead of guessing.""}, {""role"": ""user"", ""content"": ""Give me a concise explanation of Into the Spider-Verse about.""}, {""role"": ""assistant"", ""content"": ""Into the Spider-Verse introduces Miles Morales and explores a multiverse containing multiple Spider-People.""}]","<|im_start|>system
You are a knowledgeable assistant that answers questions about Spider-Man across comics, films, games and television. Answer accurately and concisely. If you are not sure, say so instead of guessing.<|im_end|>
<|im_start|>user
Give me a concise explanation of Into the Spider-Verse about.<|im_end|>
<|im_start|>assistant
Into the Spider-Verse introduces Miles Morales and explores a multiverse containing multiple Spider-People.<|im_end|>"
train,212,movies,Into the Spider-Verse (2018),researched_summary,Spider.csv,212,original,"You are a knowledgeable assistant that answers questions about Spider-Man across comics, films, games and television. Answer accurately and concisely. If you are not sure, say so instead of guessing.",What is Into the Spider-Verse about?,Into the Spider-Verse introduces Miles Morales and explores a multiverse containing multiple Spider-People.,Into the Spider-Verse introduces Miles Morales and explores a multiverse containing multiple Spider-People.,"[{""role"": ""system"", ""content"": ""You are a knowledgeable assistant that answers questions about Spider-Man across comics, films, games and television. Answer accurately and concisely. If you are not sure, say so instead of guessing.""}, {""role"": ""user"", ""content"": ""What is Into the Spider-Verse about?""}, {""role"": ""assistant"", ""content"": ""Into the Spider-Verse introduces Miles Morales and explores a multiverse containing multiple Spider-People.""}]","<|im_start|>system
You are a knowledgeable assistant that answers questions about Spider-Man across comics, films, games and television. Answer accurately and concisely. If you are not sure, say so instead of guessing.<|im_end|>
<|im_start|>user
What is Into the Spider-Verse about?<|im_end|>
<|im_start|>assistant
Into the Spider-Verse introduces Miles Morales and explores a multiverse containing multiple Spider-People.<|im_end|>"
train,222,movies,Spider-Man: Far From Home (2019),researched_summary,Spider.csv,222,original,"You are a knowledgeable assistant that answers questions about Spider-Man across comics, films, games and television. Answer accurately and concisely. If you are not sure, say so instead of guessing.",Give me a concise explanation of Spider-Man: Far From Home about.,Spider-Man: Far From Home follows Peter on a European trip while he faces a new threat involving Mysterio.,Spider-Man: Far From Home follows Peter on a European trip while he faces a new threat involving Mysterio.,"[{""role"": ""system"", ""content"": ""You are a knowledgeable assistant that answers questions about Spider-Man across comics, films, games and television. Answer accurately and concisely. If you are not sure, say so instead of guessing.""}, {""role"": ""user"", ""content"": ""Give me a concise explanation of Spider-Man: Far From Home about.""}, {""role"": ""assistant"", ""content"": ""Spider-Man: Far From Home follows Peter on a European trip while he faces a new threat involving Mysterio.""}]","<|im_start|>system
You are a knowledgeable assistant that answers questions about Spider-Man across comics, films, games and television. Answer accurately and concisely. If you are not sure, say so instead of guessing.<|im_end|>
<|im_start|>user
Give me a concise explanation of Spider-Man: Far From Home about.<|im_end|>
<|im_start|>assistant
Spider-Man: Far From Home follows Peter on a European trip while he faces a new threat involving Mysterio.<|im_end|>"
train,223,movies,Spider-Man: Far From Home (2019),researched_summary,Spider.csv,223,original,"You are a knowledgeable assistant that answers questions about Spider-Man across comics, films, games and television. Answer accurately and concisely. If you are not sure, say so instead of guessing.",What is Spider-Man: Far From Home about?,Spider-Man: Far From Home follows Peter on a European trip while he faces a new threat involving Mysterio.,Spider-Man: Far From Home follows Peter on a European trip while he faces a new threat involving Mysterio.,"[{""role"": ""system"", ""content"": ""You are a knowledgeable assistant that answers questions about Spider-Man across comics, films, games and television. Answer accurately and concisely. If you are not sure, say so instead of guessing.""}, {""role"": ""user"", ""content"": ""What is Spider-Man: Far From Home about?""}, {""role"": ""assistant"", ""content"": ""Spider-Man: Far From Home follows Peter on a European trip while he faces a new threat involving Mysterio.""}]","<|im_start|>system
You are a knowledgeable assistant that answers questions about Spider-Man across comics, films, games and television. Answer accurately and concisely. If you are not sure, say so instead of guessing.<|im_end|>
<|im_start|>user
What is Spider-Man: Far From Home about?<|im_end|>
<|im_start|>assistant
Spider-Man: Far From Home follows Peter on a European trip while he faces a new threat involving Mysterio.<|im_end|>"
train,214,movies,Raimi trilogy,model_knowledge,added_by_claude,214,original,"You are a knowledgeable assistant that answers questions about Spider-Man across comics, films, games and television. Answer accurately and concisely. If you are not sure, say so instead of guessing.",What are the Sam Raimi Spider-Man films?,"Sam Raimi directed Spider-Man in 2002, Spider-Man 2 in 2004 and Spider-Man 3 in 2007, with Tobey Maguire as Peter Parker.","Sam Raimi directed Spider-Man in 2002, Spider-Man 2 in 2004 and Spider-Man 3 in 2007, with Tobey Maguire as Peter Parker.","[{""role"": ""system"", ""content"": ""You are a knowledgeable assistant that answers questions about Spider-Man across comics, films, games and television. Answer accurately and concisely. If you are not sure, say so instead of guessing.""}, {""role"": ""user"", ""content"": ""What are the Sam Raimi Spider-Man films?""}, {""role"": ""assistant"", ""content"": ""Sam Raimi directed Spider-Man in 2002, Spider-Man 2 in 2004 and Spider-Man 3 in 2007, with Tobey Maguire as Peter Parker.""}]","<|im_start|>system
You are a knowledgeable assistant that answers questions about Spider-Man across comics, films, games and television. Answer accurately and concisely. If you are not sure, say so instead of guessing.<|im_end|>
<|im_start|>user
What are the Sam Raimi Spider-Man films?<|im_end|>
<|im_start|>assistant
Sam Raimi directed Spider-Man in 2002, Spider-Man 2 in 2004 and Spider-Man 3 in 2007, with Tobey Maguire as Peter Parker.<|im_end|>"
train,228,movies,The Amazing Spider-Man (2012),researched_summary,Spider.csv,228,original,"You are a knowledgeable assistant that answers questions about Spider-Man across comics, films, games and television. Answer accurately and concisely. If you are not sure, say so instead of guessing.",Give me a concise explanation of The Amazing Spider-Man (2012) about.,The Amazing Spider-Man stars Andrew Garfield as Peter Parker and centers on his investigation into his parents and Dr. Curt Connors.,The Amazing Spider-Man stars Andrew Garfield as Peter Parker and centers on his investigation into his parents and Dr. Curt Connors.,"[{""role"": ""system"", ""content"": ""You are a knowledgeable assistant that answers questions about Spider-Man across comics, films, games and television. Answer accurately and concisely. If you are not sure, say so instead of guessing.""}, {""role"": ""user"", ""content"": ""Give me a concise explanation of The Amazing Spider-Man (2012) about.""}, {""role"": ""assistant"", ""content"": ""The Amazing Spider-Man stars Andrew Garfield as Peter Parker and centers on his investigation into his parents and Dr. Curt Connors.""}]","<|im_start|>system
You are a knowledgeable assistant that answers questions about Spider-Man across comics, films, games and television. Answer accurately and concisely. If you are not sure, say so instead of guessing.<|im_end|>
<|im_start|>user
Give me a concise explanation of The Amazing Spider-Man (2012) about.<|im_end|>
<|im_start|>assistant
The Amazing Spider-Man stars Andrew Garfield as Peter Parker and centers on his investigation into his parents and Dr. Curt Connors.<|im_end|>"
train,229,movies,The Amazing Spider-Man (2012),researched_summary,Spider.csv,229,original,"You are a knowledgeable assistant that answers questions about Spider-Man across comics, films, games and television. Answer accurately and concisely. If you are not sure, say so instead of guessing.",What is The Amazing Spider-Man (2012) about?,The Amazing Spider-Man stars Andrew Garfield as Peter Parker and centers on his investigation into his parents and Dr. Curt Connors.,The Amazing Spider-Man stars Andrew Garfield as Peter Parker and centers on his investigation into his parents and Dr. Curt Connors.,"[{""role"": ""system"", ""content"": ""You are a knowledgeable assistant that answers questions about Spider-Man across comics, films, games and television. Answer accurately and concisely. If you are not sure, say so instead of guessing.""}, {""role"": ""user"", ""content"": ""What is The Amazing Spider-Man (2012) about?""}, {""role"": ""assistant"", ""content"": ""The Amazing Spider-Man stars Andrew Garfield as Peter Parker and centers on his investigation into his parents and Dr. Curt Connors.""}]","<|im_start|>system
You are a knowledgeable assistant that answers questions about Spider-Man across comics, films, games and television. Answer accurately and concisely. If you are not sure, say so instead of guessing.<|im_end|>
<|im_start|>user
What is The Amazing Spider-Man (2012) about?<|im_end|>
<|im_start|>assistant
The Amazing Spider-Man stars Andrew Garfield as Peter Parker and centers on his investigation into his parents and Dr. Curt Connors.<|im_end|>"
train,200,movies,Across the Spider-Verse,model_knowledge,added_by_claude,200,original,"You are a knowledgeable assistant that answers questions about Spider-Man across comics, films, games and television. Answer accurately and concisely. If you are not sure, say so instead of guessing.",What is Spider-Man: Across the Spider-Verse?,"Spider-Man: Across the Spider-Verse is the 2023 animated sequel to Into the Spider-Verse, expanding the multiverse story around Miles Morales and Gwen Stacy.","Spider-Man: Across the Spider-Verse is the 2023 animated sequel to Into the Spider-Verse, expanding the multiverse story around Miles Morales and Gwen Stacy.","[{""role"": ""system"", ""content"": ""You are a knowledgeable assistant that answers questions about Spider-Man across comics, films, games and television. Answer accurately and concisely. If you are not sure, say so instead of guessing.""}, {""role"": ""user"", ""content"": ""What is Spider-Man: Across the Spider-Verse?""}, {""role"": ""assistant"", ""content"": ""Spider-Man: Across the Spider-Verse is the 2023 animated sequel to Into the Spider-Verse, expanding the multiverse story around Miles Morales and Gwen Stacy.""}]","<|im_start|>system
You are a knowledgeable assistant that answers questions about Spider-Man across comics, films, games and television. Answer accurately and concisely. If you are not sure, say so instead of guessing.<|im_end|>
<|im_start|>user
What is Spider-Man: Across the Spider-Verse?<|im_end|>
<|im_start|>assistant
Spider-Man: Across the Spider-Verse is the 2023 animated sequel to Into the Spider-Verse, expanding the multiverse story around Miles Morales and Gwen Stacy.<|im_end|>"
train,204,movies,Brand New Day (2026),researched_summary,Spider.csv,204,original,"You are a knowledgeable assistant that answers questions about Spider-Man across comics, films, games and television. Answer accurately and concisely. If you are not sure, say so instead of guessing.",Give me a concise explanation of Spider-Man: Brand New Day.,Spider-Man: Brand New Day is a 2026 live-action film directed by Destin Daniel Cretton and starring Tom Holland; Sony describes Peter as fighting crime full-time in a world that does not remember him.,Spider-Man: Brand New Day is a 2026 live-action film directed by Destin Daniel Cretton and starring Tom Holland; Sony describes Peter as fighting crime full-time in a world that does not remember him.,"[{""role"": ""system"", ""content"": ""You are a knowledgeable assistant that answers questions about Spider-Man across comics, films, games and television. Answer accurately and concisely. If you are not sure, say so instead of guessing.""}, {""role"": ""user"", ""content"": ""Give me a concise explanation of Spider-Man: Brand New Day.""}, {""role"": ""assistant"", ""content"": ""Spider-Man: Brand New Day is a 2026 live-action film directed by Destin Daniel Cretton and starring Tom Holland; Sony describes Peter as fighting crime full-time in a world that does not remember him.""}]","<|im_start|>system
You are a knowledgeable assistant that answers questions about Spider-Man across comics, films, games and television. Answer accurately and concisely. If you are not sure, say so instead of guessing.<|im_end|>
<|im_start|>user
Give me a concise explanation of Spider-Man: Brand New Day.<|im_end|>
<|im_start|>assistant
Spider-Man: Brand New Day is a 2026 live-action film directed by Destin Daniel Cretton and starring Tom Holland; Sony describes Peter as fighting crime full-time in a world that does not remember him.<|im_end|>"
train,205,movies,Brand New Day (2026),researched_summary,Spider.csv,205,original,"You are a knowledgeable assistant that answers questions about Spider-Man across comics, films, games and television. Answer accurately and concisely. If you are not sure, say so instead of guessing.",What is Spider-Man: Brand New Day?,Spider-Man: Brand New Day is a 2026 live-action film directed by Destin Daniel Cretton and starring Tom Holland; Sony describes Peter as fighting crime full-time in a world that does not remember him.,Spider-Man: Brand New Day is a 2026 live-action film directed by Destin Daniel Cretton and starring Tom Holland; Sony describes Peter as fighting crime full-time in a world that does not remember him.,"[{""role"": ""system"", ""content"": ""You are a knowledgeable assistant that answers questions about Spider-Man across comics, films, games and television. Answer accurately and concisely. If you are not sure, say so instead of guessing.""}, {""role"": ""user"", ""content"": ""What is Spider-Man: Brand New Day?""}, {""role"": ""assistant"", ""content"": ""Spider-Man: Brand New Day is a 2026 live-action film directed by Destin Daniel Cretton and starring Tom Holland; Sony describes Peter as fighting crime full-time in a world that does not remember him.""}]","<|im_start|>system
You are a knowledgeable assistant that answers questions about Spider-Man across comics, films, games and television. Answer accurately and concisely. If you are not sure, say so instead of guessing.<|im_end|>
<|im_start|>user
What is Spider-Man: Brand New Day?<|im_end|>
<|im_start|>assistant
Spider-Man: Brand New Day is a 2026 live-action film directed by Destin Daniel Cretton and starring Tom Holland; Sony describes Peter as fighting crime full-time in a world that does not remember him.<|im_end|>"
train,201,movies,Across the Spider-Verse (2023),researched_summary,Spider.csv,201,original,"You are a knowledgeable assistant that answers questions about Spider-Man across comics, films, games and television. Answer accurately and concisely. If you are not sure, say so instead of guessing.",Give me a concise explanation of Across the Spider-Verse about.,Across the Spider-Verse follows Miles Morales as he encounters a larger network of Spider-People across the multiverse.,Across the Spider-Verse follows Miles Morales as he encounters a larger network of Spider-People across the multiverse.,"[{""role"": ""system"", ""content"": ""You are a knowledgeable assistant that answers questions about Spider-Man across comics, films, games and television. Answer accurately and concisely. If you are not sure, say so instead of guessing.""}, {""role"": ""user"", ""content"": ""Give me a concise explanation of Across the Spider-Verse about.""}, {""role"": ""assistant"", ""content"": ""Across the Spider-Verse follows Miles Morales as he encounters a larger network of Spider-People across the multiverse.""}]","<|im_start|>system
You are a knowledgeable assistant that answers questions about Spider-Man across comics, films, games and television. Answer accurately and concisely. If you are not sure, say so instead of guessing.<|im_end|>
<|im_start|>user
Give me a concise explanation of Across the Spider-Verse about.<|im_end|>
<|im_start|>assistant
Across the Spider-Verse follows Miles Morales as he encounters a larger network of Spider-People across the multiverse.<|im_end|>"
train,202,movies,Across the Spider-Verse (2023),researched_summary,Spider.csv,202,original,"You are a knowledgeable assistant that answers questions about Spider-Man across comics, films, games and television. Answer accurately and concisely. If you are not sure, say so instead of guessing.",What is Across the Spider-Verse about?,Across the Spider-Verse follows Miles Morales as he encounters a larger network of Spider-People across the multiverse.,Across the Spider-Verse follows Miles Morales as he encounters a larger network of Spider-People across the multiverse.,"[{""role"": ""system"", ""content"": ""You are a knowledgeable assistant that answers questions about Spider-Man across comics, films, games and television. Answer accurately and concisely. If you are not sure, say so instead of guessing.""}, {""role"": ""user"", ""content"": ""What is Across the Spider-Verse about?""}, {""role"": ""assistant"", ""content"": ""Across the Spider-Verse follows Miles Morales as he encounters a larger network of Spider-People across the multiverse.""}]","<|im_start|>system
You are a knowledgeable assistant that answers questions about Spider-Man across comics, films, games and television. Answer accurately and concisely. If you are not sure, say so instead of guessing.<|im_end|>
<|im_start|>user
What is Across the Spider-Verse about?<|im_end|>
<|im_start|>assistant
Across the Spider-Verse follows Miles Morales as he encounters a larger network of Spider-People across the multiverse.<|im_end|>"
train,215,movies,Spider-Man (2002),researched_summary,Spider.csv,215,original,"You are a knowledgeable assistant that answers questions about Spider-Man across comics, films, games and television. Answer accurately and concisely. If you are not sure, say so instead of guessing.",Give me a concise explanation of Spider-Man (2002) about.,Sam Raimi's Spider-Man (2002) stars Tobey Maguire as Peter Parker and follows his transformation into Spider-Man and conflict with Norman Osborn's Green Goblin.,Sam Raimi's Spider-Man (2002) stars Tobey Maguire as Peter Parker and follows his transformation into Spider-Man and conflict with Norman Osborn's Green Goblin.,"[{""role"": ""system"", ""content"": ""You are a knowledgeable assistant that answers questions about Spider-Man across comics, films, games and television. Answer accurately and concisely. If you are not sure, say so instead of guessing.""}, {""role"": ""user"", ""content"": ""Give me a concise explanation of Spider-Man (2002) about.""}, {""role"": ""assistant"", ""content"": ""Sam Raimi's Spider-Man (2002) stars Tobey Maguire as Peter Parker and follows his transformation into Spider-Man and conflict with Norman Osborn's Green Goblin.""}]","<|im_start|>system
You are a knowledgeable assistant that answers questions about Spider-Man across comics, films, games and television. Answer accurately and concisely. If you are not sure, say so instead of guessing.<|im_end|>
<|im_start|>user
Give me a concise explanation of Spider-Man (2002) about.<|im_end|>
<|im_start|>assistant
Sam Raimi's Spider-Man (2002) stars Tobey Maguire as Peter Parker and follows his transformation into Spider-Man and conflict with Norman Osborn's Green Goblin.<|im_end|>"
train,216,movies,Spider-Man (2002),researched_summary,Spider.csv,216,original,"You are a knowledgeable assistant that answers questions about Spider-Man across comics, films, games and television. Answer accurately and concisely. If you are not sure, say so instead of guessing.",What is Spider-Man (2002) about?,Sam Raimi's Spider-Man (2002) stars Tobey Maguire as Peter Parker and follows his transformation into Spider-Man and conflict with Norman Osborn's Green Goblin.,Sam Raimi's Spider-Man (2002) stars Tobey Maguire as Peter Parker and follows his transformation into Spider-Man and conflict with Norman Osborn's Green Goblin.,"[{""role"": ""system"", ""content"": ""You are a knowledgeable assistant that answers questions about Spider-Man across comics, films, games and television. Answer accurately and concisely. If you are not sure, say so instead of guessing.""}, {""role"": ""user"", ""content"": ""What is Spider-Man (2002) about?""}, {""role"": ""assistant"", ""content"": ""Sam Raimi's Spider-Man (2002) stars Tobey Maguire as Peter Parker and follows his transformation into Spider-Man and conflict with Norman Osborn's Green Goblin.""}]","<|im_start|>system
You are a knowledgeable assistant that answers questions about Spider-Man across comics, films, games and television. Answer accurately and concisely. If you are not sure, say so instead of guessing.<|im_end|>
<|im_start|>user
What is Spider-Man (2002) about?<|im_end|>
<|im_start|>assistant
Sam Raimi's Spider-Man (2002) stars Tobey Maguire as Peter Parker and follows his transformation into Spider-Man and conflict with Norman Osborn's Green Goblin.<|im_end|>"
train,247,powers,web-shooters,researched_summary,Spider.csv,247,original,"You are a knowledgeable assistant that answers questions about Spider-Man across comics, films, games and television. Answer accurately and concisely. If you are not sure, say so instead of guessing.",What are Spider-Man's web-shooters?,Peter Parker commonly uses web-shooters as technology for launching and manipulating web fluid.,Peter Parker commonly uses web-shooters as technology for launching and manipulating web fluid.,"[{""role"": ""system"", ""content"": ""You are a knowledgeable assistant that answers questions about Spider-Man across comics, films, games and television. Answer accurately and concisely. If you are not sure, say so instead of guessing.""}, {""role"": ""user"", ""content"": ""What are Spider-Man's web-shooters?""}, {""role"": ""assistant"", ""content"": ""Peter Parker commonly uses web-shooters as technology for launching and manipulating web fluid.""}]","<|im_start|>system
You are a knowledgeable assistant that answers questions about Spider-Man across comics, films, games and television. Answer accurately and concisely. If you are not sure, say so instead of guessing.<|im_end|>
<|im_start|>user
What are Spider-Man's web-shooters?<|im_end|>
<|im_start|>assistant
Peter Parker commonly uses web-shooters as technology for launching and manipulating web fluid.<|im_end|>"
train,244,powers,strength,researched_summary,Spider.csv,244,original,"You are a knowledgeable assistant that answers questions about Spider-Man across comics, films, games and television. Answer accurately and concisely. If you are not sure, say so instead of guessing.",How strong is Spider-Man — explain briefly.,Spider-Man possesses superhuman physical strength that is substantially beyond a normal human's capabilities.,Spider-Man possesses superhuman physical strength that is substantially beyond a normal human's capabilities.,"[{""role"": ""system"", ""content"": ""You are a knowledgeable assistant that answers questions about Spider-Man across comics, films, games and television. Answer accurately and concisely. If you are not sure, say so instead of guessing.""}, {""role"": ""user"", ""content"": ""How strong is Spider-Man — explain briefly.""}, {""role"": ""assistant"", ""content"": ""Spider-Man possesses superhuman physical strength that is substantially beyond a normal human's capabilities.""}]","<|im_start|>system
You are a knowledgeable assistant that answers questions about Spider-Man across comics, films, games and television. Answer accurately and concisely. If you are not sure, say so instead of guessing.<|im_end|>
<|im_start|>user
How strong is Spider-Man — explain briefly.<|im_end|>
<|im_start|>assistant
Spider-Man possesses superhuman physical strength that is substantially beyond a normal human's capabilities.<|im_end|>"
train,245,powers,strength,researched_summary,Spider.csv,245,original,"You are a knowledgeable assistant that answers questions about Spider-Man across comics, films, games and television. Answer accurately and concisely. If you are not sure, say so instead of guessing.",How strong is Spider-Man?,Spider-Man possesses superhuman physical strength that is substantially beyond a normal human's capabilities.,Spider-Man possesses superhuman physical strength that is substantially beyond a normal human's capabilities.,"[{""role"": ""system"", ""content"": ""You are a knowledgeable assistant that answers questions about Spider-Man across comics, films, games and television. Answer accurately and concisely. If you are not sure, say so instead of guessing.""}, {""role"": ""user"", ""content"": ""How strong is Spider-Man?""}, {""role"": ""assistant"", ""content"": ""Spider-Man possesses superhuman physical strength that is substantially beyond a normal human's capabilities.""}]","<|im_start|>system
You are a knowledgeable assistant that answers questions about Spider-Man across comics, films, games and television. Answer accurately and concisely. If you are not sure, say so instead of guessing.<|im_end|>
<|im_start|>user
How strong is Spider-Man?<|im_end|>
<|im_start|>assistant
Spider-Man possesses superhuman physical strength that is substantially beyond a normal human's capabilities.<|im_end|>"
train,233,powers,Spider-Sense,researched_summary,Spider.csv,233,original,"You are a knowledgeable assistant that answers questions about Spider-Man across comics, films, games and television. Answer accurately and concisely. If you are not sure, say so instead of guessing.",Give me a concise explanation of Spider-Sense.,"Spider-Sense is Spider-Man's danger-detection ability, warning him about threats before they fully reach him.","Spider-Sense is Spider-Man's danger-detection ability, warning him about threats before they fully reach him.","[{""role"": ""system"", ""content"": ""You are a knowledgeable assistant that answers questions about Spider-Man across comics, films, games and television. Answer accurately and concisely. If you are not sure, say so instead of guessing.""}, {""role"": ""user"", ""content"": ""Give me a concise explanation of Spider-Sense.""}, {""role"": ""assistant"", ""content"": ""Spider-Sense is Spider-Man's danger-detection ability, warning him about threats before they fully reach him.""}]","<|im_start|>system
You are a knowledgeable assistant that answers questions about Spider-Man across comics, films, games and television. Answer accurately and concisely. If you are not sure, say so instead of guessing.<|im_end|>
<|im_start|>user
Give me a concise explanation of Spider-Sense.<|im_end|>
<|im_start|>assistant
Spider-Sense is Spider-Man's danger-detection ability, warning him about threats before they fully reach him.<|im_end|>"
train,234,powers,Spider-Sense,researched_summary,Spider.csv,234,original,"You are a knowledgeable assistant that answers questions about Spider-Man across comics, films, games and television. Answer accurately and concisely. If you are not sure, say so instead of guessing.",What is Spider-Sense?,"Spider-Sense is Spider-Man's danger-detection ability, warning him about threats before they fully reach him.","Spider-Sense is Spider-Man's danger-detection ability, warning him about threats before they fully reach him.","[{""role"": ""system"", ""content"": ""You are a knowledgeable assistant that answers questions about Spider-Man across comics, films, games and television. Answer accurately and concisely. If you are not sure, say so instead of guessing.""}, {""role"": ""user"", ""content"": ""What is Spider-Sense?""}, {""role"": ""assistant"", ""content"": ""Spider-Sense is Spider-Man's danger-detection ability, warning him about threats before they fully reach him.""}]","<|im_start|>system
You are a knowledgeable assistant that answers questions about Spider-Man across comics, films, games and television. Answer accurately and concisely. If you are not sure, say so instead of guessing.<|im_end|>
<|im_start|>user
What is Spider-Sense?<|im_end|>
<|im_start|>assistant
Spider-Sense is Spider-Man's danger-detection ability, warning him about threats before they fully reach him.<|im_end|>"
train,246,powers,wall-crawling,researched_summary,Spider.csv,246,original,"You are a knowledgeable assistant that answers questions about Spider-Man across comics, films, games and television. Answer accurately and concisely. If you are not sure, say so instead of guessing.",Can Spider-Man climb walls?,Spider-Man can adhere to and move across walls and other surfaces.,Spider-Man can adhere to and move across walls and other surfaces.,"[{""role"": ""system"", ""content"": ""You are a knowledgeable assistant that answers questions about Spider-Man across comics, films, games and television. Answer accurately and concisely. If you are not sure, say so instead of guessing.""}, {""role"": ""user"", ""content"": ""Can Spider-Man climb walls?""}, {""role"": ""assistant"", ""content"": ""Spider-Man can adhere to and move across walls and other surfaces.""}]","<|im_start|>system
You are a knowledgeable assistant that answers questions about Spider-Man across comics, films, games and television. Answer accurately and concisely. If you are not sure, say so instead of guessing.<|im_end|>
<|im_start|>user
Can Spider-Man climb walls?<|im_end|>
<|im_start|>assistant
Spider-Man can adhere to and move across walls and other surfaces.<|im_end|>"
train,235,powers,Spider-sense,model_knowledge,added_by_claude,235,original,"You are a knowledgeable assistant that answers questions about Spider-Man across comics, films, games and television. Answer accurately and concisely. If you are not sure, say so instead of guessing.",What is Spider-Man's spider-sense?,"Spider-sense is a precognitive danger-warning ability that alerts Peter Parker to nearby threats, often before he consciously perceives them. It is central to his fighting style and reaction speed.","Spider-sense is a precognitive danger-warning ability that alerts Peter Parker to nearby threats, often before he consciously perceives them. It is central to his fighting style and reaction speed.","[{""role"": ""system"", ""content"": ""You are a knowledgeable assistant that answers questions about Spider-Man across comics, films, games and television. Answer accurately and concisely. If you are not sure, say so instead of guessing.""}, {""role"": ""user"", ""content"": ""What is Spider-Man's spider-sense?""}, {""role"": ""assistant"", ""content"": ""Spider-sense is a precognitive danger-warning ability that alerts Peter Parker to nearby threats, often before he consciously perceives them. It is central to his fighting style and reaction speed.""}]","<|im_start|>system
You are a knowledgeable assistant that answers questions about Spider-Man across comics, films, games and television. Answer accurately and concisely. If you are not sure, say so instead of guessing.<|im_end|>
<|im_start|>user
What is Spider-Man's spider-sense?<|im_end|>
<|im_start|>assistant
Spider-sense is a precognitive danger-warning ability that alerts Peter Parker to nearby threats, often before he consciously perceives them. It is central to his fighting style and reaction speed.<|im_end|>"
train,237,powers,Strength and agility,model_knowledge,added_by_claude,237,original,"You are a knowledgeable assistant that answers questions about Spider-Man across comics, films, games and television. Answer accurately and concisely. If you are not sure, say so instead of guessing.",How strong is Spider-Man?,"Spider-Man has superhuman strength well beyond human limits along with enhanced speed, reflexes, agility, balance and durability. Exact figures vary by writer and continuity.","Spider-Man has superhuman strength well beyond human limits along with enhanced speed, reflexes, agility, balance and durability. Exact figures vary by writer and continuity.","[{""role"": ""system"", ""content"": ""You are a knowledgeable assistant that answers questions about Spider-Man across comics, films, games and television. Answer accurately and concisely. If you are not sure, say so instead of guessing.""}, {""role"": ""user"", ""content"": ""How strong is Spider-Man?""}, {""role"": ""assistant"", ""content"": ""Spider-Man has superhuman strength well beyond human limits along with enhanced speed, reflexes, agility, balance and durability. Exact figures vary by writer and continuity.""}]","<|im_start|>system
You are a knowledgeable assistant that answers questions about Spider-Man across comics, films, games and television. Answer accurately and concisely. If you are not sure, say so instead of guessing.<|im_end|>
<|im_start|>user
How strong is Spider-Man?<|im_end|>
<|im_start|>assistant
Spider-Man has superhuman strength well beyond human limits along with enhanced speed, reflexes, agility, balance and durability. Exact figures vary by writer and continuity.<|im_end|>"
train,232,powers,Origin of powers,model_knowledge,added_by_claude,232,original,"You are a knowledgeable assistant that answers questions about Spider-Man across comics, films, games and television. Answer accurately and concisely. If you are not sure, say so instead of guessing.",How did Peter Parker get his powers?,"Peter Parker gained his abilities after being bitten by a spider exposed to radiation during a science demonstration, which is the origin presented in Amazing Fantasy #15.","Peter Parker gained his abilities after being bitten by a spider exposed to radiation during a science demonstration, which is the origin presented in Amazing Fantasy #15.","[{""role"": ""system"", ""content"": ""You are a knowledgeable assistant that answers questions about Spider-Man across comics, films, games and television. Answer accurately and concisely. If you are not sure, say so instead of guessing.""}, {""role"": ""user"", ""content"": ""How did Peter Parker get his powers?""}, {""role"": ""assistant"", ""content"": ""Peter Parker gained his abilities after being bitten by a spider exposed to radiation during a science demonstration, which is the origin presented in Amazing Fantasy #15.""}]","<|im_start|>system
You are a knowledgeable assistant that answers questions about Spider-Man across comics, films, games and television. Answer accurately and concisely. If you are not sure, say so instead of guessing.<|im_end|>
<|im_start|>user
How did Peter Parker get his powers?<|im_end|>
<|im_start|>assistant
Peter Parker gained his abilities after being bitten by a spider exposed to radiation during a science demonstration, which is the origin presented in Amazing Fantasy #15.<|im_end|>"
train,243,powers,intelligence,researched_summary,Spider.csv,243,original,"You are a knowledgeable assistant that answers questions about Spider-Man across comics, films, games and television. Answer accurately and concisely. If you are not sure, say so instead of guessing.",Is Peter Parker intelligent?,Peter Parker is frequently portrayed as a highly intelligent scientist and inventor.,Peter Parker is frequently portrayed as a highly intelligent scientist and inventor.,"[{""role"": ""system"", ""content"": ""You are a knowledgeable assistant that answers questions about Spider-Man across comics, films, games and television. Answer accurately and concisely. If you are not sure, say so instead of guessing.""}, {""role"": ""user"", ""content"": ""Is Peter Parker intelligent?""}, {""role"": ""assistant"", ""content"": ""Peter Parker is frequently portrayed as a highly intelligent scientist and inventor.""}]","<|im_start|>system
You are a knowledgeable assistant that answers questions about Spider-Man across comics, films, games and television. Answer accurately and concisely. If you are not sure, say so instead of guessing.<|im_end|>
<|im_start|>user
Is Peter Parker intelligent?<|im_end|>
<|im_start|>assistant
Peter Parker is frequently portrayed as a highly intelligent scientist and inventor.<|im_end|>"
train,236,powers,Spider-tracer,model_knowledge,added_by_claude,236,original,"You are a knowledgeable assistant that answers questions about Spider-Man across comics, films, games and television. Answer accurately and concisely. If you are not sure, say so instead of guessing.",What is a spider-tracer?,"A spider-tracer is a small homing device Peter Parker invents to track targets, keyed to his spider-sense in most comic continuities.","A spider-tracer is a small homing device Peter Parker invents to track targets, keyed to his spider-sense in most comic continuities.","[{""role"": ""system"", ""content"": ""You are a knowledgeable assistant that answers questions about Spider-Man across comics, films, games and television. Answer accurately and concisely. If you are not sure, say so instead of guessing.""}, {""role"": ""user"", ""content"": ""What is a spider-tracer?""}, {""role"": ""assistant"", ""content"": ""A spider-tracer is a small homing device Peter Parker invents to track targets, keyed to his spider-sense in most comic continuities.""}]","<|im_start|>system
You are a knowledgeable assistant that answers questions about Spider-Man across comics, films, games and television. Answer accurately and concisely. If you are not sure, say so instead of guessing.<|im_end|>
<|im_start|>user
What is a spider-tracer?<|im_end|>
<|im_start|>assistant
A spider-tracer is a small homing device Peter Parker invents to track targets, keyed to his spider-sense in most comic continuities.<|im_end|>"
train,239,powers,Web-shooters,model_knowledge,added_by_claude,239,original,"You are a knowledgeable assistant that answers questions about Spider-Man across comics, films, games and television. Answer accurately and concisely. If you are not sure, say so instead of guessing.",Are Spider-Man's web-shooters organic or mechanical?,"In mainstream Marvel Comics Peter Parker builds mechanical web-shooters himself, which is part of establishing him as an inventor. Sam Raimi's film trilogy instead gave him organic web production.","In mainstream Marvel Comics Peter Parker builds mechanical web-shooters himself, which is part of establishing him as an inventor. Sam Raimi's film trilogy instead gave him organic web production.","[{""role"": ""system"", ""content"": ""You are a knowledgeable assistant that answers questions about Spider-Man across comics, films, games and television. Answer accurately and concisely. If you are not sure, say so instead of guessing.""}, {""role"": ""user"", ""content"": ""Are Spider-Man's web-shooters organic or mechanical?""}, {""role"": ""assistant"", ""content"": ""In mainstream Marvel Comics Peter Parker builds mechanical web-shooters himself, which is part of establishing him as an inventor. Sam Raimi's film trilogy instead gave him organic web production.""}]","<|im_start|>system
You are a knowledgeable assistant that answers questions about Spider-Man across comics, films, games and television. Answer accurately and concisely. If you are not sure, say so instead of guessing.<|im_end|>
<|im_start|>user
Are Spider-Man's web-shooters organic or mechanical?<|im_end|>
<|im_start|>assistant
In mainstream Marvel Comics Peter Parker builds mechanical web-shooters himself, which is part of establishing him as an inventor. Sam Raimi's film trilogy instead gave him organic web production.<|im_end|>"
train,241,powers,healing,researched_summary,Spider.csv,241,original,"You are a knowledgeable assistant that answers questions about Spider-Man across comics, films, games and television. Answer accurately and concisely. If you are not sure, say so instead of guessing.",Does Spider-Man heal quickly Give me the context.,"Spider-Man versions often have enhanced recovery, but the exact extent varies by continuity.","Spider-Man versions often have enhanced recovery, but the exact extent varies by continuity.","[{""role"": ""system"", ""content"": ""You are a knowledgeable assistant that answers questions about Spider-Man across comics, films, games and television. Answer accurately and concisely. If you are not sure, say so instead of guessing.""}, {""role"": ""user"", ""content"": ""Does Spider-Man heal quickly Give me the context.""}, {""role"": ""assistant"", ""content"": ""Spider-Man versions often have enhanced recovery, but the exact extent varies by continuity.""}]","<|im_start|>system
You are a knowledgeable assistant that answers questions about Spider-Man across comics, films, games and television. Answer accurately and concisely. If you are not sure, say so instead of guessing.<|im_end|>
<|im_start|>user
Does Spider-Man heal quickly Give me the context.<|im_end|>
<|im_start|>assistant
Spider-Man versions often have enhanced recovery, but the exact extent varies by continuity.<|im_end|>"
train,242,powers,healing,researched_summary,Spider.csv,242,original,"You are a knowledgeable assistant that answers questions about Spider-Man across comics, films, games and television. Answer accurately and concisely. If you are not sure, say so instead of guessing.",Does Spider-Man heal quickly?,"Spider-Man versions often have enhanced recovery, but the exact extent varies by continuity.","Spider-Man versions often have enhanced recovery, but the exact extent varies by continuity.","[{""role"": ""system"", ""content"": ""You are a knowledgeable assistant that answers questions about Spider-Man across comics, films, games and television. Answer accurately and concisely. If you are not sure, say so instead of guessing.""}, {""role"": ""user"", ""content"": ""Does Spider-Man heal quickly?""}, {""role"": ""assistant"", ""content"": ""Spider-Man versions often have enhanced recovery, but the exact extent varies by continuity.""}]","<|im_start|>system
You are a knowledgeable assistant that answers questions about Spider-Man across comics, films, games and television. Answer accurately and concisely. If you are not sure, say so instead of guessing.<|im_end|>
<|im_start|>user
Does Spider-Man heal quickly?<|im_end|>
<|im_start|>assistant
Spider-Man versions often have enhanced recovery, but the exact extent varies by continuity.<|im_end|>"
train,251,production,Sony Pictures,researched_summary,Spider.csv,251,original,"You are a knowledgeable assistant that answers questions about Spider-Man across comics, films, games and television. Answer accurately and concisely. If you are not sure, say so instead of guessing.",What studio is strongly associated with Spider-Man films?,Sony Pictures is the studio behind the Columbia Pictures Spider-Man film franchise.,Sony Pictures is the studio behind the Columbia Pictures Spider-Man film franchise.,"[{""role"": ""system"", ""content"": ""You are a knowledgeable assistant that answers questions about Spider-Man across comics, films, games and television. Answer accurately and concisely. If you are not sure, say so instead of guessing.""}, {""role"": ""user"", ""content"": ""What studio is strongly associated with Spider-Man films?""}, {""role"": ""assistant"", ""content"": ""Sony Pictures is the studio behind the Columbia Pictures Spider-Man film franchise.""}]","<|im_start|>system
You are a knowledgeable assistant that answers questions about Spider-Man across comics, films, games and television. Answer accurately and concisely. If you are not sure, say so instead of guessing.<|im_end|>
<|im_start|>user
What studio is strongly associated with Spider-Man films?<|im_end|>
<|im_start|>assistant
Sony Pictures is the studio behind the Columbia Pictures Spider-Man film franchise.<|im_end|>"
train,248,production,Columbia Pictures,researched_summary,Spider.csv,248,original,"You are a knowledgeable assistant that answers questions about Spider-Man across comics, films, games and television. Answer accurately and concisely. If you are not sure, say so instead of guessing.",What is Columbia Pictures' connection to Spider-Man?,"Columbia Pictures, a Sony company, is the film label associated with the Spider-Man movie franchise.","Columbia Pictures, a Sony company, is the film label associated with the Spider-Man movie franchise.","[{""role"": ""system"", ""content"": ""You are a knowledgeable assistant that answers questions about Spider-Man across comics, films, games and television. Answer accurately and concisely. If you are not sure, say so instead of guessing.""}, {""role"": ""user"", ""content"": ""What is Columbia Pictures' connection to Spider-Man?""}, {""role"": ""assistant"", ""content"": ""Columbia Pictures, a Sony company, is the film label associated with the Spider-Man movie franchise.""}]","<|im_start|>system
You are a knowledgeable assistant that answers questions about Spider-Man across comics, films, games and television. Answer accurately and concisely. If you are not sure, say so instead of guessing.<|im_end|>
<|im_start|>user
What is Columbia Pictures' connection to Spider-Man?<|im_end|>
<|im_start|>assistant
Columbia Pictures, a Sony company, is the film label associated with the Spider-Man movie franchise.<|im_end|>"
train,259,relationships,Peter and Gwen,model_knowledge,added_by_claude,259,original,"You are a knowledgeable assistant that answers questions about Spider-Man across comics, films, games and television. Answer accurately and concisely. If you are not sure, say so instead of guessing.",What was Peter Parker's relationship with Gwen Stacy?,Gwen Stacy was Peter Parker's college girlfriend and one of his most significant early relationships. Her death is a defining tragedy in his history.,Gwen Stacy was Peter Parker's college girlfriend and one of his most significant early relationships. Her death is a defining tragedy in his history.,"[{""role"": ""system"", ""content"": ""You are a knowledgeable assistant that answers questions about Spider-Man across comics, films, games and television. Answer accurately and concisely. If you are not sure, say so instead of guessing.""}, {""role"": ""user"", ""content"": ""What was Peter Parker's relationship with Gwen Stacy?""}, {""role"": ""assistant"", ""content"": ""Gwen Stacy was Peter Parker's college girlfriend and one of his most significant early relationships. Her death is a defining tragedy in his history.""}]","<|im_start|>system
You are a knowledgeable assistant that answers questions about Spider-Man across comics, films, games and television. Answer accurately and concisely. If you are not sure, say so instead of guessing.<|im_end|>
<|im_start|>user
What was Peter Parker's relationship with Gwen Stacy?<|im_end|>
<|im_start|>assistant
Gwen Stacy was Peter Parker's college girlfriend and one of his most significant early relationships. Her death is a defining tragedy in his history.<|im_end|>"
train,264,relationships,Peter and MJ,researched_summary,Spider.csv,264,original,"You are a knowledgeable assistant that answers questions about Spider-Man across comics, films, games and television. Answer accurately and concisely. If you are not sure, say so instead of guessing.",Give me a concise explanation of Peter Parker's relationship with MJ.,"Peter Parker and Mary Jane Watson have one of Spider-Man's most important long-running relationships; they have been friends, romantic partners, and spouses in different continuity states.","Peter Parker and Mary Jane Watson have one of Spider-Man's most important long-running relationships; they have been friends, romantic partners, and spouses in different continuity states.","[{""role"": ""system"", ""content"": ""You are a knowledgeable assistant that answers questions about Spider-Man across comics, films, games and television. Answer accurately and concisely. If you are not sure, say so instead of guessing.""}, {""role"": ""user"", ""content"": ""Give me a concise explanation of Peter Parker's relationship with MJ.""}, {""role"": ""assistant"", ""content"": ""Peter Parker and Mary Jane Watson have one of Spider-Man's most important long-running relationships; they have been friends, romantic partners, and spouses in different continuity states.""}]","<|im_start|>system
You are a knowledgeable assistant that answers questions about Spider-Man across comics, films, games and television. Answer accurately and concisely. If you are not sure, say so instead of guessing.<|im_end|>
<|im_start|>user
Give me a concise explanation of Peter Parker's relationship with MJ.<|im_end|>
<|im_start|>assistant
Peter Parker and Mary Jane Watson have one of Spider-Man's most important long-running relationships; they have been friends, romantic partners, and spouses in different continuity states.<|im_end|>"
train,265,relationships,Peter and MJ,researched_summary,Spider.csv,265,original,"You are a knowledgeable assistant that answers questions about Spider-Man across comics, films, games and television. Answer accurately and concisely. If you are not sure, say so instead of guessing.",What is Peter Parker's relationship with MJ?,"Peter Parker and Mary Jane Watson have one of Spider-Man's most important long-running relationships; they have been friends, romantic partners, and spouses in different continuity states.","Peter Parker and Mary Jane Watson have one of Spider-Man's most important long-running relationships; they have been friends, romantic partners, and spouses in different continuity states.","[{""role"": ""system"", ""content"": ""You are a knowledgeable assistant that answers questions about Spider-Man across comics, films, games and television. Answer accurately and concisely. If you are not sure, say so instead of guessing.""}, {""role"": ""user"", ""content"": ""What is Peter Parker's relationship with MJ?""}, {""role"": ""assistant"", ""content"": ""Peter Parker and Mary Jane Watson have one of Spider-Man's most important long-running relationships; they have been friends, romantic partners, and spouses in different continuity states.""}]","<|im_start|>system
You are a knowledgeable assistant that answers questions about Spider-Man across comics, films, games and television. Answer accurately and concisely. If you are not sure, say so instead of guessing.<|im_end|>
<|im_start|>user
What is Peter Parker's relationship with MJ?<|im_end|>
<|im_start|>assistant
Peter Parker and Mary Jane Watson have one of Spider-Man's most important long-running relationships; they have been friends, romantic partners, and spouses in different continuity states.<|im_end|>"
train,256,relationships,Peter and Avengers,researched_summary,Spider.csv,256,original,"You are a knowledgeable assistant that answers questions about Spider-Man across comics, films, games and television. Answer accurately and concisely. If you are not sure, say so instead of guessing.",Is Spider-Man an Avenger?,"Spider-Man has been associated with the Avengers at various points in Marvel Comics, connecting him to a wider superhero community.","Spider-Man has been associated with the Avengers at various points in Marvel Comics, connecting him to a wider superhero community.","[{""role"": ""system"", ""content"": ""You are a knowledgeable assistant that answers questions about Spider-Man across comics, films, games and television. Answer accurately and concisely. If you are not sure, say so instead of guessing.""}, {""role"": ""user"", ""content"": ""Is Spider-Man an Avenger?""}, {""role"": ""assistant"", ""content"": ""Spider-Man has been associated with the Avengers at various points in Marvel Comics, connecting him to a wider superhero community.""}]","<|im_start|>system
You are a knowledgeable assistant that answers questions about Spider-Man across comics, films, games and television. Answer accurately and concisely. If you are not sure, say so instead of guessing.<|im_end|>
<|im_start|>user
Is Spider-Man an Avenger?<|im_end|>
<|im_start|>assistant
Spider-Man has been associated with the Avengers at various points in Marvel Comics, connecting him to a wider superhero community.<|im_end|>"
train,266,relationships,Peter and Miles,researched_summary,Spider.csv,266,original,"You are a knowledgeable assistant that answers questions about Spider-Man across comics, films, games and television. Answer accurately and concisely. If you are not sure, say so instead of guessing.",Are Peter Parker and Miles Morales partners?,Peter and Miles share the Spider-Man mantle in some continuities and can work together as partners.,Peter and Miles share the Spider-Man mantle in some continuities and can work together as partners.,"[{""role"": ""system"", ""content"": ""You are a knowledgeable assistant that answers questions about Spider-Man across comics, films, games and television. Answer accurately and concisely. If you are not sure, say so instead of guessing.""}, {""role"": ""user"", ""content"": ""Are Peter Parker and Miles Morales partners?""}, {""role"": ""assistant"", ""content"": ""Peter and Miles share the Spider-Man mantle in some continuities and can work together as partners.""}]","<|im_start|>system
You are a knowledgeable assistant that answers questions about Spider-Man across comics, films, games and television. Answer accurately and concisely. If you are not sure, say so instead of guessing.<|im_end|>
<|im_start|>user
Are Peter Parker and Miles Morales partners?<|im_end|>
<|im_start|>assistant
Peter and Miles share the Spider-Man mantle in some continuities and can work together as partners.<|im_end|>"
train,269,relationships,Peter and Uncle Ben,researched_summary,Spider.csv,269,original,"You are a knowledgeable assistant that answers questions about Spider-Man across comics, films, games and television. Answer accurately and concisely. If you are not sure, say so instead of guessing.",How does Uncle Ben influence Peter — explain briefly.,Uncle Ben's death and moral example are foundational to Peter's understanding of responsibility.,Uncle Ben's death and moral example are foundational to Peter's understanding of responsibility.,"[{""role"": ""system"", ""content"": ""You are a knowledgeable assistant that answers questions about Spider-Man across comics, films, games and television. Answer accurately and concisely. If you are not sure, say so instead of guessing.""}, {""role"": ""user"", ""content"": ""How does Uncle Ben influence Peter — explain briefly.""}, {""role"": ""assistant"", ""content"": ""Uncle Ben's death and moral example are foundational to Peter's understanding of responsibility.""}]","<|im_start|>system
You are a knowledgeable assistant that answers questions about Spider-Man across comics, films, games and television. Answer accurately and concisely. If you are not sure, say so instead of guessing.<|im_end|>
<|im_start|>user
How does Uncle Ben influence Peter — explain briefly.<|im_end|>
<|im_start|>assistant
Uncle Ben's death and moral example are foundational to Peter's understanding of responsibility.<|im_end|>"
train,270,relationships,Peter and Uncle Ben,researched_summary,Spider.csv,270,original,"You are a knowledgeable assistant that answers questions about Spider-Man across comics, films, games and television. Answer accurately and concisely. If you are not sure, say so instead of guessing.",How does Uncle Ben influence Peter?,Uncle Ben's death and moral example are foundational to Peter's understanding of responsibility.,Uncle Ben's death and moral example are foundational to Peter's understanding of responsibility.,"[{""role"": ""system"", ""content"": ""You are a knowledgeable assistant that answers questions about Spider-Man across comics, films, games and television. Answer accurately and concisely. If you are not sure, say so instead of guessing.""}, {""role"": ""user"", ""content"": ""How does Uncle Ben influence Peter?""}, {""role"": ""assistant"", ""content"": ""Uncle Ben's death and moral example are foundational to Peter's understanding of responsibility.""}]","<|im_start|>system
You are a knowledgeable assistant that answers questions about Spider-Man across comics, films, games and television. Answer accurately and concisely. If you are not sure, say so instead of guessing.<|im_end|>
<|im_start|>user
How does Uncle Ben influence Peter?<|im_end|>
<|im_start|>assistant
Uncle Ben's death and moral example are foundational to Peter's understanding of responsibility.<|im_end|>"
train,262,relationships,Peter and Harry,model_knowledge,added_by_claude,262,original,"You are a knowledgeable assistant that answers questions about Spider-Man across comics, films, games and television. Answer accurately and concisely. If you are not sure, say so instead of guessing.",What is Peter's relationship with Harry Osborn?,"Harry Osborn is Peter Parker's close friend and roommate, and their friendship is repeatedly strained by Harry's father Norman and by Harry's own turns as the Green Goblin.","Harry Osborn is Peter Parker's close friend and roommate, and their friendship is repeatedly strained by Harry's father Norman and by Harry's own turns as the Green Goblin.","[{""role"": ""system"", ""content"": ""You are a knowledgeable assistant that answers questions about Spider-Man across comics, films, games and television. Answer accurately and concisely. If you are not sure, say so instead of guessing.""}, {""role"": ""user"", ""content"": ""What is Peter's relationship with Harry Osborn?""}, {""role"": ""assistant"", ""content"": ""Harry Osborn is Peter Parker's close friend and roommate, and their friendship is repeatedly strained by Harry's father Norman and by Harry's own turns as the Green Goblin.""}]","<|im_start|>system
You are a knowledgeable assistant that answers questions about Spider-Man across comics, films, games and television. Answer accurately and concisely. If you are not sure, say so instead of guessing.<|im_end|>
<|im_start|>user
What is Peter's relationship with Harry Osborn?<|im_end|>
<|im_start|>assistant
Harry Osborn is Peter Parker's close friend and roommate, and their friendship is repeatedly strained by Harry's father Norman and by Harry's own turns as the Green Goblin.<|im_end|>"
train,263,relationships,Peter and Jameson,model_knowledge,added_by_claude,263,original,"You are a knowledgeable assistant that answers questions about Spider-Man across comics, films, games and television. Answer accurately and concisely. If you are not sure, say so instead of guessing.",What is Peter's relationship with J. Jonah Jameson?,"J. Jonah Jameson employs Peter Parker as a photographer while publicly campaigning against Spider-Man, which creates one of the character's longest-running ironies.","J. Jonah Jameson employs Peter Parker as a photographer while publicly campaigning against Spider-Man, which creates one of the character's longest-running ironies.","[{""role"": ""system"", ""content"": ""You are a knowledgeable assistant that answers questions about Spider-Man across comics, films, games and television. Answer accurately and concisely. If you are not sure, say so instead of guessing.""}, {""role"": ""user"", ""content"": ""What is Peter's relationship with J. Jonah Jameson?""}, {""role"": ""assistant"", ""content"": ""J. Jonah Jameson employs Peter Parker as a photographer while publicly campaigning against Spider-Man, which creates one of the character's longest-running ironies.""}]","<|im_start|>system
You are a knowledgeable assistant that answers questions about Spider-Man across comics, films, games and television. Answer accurately and concisely. If you are not sure, say so instead of guessing.<|im_end|>
<|im_start|>user
What is Peter's relationship with J. Jonah Jameson?<|im_end|>
<|im_start|>assistant
J. Jonah Jameson employs Peter Parker as a photographer while publicly campaigning against Spider-Man, which creates one of the character's longest-running ironies.<|im_end|>"
train,254,relationships,Peter and Aunt May,researched_summary,Spider.csv,254,original,"You are a knowledgeable assistant that answers questions about Spider-Man across comics, films, games and television. Answer accurately and concisely. If you are not sure, say so instead of guessing.",How important is Aunt May to Peter — explain briefly.,Aunt May is Peter's family anchor and one of the people most closely connected to his civilian life.,Aunt May is Peter's family anchor and one of the people most closely connected to his civilian life.,"[{""role"": ""system"", ""content"": ""You are a knowledgeable assistant that answers questions about Spider-Man across comics, films, games and television. Answer accurately and concisely. If you are not sure, say so instead of guessing.""}, {""role"": ""user"", ""content"": ""How important is Aunt May to Peter — explain briefly.""}, {""role"": ""assistant"", ""content"": ""Aunt May is Peter's family anchor and one of the people most closely connected to his civilian life.""}]","<|im_start|>system
You are a knowledgeable assistant that answers questions about Spider-Man across comics, films, games and television. Answer accurately and concisely. If you are not sure, say so instead of guessing.<|im_end|>
<|im_start|>user
How important is Aunt May to Peter — explain briefly.<|im_end|>
<|im_start|>assistant
Aunt May is Peter's family anchor and one of the people most closely connected to his civilian life.<|im_end|>"
train,255,relationships,Peter and Aunt May,researched_summary,Spider.csv,255,original,"You are a knowledgeable assistant that answers questions about Spider-Man across comics, films, games and television. Answer accurately and concisely. If you are not sure, say so instead of guessing.",How important is Aunt May to Peter?,Aunt May is Peter's family anchor and one of the people most closely connected to his civilian life.,Aunt May is Peter's family anchor and one of the people most closely connected to his civilian life.,"[{""role"": ""system"", ""content"": ""You are a knowledgeable assistant that answers questions about Spider-Man across comics, films, games and television. Answer accurately and concisely. If you are not sure, say so instead of guessing.""}, {""role"": ""user"", ""content"": ""How important is Aunt May to Peter?""}, {""role"": ""assistant"", ""content"": ""Aunt May is Peter's family anchor and one of the people most closely connected to his civilian life.""}]","<|im_start|>system
You are a knowledgeable assistant that answers questions about Spider-Man across comics, films, games and television. Answer accurately and concisely. If you are not sure, say so instead of guessing.<|im_end|>
<|im_start|>user
How important is Aunt May to Peter?<|im_end|>
<|im_start|>assistant
Aunt May is Peter's family anchor and one of the people most closely connected to his civilian life.<|im_end|>"
train,257,relationships,Peter and Gwen,researched_summary,Spider.csv,257,original,"You are a knowledgeable assistant that answers questions about Spider-Man across comics, films, games and television. Answer accurately and concisely. If you are not sure, say so instead of guessing.",Give me a concise explanation of Peter Parker's relationship with Gwen Stacy.,"Gwen Stacy is one of Peter Parker's major early romantic relationships, and her death has a lasting effect on Peter in classic comics.","Gwen Stacy is one of Peter Parker's major early romantic relationships, and her death has a lasting effect on Peter in classic comics.","[{""role"": ""system"", ""content"": ""You are a knowledgeable assistant that answers questions about Spider-Man across comics, films, games and television. Answer accurately and concisely. If you are not sure, say so instead of guessing.""}, {""role"": ""user"", ""content"": ""Give me a concise explanation of Peter Parker's relationship with Gwen Stacy.""}, {""role"": ""assistant"", ""content"": ""Gwen Stacy is one of Peter Parker's major early romantic relationships, and her death has a lasting effect on Peter in classic comics.""}]","<|im_start|>system
You are a knowledgeable assistant that answers questions about Spider-Man across comics, films, games and television. Answer accurately and concisely. If you are not sure, say so instead of guessing.<|im_end|>
<|im_start|>user
Give me a concise explanation of Peter Parker's relationship with Gwen Stacy.<|im_end|>
<|im_start|>assistant
Gwen Stacy is one of Peter Parker's major early romantic relationships, and her death has a lasting effect on Peter in classic comics.<|im_end|>"
train,258,relationships,Peter and Gwen,researched_summary,Spider.csv,258,original,"You are a knowledgeable assistant that answers questions about Spider-Man across comics, films, games and television. Answer accurately and concisely. If you are not sure, say so instead of guessing.",What is Peter Parker's relationship with Gwen Stacy?,"Gwen Stacy is one of Peter Parker's major early romantic relationships, and her death has a lasting effect on Peter in classic comics.","Gwen Stacy is one of Peter Parker's major early romantic relationships, and her death has a lasting effect on Peter in classic comics.","[{""role"": ""system"", ""content"": ""You are a knowledgeable assistant that answers questions about Spider-Man across comics, films, games and television. Answer accurately and concisely. If you are not sure, say so instead of guessing.""}, {""role"": ""user"", ""content"": ""What is Peter Parker's relationship with Gwen Stacy?""}, {""role"": ""assistant"", ""content"": ""Gwen Stacy is one of Peter Parker's major early romantic relationships, and her death has a lasting effect on Peter in classic comics.""}]","<|im_start|>system
You are a knowledgeable assistant that answers questions about Spider-Man across comics, films, games and television. Answer accurately and concisely. If you are not sure, say so instead of guessing.<|im_end|>
<|im_start|>user
What is Peter Parker's relationship with Gwen Stacy?<|im_end|>
<|im_start|>assistant
Gwen Stacy is one of Peter Parker's major early romantic relationships, and her death has a lasting effect on Peter in classic comics.<|im_end|>"
train,267,relationships,Peter and Ned,researched_summary,Spider.csv,267,original,"You are a knowledgeable assistant that answers questions about Spider-Man across comics, films, games and television. Answer accurately and concisely. If you are not sure, say so instead of guessing.",Give me a concise explanation of Peter's relationship with Ned in the MCU.,The Peter-Ned relationship varies by adaptation; in the MCU films Ned Leeds is Peter's close friend and confidant.,The Peter-Ned relationship varies by adaptation; in the MCU films Ned Leeds is Peter's close friend and confidant.,"[{""role"": ""system"", ""content"": ""You are a knowledgeable assistant that answers questions about Spider-Man across comics, films, games and television. Answer accurately and concisely. If you are not sure, say so instead of guessing.""}, {""role"": ""user"", ""content"": ""Give me a concise explanation of Peter's relationship with Ned in the MCU.""}, {""role"": ""assistant"", ""content"": ""The Peter-Ned relationship varies by adaptation; in the MCU films Ned Leeds is Peter's close friend and confidant.""}]","<|im_start|>system
You are a knowledgeable assistant that answers questions about Spider-Man across comics, films, games and television. Answer accurately and concisely. If you are not sure, say so instead of guessing.<|im_end|>
<|im_start|>user
Give me a concise explanation of Peter's relationship with Ned in the MCU.<|im_end|>
<|im_start|>assistant
The Peter-Ned relationship varies by adaptation; in the MCU films Ned Leeds is Peter's close friend and confidant.<|im_end|>"
train,268,relationships,Peter and Ned,researched_summary,Spider.csv,268,original,"You are a knowledgeable assistant that answers questions about Spider-Man across comics, films, games and television. Answer accurately and concisely. If you are not sure, say so instead of guessing.",What is Peter's relationship with Ned in the MCU?,The Peter-Ned relationship varies by adaptation; in the MCU films Ned Leeds is Peter's close friend and confidant.,The Peter-Ned relationship varies by adaptation; in the MCU films Ned Leeds is Peter's close friend and confidant.,"[{""role"": ""system"", ""content"": ""You are a knowledgeable assistant that answers questions about Spider-Man across comics, films, games and television. Answer accurately and concisely. If you are not sure, say so instead of guessing.""}, {""role"": ""user"", ""content"": ""What is Peter's relationship with Ned in the MCU?""}, {""role"": ""assistant"", ""content"": ""The Peter-Ned relationship varies by adaptation; in the MCU films Ned Leeds is Peter's close friend and confidant.""}]","<|im_start|>system
You are a knowledgeable assistant that answers questions about Spider-Man across comics, films, games and television. Answer accurately and concisely. If you are not sure, say so instead of guessing.<|im_end|>
<|im_start|>user
What is Peter's relationship with Ned in the MCU?<|im_end|>
<|im_start|>assistant
The Peter-Ned relationship varies by adaptation; in the MCU films Ned Leeds is Peter's close friend and confidant.<|im_end|>"
train,277,story,Miles mantle,researched_summary,Spider.csv,277,original,"You are a knowledgeable assistant that answers questions about Spider-Man across comics, films, games and television. Answer accurately and concisely. If you are not sure, say so instead of guessing.",Is Spider-Man only Peter Parker?,"Miles Morales is one of the characters who carries the Spider-Man identity, demonstrating that Spider-Man is a mantle as well as a specific character.","Miles Morales is one of the characters who carries the Spider-Man identity, demonstrating that Spider-Man is a mantle as well as a specific character.","[{""role"": ""system"", ""content"": ""You are a knowledgeable assistant that answers questions about Spider-Man across comics, films, games and television. Answer accurately and concisely. If you are not sure, say so instead of guessing.""}, {""role"": ""user"", ""content"": ""Is Spider-Man only Peter Parker?""}, {""role"": ""assistant"", ""content"": ""Miles Morales is one of the characters who carries the Spider-Man identity, demonstrating that Spider-Man is a mantle as well as a specific character.""}]","<|im_start|>system
You are a knowledgeable assistant that answers questions about Spider-Man across comics, films, games and television. Answer accurately and concisely. If you are not sure, say so instead of guessing.<|im_end|>
<|im_start|>user
Is Spider-Man only Peter Parker?<|im_end|>
<|im_start|>assistant
Miles Morales is one of the characters who carries the Spider-Man identity, demonstrating that Spider-Man is a mantle as well as a specific character.<|im_end|>"
train,272,story,Clone Saga,model_knowledge,added_by_claude,272,original,"You are a knowledgeable assistant that answers questions about Spider-Man across comics, films, games and television. Answer accurately and concisely. If you are not sure, say so instead of guessing.",What is the Clone Saga?,"The Clone Saga is a sprawling mid-1990s storyline built around clones of Peter Parker, most notably Ben Reilly. It is one of the most complicated and debated periods in Spider-Man continuity.","The Clone Saga is a sprawling mid-1990s storyline built around clones of Peter Parker, most notably Ben Reilly. It is one of the most complicated and debated periods in Spider-Man continuity.","[{""role"": ""system"", ""content"": ""You are a knowledgeable assistant that answers questions about Spider-Man across comics, films, games and television. Answer accurately and concisely. If you are not sure, say so instead of guessing.""}, {""role"": ""user"", ""content"": ""What is the Clone Saga?""}, {""role"": ""assistant"", ""content"": ""The Clone Saga is a sprawling mid-1990s storyline built around clones of Peter Parker, most notably Ben Reilly. It is one of the most complicated and debated periods in Spider-Man continuity.""}]","<|im_start|>system
You are a knowledgeable assistant that answers questions about Spider-Man across comics, films, games and television. Answer accurately and concisely. If you are not sure, say so instead of guessing.<|im_end|>
<|im_start|>user
What is the Clone Saga?<|im_end|>
<|im_start|>assistant
The Clone Saga is a sprawling mid-1990s storyline built around clones of Peter Parker, most notably Ben Reilly. It is one of the most complicated and debated periods in Spider-Man continuity.<|im_end|>"
train,282,story,canon uncertainty,researched_summary,Spider.csv,282,original,"You are a knowledgeable assistant that answers questions about Spider-Man across comics, films, games and television. Answer accurately and concisely. If you are not sure, say so instead of guessing.",Why can Spider-Man facts sometimes conflict?,"Spider-Man continuity differs across comics, movies, television, games and alternate universes, so an answer should specify the version when necessary.","Spider-Man continuity differs across comics, movies, television, games and alternate universes, so an answer should specify the version when necessary.","[{""role"": ""system"", ""content"": ""You are a knowledgeable assistant that answers questions about Spider-Man across comics, films, games and television. Answer accurately and concisely. If you are not sure, say so instead of guessing.""}, {""role"": ""user"", ""content"": ""Why can Spider-Man facts sometimes conflict?""}, {""role"": ""assistant"", ""content"": ""Spider-Man continuity differs across comics, movies, television, games and alternate universes, so an answer should specify the version when necessary.""}]","<|im_start|>system
You are a knowledgeable assistant that answers questions about Spider-Man across comics, films, games and television. Answer accurately and concisely. If you are not sure, say so instead of guessing.<|im_end|>
<|im_start|>user
Why can Spider-Man facts sometimes conflict?<|im_end|>
<|im_start|>assistant
Spider-Man continuity differs across comics, movies, television, games and alternate universes, so an answer should specify the version when necessary.<|im_end|>"
train,279,story,Spider-Verse event,model_knowledge,added_by_claude,279,original,"You are a knowledgeable assistant that answers questions about Spider-Man across comics, films, games and television. Answer accurately and concisely. If you are not sure, say so instead of guessing.",What is the Spider-Verse comic event?,"Spider-Verse is a 2014-2015 Marvel event that gathered Spider-People from many realities against the Inheritors, a family of totem-hunting villains led by Morlun.","Spider-Verse is a 2014-2015 Marvel event that gathered Spider-People from many realities against the Inheritors, a family of totem-hunting villains led by Morlun.","[{""role"": ""system"", ""content"": ""You are a knowledgeable assistant that answers questions about Spider-Man across comics, films, games and television. Answer accurately and concisely. If you are not sure, say so instead of guessing.""}, {""role"": ""user"", ""content"": ""What is the Spider-Verse comic event?""}, {""role"": ""assistant"", ""content"": ""Spider-Verse is a 2014-2015 Marvel event that gathered Spider-People from many realities against the Inheritors, a family of totem-hunting villains led by Morlun.""}]","<|im_start|>system
You are a knowledgeable assistant that answers questions about Spider-Man across comics, films, games and television. Answer accurately and concisely. If you are not sure, say so instead of guessing.<|im_end|>
<|im_start|>user
What is the Spider-Verse comic event?<|im_end|>
<|im_start|>assistant
Spider-Verse is a 2014-2015 Marvel event that gathered Spider-People from many realities against the Inheritors, a family of totem-hunting villains led by Morlun.<|im_end|>"
train,285,story,origin,researched_summary,Spider.csv,285,original,"You are a knowledgeable assistant that answers questions about Spider-Man across comics, films, games and television. Answer accurately and concisely. If you are not sure, say so instead of guessing.",How does Peter Parker become Spider-Man — explain briefly.,Peter Parker becomes Spider-Man after being bitten by a radioactive or otherwise altered spider depending on the continuity.,Peter Parker becomes Spider-Man after being bitten by a radioactive or otherwise altered spider depending on the continuity.,"[{""role"": ""system"", ""content"": ""You are a knowledgeable assistant that answers questions about Spider-Man across comics, films, games and television. Answer accurately and concisely. If you are not sure, say so instead of guessing.""}, {""role"": ""user"", ""content"": ""How does Peter Parker become Spider-Man — explain briefly.""}, {""role"": ""assistant"", ""content"": ""Peter Parker becomes Spider-Man after being bitten by a radioactive or otherwise altered spider depending on the continuity.""}]","<|im_start|>system
You are a knowledgeable assistant that answers questions about Spider-Man across comics, films, games and television. Answer accurately and concisely. If you are not sure, say so instead of guessing.<|im_end|>
<|im_start|>user
How does Peter Parker become Spider-Man — explain briefly.<|im_end|>
<|im_start|>assistant
Peter Parker becomes Spider-Man after being bitten by a radioactive or otherwise altered spider depending on the continuity.<|im_end|>"
train,286,story,origin,researched_summary,Spider.csv,286,original,"You are a knowledgeable assistant that answers questions about Spider-Man across comics, films, games and television. Answer accurately and concisely. If you are not sure, say so instead of guessing.",How does Peter Parker become Spider-Man?,Peter Parker becomes Spider-Man after being bitten by a radioactive or otherwise altered spider depending on the continuity.,Peter Parker becomes Spider-Man after being bitten by a radioactive or otherwise altered spider depending on the continuity.,"[{""role"": ""system"", ""content"": ""You are a knowledgeable assistant that answers questions about Spider-Man across comics, films, games and television. Answer accurately and concisely. If you are not sure, say so instead of guessing.""}, {""role"": ""user"", ""content"": ""How does Peter Parker become Spider-Man?""}, {""role"": ""assistant"", ""content"": ""Peter Parker becomes Spider-Man after being bitten by a radioactive or otherwise altered spider depending on the continuity.""}]","<|im_start|>system
You are a knowledgeable assistant that answers questions about Spider-Man across comics, films, games and television. Answer accurately and concisely. If you are not sure, say so instead of guessing.<|im_end|>
<|im_start|>user
How does Peter Parker become Spider-Man?<|im_end|>
<|im_start|>assistant
Peter Parker becomes Spider-Man after being bitten by a radioactive or otherwise altered spider depending on the continuity.<|im_end|>"
train,273,story,Death of Jean DeWolff,model_knowledge,added_by_claude,273,original,"You are a knowledgeable assistant that answers questions about Spider-Man across comics, films, games and television. Answer accurately and concisely. If you are not sure, say so instead of guessing.",What is 'The Death of Jean DeWolff'?,"'The Death of Jean DeWolff' is a 1985 storyline in Peter Parker, The Spectacular Spider-Man #107-110 dealing with the murder of a police captain by the vigilante Sin-Eater and the moral tension it creates between Spider-Man and Daredevil.","'The Death of Jean DeWolff' is a 1985 storyline in Peter Parker, The Spectacular Spider-Man #107-110 dealing with the murder of a police captain by the vigilante Sin-Eater and the moral tension it creates between Spider-Man and Daredevil.","[{""role"": ""system"", ""content"": ""You are a knowledgeable assistant that answers questions about Spider-Man across comics, films, games and television. Answer accurately and concisely. If you are not sure, say so instead of guessing.""}, {""role"": ""user"", ""content"": ""What is 'The Death of Jean DeWolff'?""}, {""role"": ""assistant"", ""content"": ""'The Death of Jean DeWolff' is a 1985 storyline in Peter Parker, The Spectacular Spider-Man #107-110 dealing with the murder of a police captain by the vigilante Sin-Eater and the moral tension it creates between Spider-Man and Daredevil.""}]","<|im_start|>system
You are a knowledgeable assistant that answers questions about Spider-Man across comics, films, games and television. Answer accurately and concisely. If you are not sure, say so instead of guessing.<|im_end|>
<|im_start|>user
What is 'The Death of Jean DeWolff'?<|im_end|>
<|im_start|>assistant
'The Death of Jean DeWolff' is a 1985 storyline in Peter Parker, The Spectacular Spider-Man #107-110 dealing with the murder of a police captain by the vigilante Sin-Eater and the moral tension it creates between Spider-Man and Daredevil.<|im_end|>"
train,281,story,The Night Gwen Stacy Died,model_knowledge,added_by_claude,281,original,"You are a knowledgeable assistant that answers questions about Spider-Man across comics, films, games and television. Answer accurately and concisely. If you are not sure, say so instead of guessing.",What is 'The Night Gwen Stacy Died'?,'The Night Gwen Stacy Died' is a 1973 storyline in The Amazing Spider-Man #121-122 in which the Green Goblin kills Gwen Stacy. It is considered one of the most consequential Spider-Man stories and marked a tonal shift for mainstream superhero comics.,'The Night Gwen Stacy Died' is a 1973 storyline in The Amazing Spider-Man #121-122 in which the Green Goblin kills Gwen Stacy. It is considered one of the most consequential Spider-Man stories and marked a tonal shift for mainstream superhero comics.,"[{""role"": ""system"", ""content"": ""You are a knowledgeable assistant that answers questions about Spider-Man across comics, films, games and television. Answer accurately and concisely. If you are not sure, say so instead of guessing.""}, {""role"": ""user"", ""content"": ""What is 'The Night Gwen Stacy Died'?""}, {""role"": ""assistant"", ""content"": ""'The Night Gwen Stacy Died' is a 1973 storyline in The Amazing Spider-Man #121-122 in which the Green Goblin kills Gwen Stacy. It is considered one of the most consequential Spider-Man stories and marked a tonal shift for mainstream superhero comics.""}]","<|im_start|>system
You are a knowledgeable assistant that answers questions about Spider-Man across comics, films, games and television. Answer accurately and concisely. If you are not sure, say so instead of guessing.<|im_end|>
<|im_start|>user
What is 'The Night Gwen Stacy Died'?<|im_end|>
<|im_start|>assistant
'The Night Gwen Stacy Died' is a 1973 storyline in The Amazing Spider-Man #121-122 in which the Green Goblin kills Gwen Stacy. It is considered one of the most consequential Spider-Man stories and marked a tonal shift for mainstream superhero comics.<|im_end|>"
train,280,story,Superior Spider-Man,model_knowledge,added_by_claude,280,original,"You are a knowledgeable assistant that answers questions about Spider-Man across comics, films, games and television. Answer accurately and concisely. If you are not sure, say so instead of guessing.",What is Superior Spider-Man?,"Superior Spider-Man is a 2013 storyline in which Otto Octavius transfers his mind into Peter Parker's body and operates as a more ruthless, more arrogant Spider-Man.","Superior Spider-Man is a 2013 storyline in which Otto Octavius transfers his mind into Peter Parker's body and operates as a more ruthless, more arrogant Spider-Man.","[{""role"": ""system"", ""content"": ""You are a knowledgeable assistant that answers questions about Spider-Man across comics, films, games and television. Answer accurately and concisely. If you are not sure, say so instead of guessing.""}, {""role"": ""user"", ""content"": ""What is Superior Spider-Man?""}, {""role"": ""assistant"", ""content"": ""Superior Spider-Man is a 2013 storyline in which Otto Octavius transfers his mind into Peter Parker's body and operates as a more ruthless, more arrogant Spider-Man.""}]","<|im_start|>system
You are a knowledgeable assistant that answers questions about Spider-Man across comics, films, games and television. Answer accurately and concisely. If you are not sure, say so instead of guessing.<|im_end|>
<|im_start|>user
What is Superior Spider-Man?<|im_end|>
<|im_start|>assistant
Superior Spider-Man is a 2013 storyline in which Otto Octavius transfers his mind into Peter Parker's body and operates as a more ruthless, more arrogant Spider-Man.<|im_end|>"
train,283,story,multiverse,researched_summary,Spider.csv,283,original,"You are a knowledgeable assistant that answers questions about Spider-Man across comics, films, games and television. Answer accurately and concisely. If you are not sure, say so instead of guessing.",Give me a concise explanation of the Spider-Verse.,The Spider-Verse concept allows multiple Spider-People and alternate realities to coexist.,The Spider-Verse concept allows multiple Spider-People and alternate realities to coexist.,"[{""role"": ""system"", ""content"": ""You are a knowledgeable assistant that answers questions about Spider-Man across comics, films, games and television. Answer accurately and concisely. If you are not sure, say so instead of guessing.""}, {""role"": ""user"", ""content"": ""Give me a concise explanation of the Spider-Verse.""}, {""role"": ""assistant"", ""content"": ""The Spider-Verse concept allows multiple Spider-People and alternate realities to coexist.""}]","<|im_start|>system
You are a knowledgeable assistant that answers questions about Spider-Man across comics, films, games and television. Answer accurately and concisely. If you are not sure, say so instead of guessing.<|im_end|>
<|im_start|>user
Give me a concise explanation of the Spider-Verse.<|im_end|>
<|im_start|>assistant
The Spider-Verse concept allows multiple Spider-People and alternate realities to coexist.<|im_end|>"
train,284,story,multiverse,researched_summary,Spider.csv,284,original,"You are a knowledgeable assistant that answers questions about Spider-Man across comics, films, games and television. Answer accurately and concisely. If you are not sure, say so instead of guessing.",What is the Spider-Verse?,The Spider-Verse concept allows multiple Spider-People and alternate realities to coexist.,The Spider-Verse concept allows multiple Spider-People and alternate realities to coexist.,"[{""role"": ""system"", ""content"": ""You are a knowledgeable assistant that answers questions about Spider-Man across comics, films, games and television. Answer accurately and concisely. If you are not sure, say so instead of guessing.""}, {""role"": ""user"", ""content"": ""What is the Spider-Verse?""}, {""role"": ""assistant"", ""content"": ""The Spider-Verse concept allows multiple Spider-People and alternate realities to coexist.""}]","<|im_start|>system
You are a knowledgeable assistant that answers questions about Spider-Man across comics, films, games and television. Answer accurately and concisely. If you are not sure, say so instead of guessing.<|im_end|>
<|im_start|>user
What is the Spider-Verse?<|im_end|>
<|im_start|>assistant
The Spider-Verse concept allows multiple Spider-People and alternate realities to coexist.<|im_end|>"
train,275,story,Kraven's Last Hunt,model_knowledge,added_by_claude,275,original,"You are a knowledgeable assistant that answers questions about Spider-Man across comics, films, games and television. Answer accurately and concisely. If you are not sure, say so instead of guessing.",What is Kraven's Last Hunt?,Kraven's Last Hunt is a 1987 crossover storyline in which Kraven the Hunter defeats and buries Spider-Man to prove his superiority. It is widely regarded as one of the darkest and most acclaimed Spider-Man stories.,Kraven's Last Hunt is a 1987 crossover storyline in which Kraven the Hunter defeats and buries Spider-Man to prove his superiority. It is widely regarded as one of the darkest and most acclaimed Spider-Man stories.,"[{""role"": ""system"", ""content"": ""You are a knowledgeable assistant that answers questions about Spider-Man across comics, films, games and television. Answer accurately and concisely. If you are not sure, say so instead of guessing.""}, {""role"": ""user"", ""content"": ""What is Kraven's Last Hunt?""}, {""role"": ""assistant"", ""content"": ""Kraven's Last Hunt is a 1987 crossover storyline in which Kraven the Hunter defeats and buries Spider-Man to prove his superiority. It is widely regarded as one of the darkest and most acclaimed Spider-Man stories.""}]","<|im_start|>system
You are a knowledgeable assistant that answers questions about Spider-Man across comics, films, games and television. Answer accurately and concisely. If you are not sure, say so instead of guessing.<|im_end|>
<|im_start|>user
What is Kraven's Last Hunt?<|im_end|>
<|im_start|>assistant
Kraven's Last Hunt is a 1987 crossover storyline in which Kraven the Hunter defeats and buries Spider-Man to prove his superiority. It is widely regarded as one of the darkest and most acclaimed Spider-Man stories.<|im_end|>"
train,287,story,responsibility,researched_summary,Spider.csv,287,original,"You are a knowledgeable assistant that answers questions about Spider-Man across comics, films, games and television. Answer accurately and concisely. If you are not sure, say so instead of guessing.",Give me a concise explanation of the central moral idea behind Spider-Man.,Spider-Man stories repeatedly connect Peter's powers to a strong sense of responsibility toward other people.,Spider-Man stories repeatedly connect Peter's powers to a strong sense of responsibility toward other people.,"[{""role"": ""system"", ""content"": ""You are a knowledgeable assistant that answers questions about Spider-Man across comics, films, games and television. Answer accurately and concisely. If you are not sure, say so instead of guessing.""}, {""role"": ""user"", ""content"": ""Give me a concise explanation of the central moral idea behind Spider-Man.""}, {""role"": ""assistant"", ""content"": ""Spider-Man stories repeatedly connect Peter's powers to a strong sense of responsibility toward other people.""}]","<|im_start|>system
You are a knowledgeable assistant that answers questions about Spider-Man across comics, films, games and television. Answer accurately and concisely. If you are not sure, say so instead of guessing.<|im_end|>
<|im_start|>user
Give me a concise explanation of the central moral idea behind Spider-Man.<|im_end|>
<|im_start|>assistant
Spider-Man stories repeatedly connect Peter's powers to a strong sense of responsibility toward other people.<|im_end|>"
train,288,story,responsibility,researched_summary,Spider.csv,288,original,"You are a knowledgeable assistant that answers questions about Spider-Man across comics, films, games and television. Answer accurately and concisely. If you are not sure, say so instead of guessing.",What is the central moral idea behind Spider-Man?,Spider-Man stories repeatedly connect Peter's powers to a strong sense of responsibility toward other people.,Spider-Man stories repeatedly connect Peter's powers to a strong sense of responsibility toward other people.,"[{""role"": ""system"", ""content"": ""You are a knowledgeable assistant that answers questions about Spider-Man across comics, films, games and television. Answer accurately and concisely. If you are not sure, say so instead of guessing.""}, {""role"": ""user"", ""content"": ""What is the central moral idea behind Spider-Man?""}, {""role"": ""assistant"", ""content"": ""Spider-Man stories repeatedly connect Peter's powers to a strong sense of responsibility toward other people.""}]","<|im_start|>system
You are a knowledgeable assistant that answers questions about Spider-Man across comics, films, games and television. Answer accurately and concisely. If you are not sure, say so instead of guessing.<|im_end|>
<|im_start|>user
What is the central moral idea behind Spider-Man?<|im_end|>
<|im_start|>assistant
Spider-Man stories repeatedly connect Peter's powers to a strong sense of responsibility toward other people.<|im_end|>"
train,274,story,If This Be My Destiny,model_knowledge,added_by_claude,274,original,"You are a knowledgeable assistant that answers questions about Spider-Man across comics, films, games and television. Answer accurately and concisely. If you are not sure, say so instead of guessing.",What is 'If This Be My Destiny'?,'If This Be My Destiny' is a mid-1960s storyline in The Amazing Spider-Man #31-33 featuring the Master Planner and the famous sequence of an exhausted Spider-Man lifting heavy machinery to save Aunt May.,'If This Be My Destiny' is a mid-1960s storyline in The Amazing Spider-Man #31-33 featuring the Master Planner and the famous sequence of an exhausted Spider-Man lifting heavy machinery to save Aunt May.,"[{""role"": ""system"", ""content"": ""You are a knowledgeable assistant that answers questions about Spider-Man across comics, films, games and television. Answer accurately and concisely. If you are not sure, say so instead of guessing.""}, {""role"": ""user"", ""content"": ""What is 'If This Be My Destiny'?""}, {""role"": ""assistant"", ""content"": ""'If This Be My Destiny' is a mid-1960s storyline in The Amazing Spider-Man #31-33 featuring the Master Planner and the famous sequence of an exhausted Spider-Man lifting heavy machinery to save Aunt May.""}]","<|im_start|>system
You are a knowledgeable assistant that answers questions about Spider-Man across comics, films, games and television. Answer accurately and concisely. If you are not sure, say so instead of guessing.<|im_end|>
<|im_start|>user
What is 'If This Be My Destiny'?<|im_end|>
<|im_start|>assistant
'If This Be My Destiny' is a mid-1960s storyline in The Amazing Spider-Man #31-33 featuring the Master Planner and the famous sequence of an exhausted Spider-Man lifting heavy machinery to save Aunt May.<|im_end|>"
train,271,story,Civil War unmasking,model_knowledge,added_by_claude,271,original,"You are a knowledgeable assistant that answers questions about Spider-Man across comics, films, games and television. Answer accurately and concisely. If you are not sure, say so instead of guessing.",What happened to Spider-Man in Civil War?,"During Marvel's 2006 Civil War event Peter Parker publicly unmasked in support of the Superhuman Registration Act, a decision that had major consequences for his personal life.","During Marvel's 2006 Civil War event Peter Parker publicly unmasked in support of the Superhuman Registration Act, a decision that had major consequences for his personal life.","[{""role"": ""system"", ""content"": ""You are a knowledgeable assistant that answers questions about Spider-Man across comics, films, games and television. Answer accurately and concisely. If you are not sure, say so instead of guessing.""}, {""role"": ""user"", ""content"": ""What happened to Spider-Man in Civil War?""}, {""role"": ""assistant"", ""content"": ""During Marvel's 2006 Civil War event Peter Parker publicly unmasked in support of the Superhuman Registration Act, a decision that had major consequences for his personal life.""}]","<|im_start|>system
You are a knowledgeable assistant that answers questions about Spider-Man across comics, films, games and television. Answer accurately and concisely. If you are not sure, say so instead of guessing.<|im_end|>
<|im_start|>user
What happened to Spider-Man in Civil War?<|im_end|>
<|im_start|>assistant
During Marvel's 2006 Civil War event Peter Parker publicly unmasked in support of the Superhuman Registration Act, a decision that had major consequences for his personal life.<|im_end|>"
train,292,tv,Spectacular Spider-Man,model_knowledge,added_by_claude,292,original,"You are a knowledgeable assistant that answers questions about Spider-Man across comics, films, games and television. Answer accurately and concisely. If you are not sure, say so instead of guessing.",What is The Spectacular Spider-Man series?,"The Spectacular Spider-Man is an animated series that aired in 2008 and 2009, widely praised for its characterisation and pacing despite being cancelled after two seasons.","The Spectacular Spider-Man is an animated series that aired in 2008 and 2009, widely praised for its characterisation and pacing despite being cancelled after two seasons.","[{""role"": ""system"", ""content"": ""You are a knowledgeable assistant that answers questions about Spider-Man across comics, films, games and television. Answer accurately and concisely. If you are not sure, say so instead of guessing.""}, {""role"": ""user"", ""content"": ""What is The Spectacular Spider-Man series?""}, {""role"": ""assistant"", ""content"": ""The Spectacular Spider-Man is an animated series that aired in 2008 and 2009, widely praised for its characterisation and pacing despite being cancelled after two seasons.""}]","<|im_start|>system
You are a knowledgeable assistant that answers questions about Spider-Man across comics, films, games and television. Answer accurately and concisely. If you are not sure, say so instead of guessing.<|im_end|>
<|im_start|>user
What is The Spectacular Spider-Man series?<|im_end|>
<|im_start|>assistant
The Spectacular Spider-Man is an animated series that aired in 2008 and 2009, widely praised for its characterisation and pacing despite being cancelled after two seasons.<|im_end|>"
train,297,villains,Doctor Octopus tentacles,model_knowledge,added_by_claude,297,original,"You are a knowledgeable assistant that answers questions about Spider-Man across comics, films, games and television. Answer accurately and concisely. If you are not sure, say so instead of guessing.",What are Doctor Octopus's powers?,"Otto Octavius is a brilliant scientist whose power comes from four mechanically controlled tentacle arms he can operate with precision and great strength, combined with his intellect.","Otto Octavius is a brilliant scientist whose power comes from four mechanically controlled tentacle arms he can operate with precision and great strength, combined with his intellect.","[{""role"": ""system"", ""content"": ""You are a knowledgeable assistant that answers questions about Spider-Man across comics, films, games and television. Answer accurately and concisely. If you are not sure, say so instead of guessing.""}, {""role"": ""user"", ""content"": ""What are Doctor Octopus's powers?""}, {""role"": ""assistant"", ""content"": ""Otto Octavius is a brilliant scientist whose power comes from four mechanically controlled tentacle arms he can operate with precision and great strength, combined with his intellect.""}]","<|im_start|>system
You are a knowledgeable assistant that answers questions about Spider-Man across comics, films, games and television. Answer accurately and concisely. If you are not sure, say so instead of guessing.<|im_end|>
<|im_start|>user
What are Doctor Octopus's powers?<|im_end|>
<|im_start|>assistant
Otto Octavius is a brilliant scientist whose power comes from four mechanically controlled tentacle arms he can operate with precision and great strength, combined with his intellect.<|im_end|>"
train,302,villains,Green Goblin identity,model_knowledge,added_by_claude,302,original,"You are a knowledgeable assistant that answers questions about Spider-Man across comics, films, games and television. Answer accurately and concisely. If you are not sure, say so instead of guessing.",Who is the Green Goblin?,"The best-known Green Goblin is Norman Osborn, a wealthy industrialist and Harry Osborn's father, whose enhanced strength and instability make him Spider-Man's definitive enemy. Harry Osborn has also taken the identity.","The best-known Green Goblin is Norman Osborn, a wealthy industrialist and Harry Osborn's father, whose enhanced strength and instability make him Spider-Man's definitive enemy. Harry Osborn has also taken the identity.","[{""role"": ""system"", ""content"": ""You are a knowledgeable assistant that answers questions about Spider-Man across comics, films, games and television. Answer accurately and concisely. If you are not sure, say so instead of guessing.""}, {""role"": ""user"", ""content"": ""Who is the Green Goblin?""}, {""role"": ""assistant"", ""content"": ""The best-known Green Goblin is Norman Osborn, a wealthy industrialist and Harry Osborn's father, whose enhanced strength and instability make him Spider-Man's definitive enemy. Harry Osborn has also taken the identity.""}]","<|im_start|>system
You are a knowledgeable assistant that answers questions about Spider-Man across comics, films, games and television. Answer accurately and concisely. If you are not sure, say so instead of guessing.<|im_end|>
<|im_start|>user
Who is the Green Goblin?<|im_end|>
<|im_start|>assistant
The best-known Green Goblin is Norman Osborn, a wealthy industrialist and Harry Osborn's father, whose enhanced strength and instability make him Spider-Man's definitive enemy. Harry Osborn has also taken the identity.<|im_end|>"
train,319,villains,Sinister Six,model_knowledge,added_by_claude,319,original,"You are a knowledgeable assistant that answers questions about Spider-Man across comics, films, games and television. Answer accurately and concisely. If you are not sure, say so instead of guessing.",What is the Sinister Six?,"The Sinister Six is a recurring villain team assembled to defeat Spider-Man, typically organised by Doctor Octopus. Its lineup changes across stories but often draws from Vulture, Electro, Mysterio, Sandman, Kraven and others.","The Sinister Six is a recurring villain team assembled to defeat Spider-Man, typically organised by Doctor Octopus. Its lineup changes across stories but often draws from Vulture, Electro, Mysterio, Sandman, Kraven and others.","[{""role"": ""system"", ""content"": ""You are a knowledgeable assistant that answers questions about Spider-Man across comics, films, games and television. Answer accurately and concisely. If you are not sure, say so instead of guessing.""}, {""role"": ""user"", ""content"": ""What is the Sinister Six?""}, {""role"": ""assistant"", ""content"": ""The Sinister Six is a recurring villain team assembled to defeat Spider-Man, typically organised by Doctor Octopus. Its lineup changes across stories but often draws from Vulture, Electro, Mysterio, Sandman, Kraven and others.""}]","<|im_start|>system
You are a knowledgeable assistant that answers questions about Spider-Man across comics, films, games and television. Answer accurately and concisely. If you are not sure, say so instead of guessing.<|im_end|>
<|im_start|>user
What is the Sinister Six?<|im_end|>
<|im_start|>assistant
The Sinister Six is a recurring villain team assembled to defeat Spider-Man, typically organised by Doctor Octopus. Its lineup changes across stories but often draws from Vulture, Electro, Mysterio, Sandman, Kraven and others.<|im_end|>"
train,324,villains,Vulture,researched_summary,Spider.csv,324,original,"You are a knowledgeable assistant that answers questions about Spider-Man across comics, films, games and television. Answer accurately and concisely. If you are not sure, say so instead of guessing.",Tell me about Vulture.,Vulture is a recurring Spider-Man villain associated with Adrian Toomes and advanced flight technology.,Vulture is a recurring Spider-Man villain associated with Adrian Toomes and advanced flight technology.,"[{""role"": ""system"", ""content"": ""You are a knowledgeable assistant that answers questions about Spider-Man across comics, films, games and television. Answer accurately and concisely. If you are not sure, say so instead of guessing.""}, {""role"": ""user"", ""content"": ""Tell me about Vulture.""}, {""role"": ""assistant"", ""content"": ""Vulture is a recurring Spider-Man villain associated with Adrian Toomes and advanced flight technology.""}]","<|im_start|>system
You are a knowledgeable assistant that answers questions about Spider-Man across comics, films, games and television. Answer accurately and concisely. If you are not sure, say so instead of guessing.<|im_end|>
<|im_start|>user
Tell me about Vulture.<|im_end|>
<|im_start|>assistant
Vulture is a recurring Spider-Man villain associated with Adrian Toomes and advanced flight technology.<|im_end|>"
train,325,villains,Vulture,researched_summary,Spider.csv,325,original,"You are a knowledgeable assistant that answers questions about Spider-Man across comics, films, games and television. Answer accurately and concisely. If you are not sure, say so instead of guessing.",Who is Vulture?,Vulture is a recurring Spider-Man villain associated with Adrian Toomes and advanced flight technology.,Vulture is a recurring Spider-Man villain associated with Adrian Toomes and advanced flight technology.,"[{""role"": ""system"", ""content"": ""You are a knowledgeable assistant that answers questions about Spider-Man across comics, films, games and television. Answer accurately and concisely. If you are not sure, say so instead of guessing.""}, {""role"": ""user"", ""content"": ""Who is Vulture?""}, {""role"": ""assistant"", ""content"": ""Vulture is a recurring Spider-Man villain associated with Adrian Toomes and advanced flight technology.""}]","<|im_start|>system
You are a knowledgeable assistant that answers questions about Spider-Man across comics, films, games and television. Answer accurately and concisely. If you are not sure, say so instead of guessing.<|im_end|>
<|im_start|>user
Who is Vulture?<|im_end|>
<|im_start|>assistant
Vulture is a recurring Spider-Man villain associated with Adrian Toomes and advanced flight technology.<|im_end|>"
train,308,villains,Kraven the Hunter,researched_summary,Spider.csv,308,original,"You are a knowledgeable assistant that answers questions about Spider-Man across comics, films, games and television. Answer accurately and concisely. If you are not sure, say so instead of guessing.",Tell me about Kraven the Hunter.,Kraven is a hunter who views Spider-Man as a premier challenge and has repeatedly pursued him.,Kraven is a hunter who views Spider-Man as a premier challenge and has repeatedly pursued him.,"[{""role"": ""system"", ""content"": ""You are a knowledgeable assistant that answers questions about Spider-Man across comics, films, games and television. Answer accurately and concisely. If you are not sure, say so instead of guessing.""}, {""role"": ""user"", ""content"": ""Tell me about Kraven the Hunter.""}, {""role"": ""assistant"", ""content"": ""Kraven is a hunter who views Spider-Man as a premier challenge and has repeatedly pursued him.""}]","<|im_start|>system
You are a knowledgeable assistant that answers questions about Spider-Man across comics, films, games and television. Answer accurately and concisely. If you are not sure, say so instead of guessing.<|im_end|>
<|im_start|>user
Tell me about Kraven the Hunter.<|im_end|>
<|im_start|>assistant
Kraven is a hunter who views Spider-Man as a premier challenge and has repeatedly pursued him.<|im_end|>"
train,309,villains,Kraven the Hunter,researched_summary,Spider.csv,309,original,"You are a knowledgeable assistant that answers questions about Spider-Man across comics, films, games and television. Answer accurately and concisely. If you are not sure, say so instead of guessing.",Who is Kraven the Hunter?,Kraven is a hunter who views Spider-Man as a premier challenge and has repeatedly pursued him.,Kraven is a hunter who views Spider-Man as a premier challenge and has repeatedly pursued him.,"[{""role"": ""system"", ""content"": ""You are a knowledgeable assistant that answers questions about Spider-Man across comics, films, games and television. Answer accurately and concisely. If you are not sure, say so instead of guessing.""}, {""role"": ""user"", ""content"": ""Who is Kraven the Hunter?""}, {""role"": ""assistant"", ""content"": ""Kraven is a hunter who views Spider-Man as a premier challenge and has repeatedly pursued him.""}]","<|im_start|>system
You are a knowledgeable assistant that answers questions about Spider-Man across comics, films, games and television. Answer accurately and concisely. If you are not sure, say so instead of guessing.<|im_end|>
<|im_start|>user
Who is Kraven the Hunter?<|im_end|>
<|im_start|>assistant
Kraven is a hunter who views Spider-Man as a premier challenge and has repeatedly pursued him.<|im_end|>"
train,320,villains,Symbiotes,model_knowledge,added_by_claude,320,original,"You are a knowledgeable assistant that answers questions about Spider-Man across comics, films, games and television. Answer accurately and concisely. If you are not sure, say so instead of guessing.",What are symbiotes?,"Symbiotes are alien organisms that bond with a host, granting enhanced abilities while influencing the host's behaviour. Venom and Carnage are the best-known symbiote characters in Spider-Man stories.","Symbiotes are alien organisms that bond with a host, granting enhanced abilities while influencing the host's behaviour. Venom and Carnage are the best-known symbiote characters in Spider-Man stories.","[{""role"": ""system"", ""content"": ""You are a knowledgeable assistant that answers questions about Spider-Man across comics, films, games and television. Answer accurately and concisely. If you are not sure, say so instead of guessing.""}, {""role"": ""user"", ""content"": ""What are symbiotes?""}, {""role"": ""assistant"", ""content"": ""Symbiotes are alien organisms that bond with a host, granting enhanced abilities while influencing the host's behaviour. Venom and Carnage are the best-known symbiote characters in Spider-Man stories.""}]","<|im_start|>system
You are a knowledgeable assistant that answers questions about Spider-Man across comics, films, games and television. Answer accurately and concisely. If you are not sure, say so instead of guessing.<|im_end|>
<|im_start|>user
What are symbiotes?<|im_end|>
<|im_start|>assistant
Symbiotes are alien organisms that bond with a host, granting enhanced abilities while influencing the host's behaviour. Venom and Carnage are the best-known symbiote characters in Spider-Man stories.<|im_end|>"
train,322,villains,Venom,researched_summary,Spider.csv,322,original,"You are a knowledgeable assistant that answers questions about Spider-Man across comics, films, games and television. Answer accurately and concisely. If you are not sure, say so instead of guessing.",Tell me about Venom.,"Venom is a symbiote-based character whose relationship to Spider-Man varies between enemy, anti-hero, and uneasy ally depending on the story.","Venom is a symbiote-based character whose relationship to Spider-Man varies between enemy, anti-hero, and uneasy ally depending on the story.","[{""role"": ""system"", ""content"": ""You are a knowledgeable assistant that answers questions about Spider-Man across comics, films, games and television. Answer accurately and concisely. If you are not sure, say so instead of guessing.""}, {""role"": ""user"", ""content"": ""Tell me about Venom.""}, {""role"": ""assistant"", ""content"": ""Venom is a symbiote-based character whose relationship to Spider-Man varies between enemy, anti-hero, and uneasy ally depending on the story.""}]","<|im_start|>system
You are a knowledgeable assistant that answers questions about Spider-Man across comics, films, games and television. Answer accurately and concisely. If you are not sure, say so instead of guessing.<|im_end|>
<|im_start|>user
Tell me about Venom.<|im_end|>
<|im_start|>assistant
Venom is a symbiote-based character whose relationship to Spider-Man varies between enemy, anti-hero, and uneasy ally depending on the story.<|im_end|>"
train,323,villains,Venom,researched_summary,Spider.csv,323,original,"You are a knowledgeable assistant that answers questions about Spider-Man across comics, films, games and television. Answer accurately and concisely. If you are not sure, say so instead of guessing.",Who is Venom?,"Venom is a symbiote-based character whose relationship to Spider-Man varies between enemy, anti-hero, and uneasy ally depending on the story.","Venom is a symbiote-based character whose relationship to Spider-Man varies between enemy, anti-hero, and uneasy ally depending on the story.","[{""role"": ""system"", ""content"": ""You are a knowledgeable assistant that answers questions about Spider-Man across comics, films, games and television. Answer accurately and concisely. If you are not sure, say so instead of guessing.""}, {""role"": ""user"", ""content"": ""Who is Venom?""}, {""role"": ""assistant"", ""content"": ""Venom is a symbiote-based character whose relationship to Spider-Man varies between enemy, anti-hero, and uneasy ally depending on the story.""}]","<|im_start|>system
You are a knowledgeable assistant that answers questions about Spider-Man across comics, films, games and television. Answer accurately and concisely. If you are not sure, say so instead of guessing.<|im_end|>
<|im_start|>user
Who is Venom?<|im_end|>
<|im_start|>assistant
Venom is a symbiote-based character whose relationship to Spider-Man varies between enemy, anti-hero, and uneasy ally depending on the story.<|im_end|>"
train,315,villains,Rhino,researched_summary,Spider.csv,315,original,"You are a knowledgeable assistant that answers questions about Spider-Man across comics, films, games and television. Answer accurately and concisely. If you are not sure, say so instead of guessing.",Tell me about Rhino.,"Rhino is a physically powerful Spider-Man enemy known for a heavily armored, rhinoceros-like form.","Rhino is a physically powerful Spider-Man enemy known for a heavily armored, rhinoceros-like form.","[{""role"": ""system"", ""content"": ""You are a knowledgeable assistant that answers questions about Spider-Man across comics, films, games and television. Answer accurately and concisely. If you are not sure, say so instead of guessing.""}, {""role"": ""user"", ""content"": ""Tell me about Rhino.""}, {""role"": ""assistant"", ""content"": ""Rhino is a physically powerful Spider-Man enemy known for a heavily armored, rhinoceros-like form.""}]","<|im_start|>system
You are a knowledgeable assistant that answers questions about Spider-Man across comics, films, games and television. Answer accurately and concisely. If you are not sure, say so instead of guessing.<|im_end|>
<|im_start|>user
Tell me about Rhino.<|im_end|>
<|im_start|>assistant
Rhino is a physically powerful Spider-Man enemy known for a heavily armored, rhinoceros-like form.<|im_end|>"
train,316,villains,Rhino,researched_summary,Spider.csv,316,original,"You are a knowledgeable assistant that answers questions about Spider-Man across comics, films, games and television. Answer accurately and concisely. If you are not sure, say so instead of guessing.",Who is Rhino?,"Rhino is a physically powerful Spider-Man enemy known for a heavily armored, rhinoceros-like form.","Rhino is a physically powerful Spider-Man enemy known for a heavily armored, rhinoceros-like form.","[{""role"": ""system"", ""content"": ""You are a knowledgeable assistant that answers questions about Spider-Man across comics, films, games and television. Answer accurately and concisely. If you are not sure, say so instead of guessing.""}, {""role"": ""user"", ""content"": ""Who is Rhino?""}, {""role"": ""assistant"", ""content"": ""Rhino is a physically powerful Spider-Man enemy known for a heavily armored, rhinoceros-like form.""}]","<|im_start|>system
You are a knowledgeable assistant that answers questions about Spider-Man across comics, films, games and television. Answer accurately and concisely. If you are not sure, say so instead of guessing.<|im_end|>
<|im_start|>user
Who is Rhino?<|im_end|>
<|im_start|>assistant
Rhino is a physically powerful Spider-Man enemy known for a heavily armored, rhinoceros-like form.<|im_end|>"
train,295,villains,Doctor Octopus,researched_summary,Spider.csv,295,original,"You are a knowledgeable assistant that answers questions about Spider-Man across comics, films, games and television. Answer accurately and concisely. If you are not sure, say so instead of guessing.",Tell me about Doctor Octopus.,"Doctor Octopus, usually Otto Octavius, is a brilliant scientist who becomes one of Spider-Man's most persistent enemies.","Doctor Octopus, usually Otto Octavius, is a brilliant scientist who becomes one of Spider-Man's most persistent enemies.","[{""role"": ""system"", ""content"": ""You are a knowledgeable assistant that answers questions about Spider-Man across comics, films, games and television. Answer accurately and concisely. If you are not sure, say so instead of guessing.""}, {""role"": ""user"", ""content"": ""Tell me about Doctor Octopus.""}, {""role"": ""assistant"", ""content"": ""Doctor Octopus, usually Otto Octavius, is a brilliant scientist who becomes one of Spider-Man's most persistent enemies.""}]","<|im_start|>system
You are a knowledgeable assistant that answers questions about Spider-Man across comics, films, games and television. Answer accurately and concisely. If you are not sure, say so instead of guessing.<|im_end|>
<|im_start|>user
Tell me about Doctor Octopus.<|im_end|>
<|im_start|>assistant
Doctor Octopus, usually Otto Octavius, is a brilliant scientist who becomes one of Spider-Man's most persistent enemies.<|im_end|>"
train,296,villains,Doctor Octopus,researched_summary,Spider.csv,296,original,"You are a knowledgeable assistant that answers questions about Spider-Man across comics, films, games and television. Answer accurately and concisely. If you are not sure, say so instead of guessing.",Who is Doctor Octopus?,"Doctor Octopus, usually Otto Octavius, is a brilliant scientist who becomes one of Spider-Man's most persistent enemies.","Doctor Octopus, usually Otto Octavius, is a brilliant scientist who becomes one of Spider-Man's most persistent enemies.","[{""role"": ""system"", ""content"": ""You are a knowledgeable assistant that answers questions about Spider-Man across comics, films, games and television. Answer accurately and concisely. If you are not sure, say so instead of guessing.""}, {""role"": ""user"", ""content"": ""Who is Doctor Octopus?""}, {""role"": ""assistant"", ""content"": ""Doctor Octopus, usually Otto Octavius, is a brilliant scientist who becomes one of Spider-Man's most persistent enemies.""}]","<|im_start|>system
You are a knowledgeable assistant that answers questions about Spider-Man across comics, films, games and television. Answer accurately and concisely. If you are not sure, say so instead of guessing.<|im_end|>
<|im_start|>user
Who is Doctor Octopus?<|im_end|>
<|im_start|>assistant
Doctor Octopus, usually Otto Octavius, is a brilliant scientist who becomes one of Spider-Man's most persistent enemies.<|im_end|>"
train,317,villains,Sandman,researched_summary,Spider.csv,317,original,"You are a knowledgeable assistant that answers questions about Spider-Man across comics, films, games and television. Answer accurately and concisely. If you are not sure, say so instead of guessing.",Tell me about Sandman.,Sandman is a Spider-Man villain whose body can transform into sand and whose classic identity is Flint Marko.,Sandman is a Spider-Man villain whose body can transform into sand and whose classic identity is Flint Marko.,"[{""role"": ""system"", ""content"": ""You are a knowledgeable assistant that answers questions about Spider-Man across comics, films, games and television. Answer accurately and concisely. If you are not sure, say so instead of guessing.""}, {""role"": ""user"", ""content"": ""Tell me about Sandman.""}, {""role"": ""assistant"", ""content"": ""Sandman is a Spider-Man villain whose body can transform into sand and whose classic identity is Flint Marko.""}]","<|im_start|>system
You are a knowledgeable assistant that answers questions about Spider-Man across comics, films, games and television. Answer accurately and concisely. If you are not sure, say so instead of guessing.<|im_end|>
<|im_start|>user
Tell me about Sandman.<|im_end|>
<|im_start|>assistant
Sandman is a Spider-Man villain whose body can transform into sand and whose classic identity is Flint Marko.<|im_end|>"
train,318,villains,Sandman,researched_summary,Spider.csv,318,original,"You are a knowledgeable assistant that answers questions about Spider-Man across comics, films, games and television. Answer accurately and concisely. If you are not sure, say so instead of guessing.",Who is Sandman?,Sandman is a Spider-Man villain whose body can transform into sand and whose classic identity is Flint Marko.,Sandman is a Spider-Man villain whose body can transform into sand and whose classic identity is Flint Marko.,"[{""role"": ""system"", ""content"": ""You are a knowledgeable assistant that answers questions about Spider-Man across comics, films, games and television. Answer accurately and concisely. If you are not sure, say so instead of guessing.""}, {""role"": ""user"", ""content"": ""Who is Sandman?""}, {""role"": ""assistant"", ""content"": ""Sandman is a Spider-Man villain whose body can transform into sand and whose classic identity is Flint Marko.""}]","<|im_start|>system
You are a knowledgeable assistant that answers questions about Spider-Man across comics, films, games and television. Answer accurately and concisely. If you are not sure, say so instead of guessing.<|im_end|>
<|im_start|>user
Who is Sandman?<|im_end|>
<|im_start|>assistant
Sandman is a Spider-Man villain whose body can transform into sand and whose classic identity is Flint Marko.<|im_end|>"
train,298,villains,Electro,researched_summary,Spider.csv,298,original,"You are a knowledgeable assistant that answers questions about Spider-Man across comics, films, games and television. Answer accurately and concisely. If you are not sure, say so instead of guessing.",Tell me about Electro.,"Electro is a Spider-Man villain associated with electrical powers and, in the comics, with Max Dillon.","Electro is a Spider-Man villain associated with electrical powers and, in the comics, with Max Dillon.","[{""role"": ""system"", ""content"": ""You are a knowledgeable assistant that answers questions about Spider-Man across comics, films, games and television. Answer accurately and concisely. If you are not sure, say so instead of guessing.""}, {""role"": ""user"", ""content"": ""Tell me about Electro.""}, {""role"": ""assistant"", ""content"": ""Electro is a Spider-Man villain associated with electrical powers and, in the comics, with Max Dillon.""}]","<|im_start|>system
You are a knowledgeable assistant that answers questions about Spider-Man across comics, films, games and television. Answer accurately and concisely. If you are not sure, say so instead of guessing.<|im_end|>
<|im_start|>user
Tell me about Electro.<|im_end|>
<|im_start|>assistant
Electro is a Spider-Man villain associated with electrical powers and, in the comics, with Max Dillon.<|im_end|>"
train,299,villains,Electro,researched_summary,Spider.csv,299,original,"You are a knowledgeable assistant that answers questions about Spider-Man across comics, films, games and television. Answer accurately and concisely. If you are not sure, say so instead of guessing.",Who is Electro?,"Electro is a Spider-Man villain associated with electrical powers and, in the comics, with Max Dillon.","Electro is a Spider-Man villain associated with electrical powers and, in the comics, with Max Dillon.","[{""role"": ""system"", ""content"": ""You are a knowledgeable assistant that answers questions about Spider-Man across comics, films, games and television. Answer accurately and concisely. If you are not sure, say so instead of guessing.""}, {""role"": ""user"", ""content"": ""Who is Electro?""}, {""role"": ""assistant"", ""content"": ""Electro is a Spider-Man villain associated with electrical powers and, in the comics, with Max Dillon.""}]","<|im_start|>system
You are a knowledgeable assistant that answers questions about Spider-Man across comics, films, games and television. Answer accurately and concisely. If you are not sure, say so instead of guessing.<|im_end|>
<|im_start|>user
Who is Electro?<|im_end|>
<|im_start|>assistant
Electro is a Spider-Man villain associated with electrical powers and, in the comics, with Max Dillon.<|im_end|>"
train,321,villains,Tombstone,model_knowledge,added_by_claude,321,original,"You are a knowledgeable assistant that answers questions about Spider-Man across comics, films, games and television. Answer accurately and concisely. If you are not sure, say so instead of guessing.",Who is Tombstone?,"Tombstone, Lonnie Lincoln, is an enforcer and crime figure with enhanced strength and durable skin who has served as a Spider-Man antagonist.","Tombstone, Lonnie Lincoln, is an enforcer and crime figure with enhanced strength and durable skin who has served as a Spider-Man antagonist.","[{""role"": ""system"", ""content"": ""You are a knowledgeable assistant that answers questions about Spider-Man across comics, films, games and television. Answer accurately and concisely. If you are not sure, say so instead of guessing.""}, {""role"": ""user"", ""content"": ""Who is Tombstone?""}, {""role"": ""assistant"", ""content"": ""Tombstone, Lonnie Lincoln, is an enforcer and crime figure with enhanced strength and durable skin who has served as a Spider-Man antagonist.""}]","<|im_start|>system
You are a knowledgeable assistant that answers questions about Spider-Man across comics, films, games and television. Answer accurately and concisely. If you are not sure, say so instead of guessing.<|im_end|>
<|im_start|>user
Who is Tombstone?<|im_end|>
<|im_start|>assistant
Tombstone, Lonnie Lincoln, is an enforcer and crime figure with enhanced strength and durable skin who has served as a Spider-Man antagonist.<|im_end|>"
train,312,villains,Morlun,model_knowledge,added_by_claude,312,original,"You are a knowledgeable assistant that answers questions about Spider-Man across comics, films, games and television. Answer accurately and concisely. If you are not sure, say so instead of guessing.",Who is Morlun?,Morlun is a powerful antagonist who hunts totemic spider-beings across realities and is central to the Spider-Verse storylines.,Morlun is a powerful antagonist who hunts totemic spider-beings across realities and is central to the Spider-Verse storylines.,"[{""role"": ""system"", ""content"": ""You are a knowledgeable assistant that answers questions about Spider-Man across comics, films, games and television. Answer accurately and concisely. If you are not sure, say so instead of guessing.""}, {""role"": ""user"", ""content"": ""Who is Morlun?""}, {""role"": ""assistant"", ""content"": ""Morlun is a powerful antagonist who hunts totemic spider-beings across realities and is central to the Spider-Verse storylines.""}]","<|im_start|>system
You are a knowledgeable assistant that answers questions about Spider-Man across comics, films, games and television. Answer accurately and concisely. If you are not sure, say so instead of guessing.<|im_end|>
<|im_start|>user
Who is Morlun?<|im_end|>
<|im_start|>assistant
Morlun is a powerful antagonist who hunts totemic spider-beings across realities and is central to the Spider-Verse storylines.<|im_end|>"
train,313,villains,Mysterio,researched_summary,Spider.csv,313,original,"You are a knowledgeable assistant that answers questions about Spider-Man across comics, films, games and television. Answer accurately and concisely. If you are not sure, say so instead of guessing.",Tell me about Mysterio.,"Mysterio is a master of illusion and deception, commonly associated with Quentin Beck.","Mysterio is a master of illusion and deception, commonly associated with Quentin Beck.","[{""role"": ""system"", ""content"": ""You are a knowledgeable assistant that answers questions about Spider-Man across comics, films, games and television. Answer accurately and concisely. If you are not sure, say so instead of guessing.""}, {""role"": ""user"", ""content"": ""Tell me about Mysterio.""}, {""role"": ""assistant"", ""content"": ""Mysterio is a master of illusion and deception, commonly associated with Quentin Beck.""}]","<|im_start|>system
You are a knowledgeable assistant that answers questions about Spider-Man across comics, films, games and television. Answer accurately and concisely. If you are not sure, say so instead of guessing.<|im_end|>
<|im_start|>user
Tell me about Mysterio.<|im_end|>
<|im_start|>assistant
Mysterio is a master of illusion and deception, commonly associated with Quentin Beck.<|im_end|>"
train,314,villains,Mysterio,researched_summary,Spider.csv,314,original,"You are a knowledgeable assistant that answers questions about Spider-Man across comics, films, games and television. Answer accurately and concisely. If you are not sure, say so instead of guessing.",Who is Mysterio?,"Mysterio is a master of illusion and deception, commonly associated with Quentin Beck.","Mysterio is a master of illusion and deception, commonly associated with Quentin Beck.","[{""role"": ""system"", ""content"": ""You are a knowledgeable assistant that answers questions about Spider-Man across comics, films, games and television. Answer accurately and concisely. If you are not sure, say so instead of guessing.""}, {""role"": ""user"", ""content"": ""Who is Mysterio?""}, {""role"": ""assistant"", ""content"": ""Mysterio is a master of illusion and deception, commonly associated with Quentin Beck.""}]","<|im_start|>system
You are a knowledgeable assistant that answers questions about Spider-Man across comics, films, games and television. Answer accurately and concisely. If you are not sure, say so instead of guessing.<|im_end|>
<|im_start|>user
Who is Mysterio?<|im_end|>
<|im_start|>assistant
Mysterio is a master of illusion and deception, commonly associated with Quentin Beck.<|im_end|>"
train,293,villains,Carnage,researched_summary,Spider.csv,293,original,"You are a knowledgeable assistant that answers questions about Spider-Man across comics, films, games and television. Answer accurately and concisely. If you are not sure, say so instead of guessing.",Tell me about Carnage.,"Carnage is a violent symbiote-linked antagonist, most commonly associated with Cletus Kasady.","Carnage is a violent symbiote-linked antagonist, most commonly associated with Cletus Kasady.","[{""role"": ""system"", ""content"": ""You are a knowledgeable assistant that answers questions about Spider-Man across comics, films, games and television. Answer accurately and concisely. If you are not sure, say so instead of guessing.""}, {""role"": ""user"", ""content"": ""Tell me about Carnage.""}, {""role"": ""assistant"", ""content"": ""Carnage is a violent symbiote-linked antagonist, most commonly associated with Cletus Kasady.""}]","<|im_start|>system
You are a knowledgeable assistant that answers questions about Spider-Man across comics, films, games and television. Answer accurately and concisely. If you are not sure, say so instead of guessing.<|im_end|>
<|im_start|>user
Tell me about Carnage.<|im_end|>
<|im_start|>assistant
Carnage is a violent symbiote-linked antagonist, most commonly associated with Cletus Kasady.<|im_end|>"
train,294,villains,Carnage,researched_summary,Spider.csv,294,original,"You are a knowledgeable assistant that answers questions about Spider-Man across comics, films, games and television. Answer accurately and concisely. If you are not sure, say so instead of guessing.",Who is Carnage?,"Carnage is a violent symbiote-linked antagonist, most commonly associated with Cletus Kasady.","Carnage is a violent symbiote-linked antagonist, most commonly associated with Cletus Kasady.","[{""role"": ""system"", ""content"": ""You are a knowledgeable assistant that answers questions about Spider-Man across comics, films, games and television. Answer accurately and concisely. If you are not sure, say so instead of guessing.""}, {""role"": ""user"", ""content"": ""Who is Carnage?""}, {""role"": ""assistant"", ""content"": ""Carnage is a violent symbiote-linked antagonist, most commonly associated with Cletus Kasady.""}]","<|im_start|>system
You are a knowledgeable assistant that answers questions about Spider-Man across comics, films, games and television. Answer accurately and concisely. If you are not sure, say so instead of guessing.<|im_end|>
<|im_start|>user
Who is Carnage?<|im_end|>
<|im_start|>assistant
Carnage is a violent symbiote-linked antagonist, most commonly associated with Cletus Kasady.<|im_end|>"
train,300,villains,Green Goblin,researched_summary,Spider.csv,300,original,"You are a knowledgeable assistant that answers questions about Spider-Man across comics, films, games and television. Answer accurately and concisely. If you are not sure, say so instead of guessing.",Tell me about Green Goblin.,Green Goblin is one of Spider-Man's most important enemies and is strongly associated with Norman Osborn.,Green Goblin is one of Spider-Man's most important enemies and is strongly associated with Norman Osborn.,"[{""role"": ""system"", ""content"": ""You are a knowledgeable assistant that answers questions about Spider-Man across comics, films, games and television. Answer accurately and concisely. If you are not sure, say so instead of guessing.""}, {""role"": ""user"", ""content"": ""Tell me about Green Goblin.""}, {""role"": ""assistant"", ""content"": ""Green Goblin is one of Spider-Man's most important enemies and is strongly associated with Norman Osborn.""}]","<|im_start|>system
You are a knowledgeable assistant that answers questions about Spider-Man across comics, films, games and television. Answer accurately and concisely. If you are not sure, say so instead of guessing.<|im_end|>
<|im_start|>user
Tell me about Green Goblin.<|im_end|>
<|im_start|>assistant
Green Goblin is one of Spider-Man's most important enemies and is strongly associated with Norman Osborn.<|im_end|>"
train,301,villains,Green Goblin,researched_summary,Spider.csv,301,original,"You are a knowledgeable assistant that answers questions about Spider-Man across comics, films, games and television. Answer accurately and concisely. If you are not sure, say so instead of guessing.",Who is Green Goblin?,Green Goblin is one of Spider-Man's most important enemies and is strongly associated with Norman Osborn.,Green Goblin is one of Spider-Man's most important enemies and is strongly associated with Norman Osborn.,"[{""role"": ""system"", ""content"": ""You are a knowledgeable assistant that answers questions about Spider-Man across comics, films, games and television. Answer accurately and concisely. If you are not sure, say so instead of guessing.""}, {""role"": ""user"", ""content"": ""Who is Green Goblin?""}, {""role"": ""assistant"", ""content"": ""Green Goblin is one of Spider-Man's most important enemies and is strongly associated with Norman Osborn.""}]","<|im_start|>system
You are a knowledgeable assistant that answers questions about Spider-Man across comics, films, games and television. Answer accurately and concisely. If you are not sure, say so instead of guessing.<|im_end|>
<|im_start|>user
Who is Green Goblin?<|im_end|>
<|im_start|>assistant
Green Goblin is one of Spider-Man's most important enemies and is strongly associated with Norman Osborn.<|im_end|>"
eval,2,actors,Jacob Batalon,researched_summary,Spider.csv,2,original,"You are a knowledgeable assistant that answers questions about Spider-Man across comics, films, games and television. Answer accurately and concisely. If you are not sure, say so instead of guessing.",Who plays Ned Leeds?,Jacob Batalon plays Ned Leeds in the MCU Spider-Man films.,Jacob Batalon plays Ned Leeds in the MCU Spider-Man films.,"[{""role"": ""system"", ""content"": ""You are a knowledgeable assistant that answers questions about Spider-Man across comics, films, games and television. Answer accurately and concisely. If you are not sure, say so instead of guessing.""}, {""role"": ""user"", ""content"": ""Who plays Ned Leeds?""}, {""role"": ""assistant"", ""content"": ""Jacob Batalon plays Ned Leeds in the MCU Spider-Man films.""}]","<|im_start|>system
You are a knowledgeable assistant that answers questions about Spider-Man across comics, films, games and television. Answer accurately and concisely. If you are not sure, say so instead of guessing.<|im_end|>
<|im_start|>user
Who plays Ned Leeds?<|im_end|>
<|im_start|>assistant
Jacob Batalon plays Ned Leeds in the MCU Spider-Man films.<|im_end|>"
eval,11,allies,Captain America,researched_summary,Spider.csv,11,original,"You are a knowledgeable assistant that answers questions about Spider-Man across comics, films, games and television. Answer accurately and concisely. If you are not sure, say so instead of guessing.",Does Spider-Man work with Captain America Give me the context.,Spider-Man has fought alongside Captain America in Marvel stories and has interacted with him as a fellow hero.,Spider-Man has fought alongside Captain America in Marvel stories and has interacted with him as a fellow hero.,"[{""role"": ""system"", ""content"": ""You are a knowledgeable assistant that answers questions about Spider-Man across comics, films, games and television. Answer accurately and concisely. If you are not sure, say so instead of guessing.""}, {""role"": ""user"", ""content"": ""Does Spider-Man work with Captain America Give me the context.""}, {""role"": ""assistant"", ""content"": ""Spider-Man has fought alongside Captain America in Marvel stories and has interacted with him as a fellow hero.""}]","<|im_start|>system
You are a knowledgeable assistant that answers questions about Spider-Man across comics, films, games and television. Answer accurately and concisely. If you are not sure, say so instead of guessing.<|im_end|>
<|im_start|>user
Does Spider-Man work with Captain America Give me the context.<|im_end|>
<|im_start|>assistant
Spider-Man has fought alongside Captain America in Marvel stories and has interacted with him as a fellow hero.<|im_end|>"
eval,12,allies,Captain America,researched_summary,Spider.csv,12,original,"You are a knowledgeable assistant that answers questions about Spider-Man across comics, films, games and television. Answer accurately and concisely. If you are not sure, say so instead of guessing.",Does Spider-Man work with Captain America?,Spider-Man has fought alongside Captain America in Marvel stories and has interacted with him as a fellow hero.,Spider-Man has fought alongside Captain America in Marvel stories and has interacted with him as a fellow hero.,"[{""role"": ""system"", ""content"": ""You are a knowledgeable assistant that answers questions about Spider-Man across comics, films, games and television. Answer accurately and concisely. If you are not sure, say so instead of guessing.""}, {""role"": ""user"", ""content"": ""Does Spider-Man work with Captain America?""}, {""role"": ""assistant"", ""content"": ""Spider-Man has fought alongside Captain America in Marvel stories and has interacted with him as a fellow hero.""}]","<|im_start|>system
You are a knowledgeable assistant that answers questions about Spider-Man across comics, films, games and television. Answer accurately and concisely. If you are not sure, say so instead of guessing.<|im_end|>
<|im_start|>user
Does Spider-Man work with Captain America?<|im_end|>
<|im_start|>assistant
Spider-Man has fought alongside Captain America in Marvel stories and has interacted with him as a fellow hero.<|im_end|>"
eval,24,allies,Miles and Peter,researched_summary,Spider.csv,24,original,"You are a knowledgeable assistant that answers questions about Spider-Man across comics, films, games and television. Answer accurately and concisely. If you are not sure, say so instead of guessing.",How are Peter Parker and Miles Morales connected — explain briefly.,"Peter Parker and Miles Morales can operate as a Spider-Man partnership, with Peter often serving as a mentor or older-brother figure to Miles.","Peter Parker and Miles Morales can operate as a Spider-Man partnership, with Peter often serving as a mentor or older-brother figure to Miles.","[{""role"": ""system"", ""content"": ""You are a knowledgeable assistant that answers questions about Spider-Man across comics, films, games and television. Answer accurately and concisely. If you are not sure, say so instead of guessing.""}, {""role"": ""user"", ""content"": ""How are Peter Parker and Miles Morales connected — explain briefly.""}, {""role"": ""assistant"", ""content"": ""Peter Parker and Miles Morales can operate as a Spider-Man partnership, with Peter often serving as a mentor or older-brother figure to Miles.""}]","<|im_start|>system
You are a knowledgeable assistant that answers questions about Spider-Man across comics, films, games and television. Answer accurately and concisely. If you are not sure, say so instead of guessing.<|im_end|>
<|im_start|>user
How are Peter Parker and Miles Morales connected — explain briefly.<|im_end|>
<|im_start|>assistant
Peter Parker and Miles Morales can operate as a Spider-Man partnership, with Peter often serving as a mentor or older-brother figure to Miles.<|im_end|>"
eval,25,allies,Miles and Peter,researched_summary,Spider.csv,25,original,"You are a knowledgeable assistant that answers questions about Spider-Man across comics, films, games and television. Answer accurately and concisely. If you are not sure, say so instead of guessing.",How are Peter Parker and Miles Morales connected?,"Peter Parker and Miles Morales can operate as a Spider-Man partnership, with Peter often serving as a mentor or older-brother figure to Miles.","Peter Parker and Miles Morales can operate as a Spider-Man partnership, with Peter often serving as a mentor or older-brother figure to Miles.","[{""role"": ""system"", ""content"": ""You are a knowledgeable assistant that answers questions about Spider-Man across comics, films, games and television. Answer accurately and concisely. If you are not sure, say so instead of guessing.""}, {""role"": ""user"", ""content"": ""How are Peter Parker and Miles Morales connected?""}, {""role"": ""assistant"", ""content"": ""Peter Parker and Miles Morales can operate as a Spider-Man partnership, with Peter often serving as a mentor or older-brother figure to Miles.""}]","<|im_start|>system
You are a knowledgeable assistant that answers questions about Spider-Man across comics, films, games and television. Answer accurately and concisely. If you are not sure, say so instead of guessing.<|im_end|>
<|im_start|>user
How are Peter Parker and Miles Morales connected?<|im_end|>
<|im_start|>assistant
Peter Parker and Miles Morales can operate as a Spider-Man partnership, with Peter often serving as a mentor or older-brother figure to Miles.<|im_end|>"
eval,51,characters,Spider-Man,researched_summary,Spider.csv,51,original,"You are a knowledgeable assistant that answers questions about Spider-Man across comics, films, games and television. Answer accurately and concisely. If you are not sure, say so instead of guessing.",Tell me about Spider-Man.,"Spider-Man is the superhero identity primarily associated with Peter Parker, although many other characters have carried the mantle.","Spider-Man is the superhero identity primarily associated with Peter Parker, although many other characters have carried the mantle.","[{""role"": ""system"", ""content"": ""You are a knowledgeable assistant that answers questions about Spider-Man across comics, films, games and television. Answer accurately and concisely. If you are not sure, say so instead of guessing.""}, {""role"": ""user"", ""content"": ""Tell me about Spider-Man.""}, {""role"": ""assistant"", ""content"": ""Spider-Man is the superhero identity primarily associated with Peter Parker, although many other characters have carried the mantle.""}]","<|im_start|>system
You are a knowledgeable assistant that answers questions about Spider-Man across comics, films, games and television. Answer accurately and concisely. If you are not sure, say so instead of guessing.<|im_end|>
<|im_start|>user
Tell me about Spider-Man.<|im_end|>
<|im_start|>assistant
Spider-Man is the superhero identity primarily associated with Peter Parker, although many other characters have carried the mantle.<|im_end|>"
train,52,characters,Spider-Man,researched_summary,Spider.csv,52,original,"You are a knowledgeable assistant that answers questions about Spider-Man across comics, films, games and television. Answer accurately and concisely. If you are not sure, say so instead of guessing.",Who is Spider-Man?,"Spider-Man is the superhero identity primarily associated with Peter Parker, although many other characters have carried the mantle.","Spider-Man is the superhero identity primarily associated with Peter Parker, although many other characters have carried the mantle.","[{""role"": ""system"", ""content"": ""You are a knowledgeable assistant that answers questions about Spider-Man across comics, films, games and television. Answer accurately and concisely. If you are not sure, say so instead of guessing.""}, {""role"": ""user"", ""content"": ""Who is Spider-Man?""}, {""role"": ""assistant"", ""content"": ""Spider-Man is the superhero identity primarily associated with Peter Parker, although many other characters have carried the mantle.""}]","<|im_start|>system
You are a knowledgeable assistant that answers questions about Spider-Man across comics, films, games and television. Answer accurately and concisely. If you are not sure, say so instead of guessing.<|im_end|>
<|im_start|>user
Who is Spider-Man?<|im_end|>
<|im_start|>assistant
Spider-Man is the superhero identity primarily associated with Peter Parker, although many other characters have carried the mantle.<|im_end|>"
eval,113,comics,Madame Web,model_knowledge,added_by_claude,113,original,"You are a knowledgeable assistant that answers questions about Spider-Man across comics, films, games and television. Answer accurately and concisely. If you are not sure, say so instead of guessing.",Who is Madame Web?,"Madame Web is originally Cassandra Webb, a clairvoyant character connected to Spider-Man mythology and, in later stories, to the wider Spider-Verse.","Madame Web is originally Cassandra Webb, a clairvoyant character connected to Spider-Man mythology and, in later stories, to the wider Spider-Verse.","[{""role"": ""system"", ""content"": ""You are a knowledgeable assistant that answers questions about Spider-Man across comics, films, games and television. Answer accurately and concisely. If you are not sure, say so instead of guessing.""}, {""role"": ""user"", ""content"": ""Who is Madame Web?""}, {""role"": ""assistant"", ""content"": ""Madame Web is originally Cassandra Webb, a clairvoyant character connected to Spider-Man mythology and, in later stories, to the wider Spider-Verse.""}]","<|im_start|>system
You are a knowledgeable assistant that answers questions about Spider-Man across comics, films, games and television. Answer accurately and concisely. If you are not sure, say so instead of guessing.<|im_end|>
<|im_start|>user
Who is Madame Web?<|im_end|>
<|im_start|>assistant
Madame Web is originally Cassandra Webb, a clairvoyant character connected to Spider-Man mythology and, in later stories, to the wider Spider-Verse.<|im_end|>"
eval,122,comics,Shocker debut,model_knowledge,added_by_claude,122,original,"You are a knowledgeable assistant that answers questions about Spider-Man across comics, films, games and television. Answer accurately and concisely. If you are not sure, say so instead of guessing.",When did the Shocker first appear?,"The Shocker, Herman Schultz, first appeared in The Amazing Spider-Man #46 in 1967.","The Shocker, Herman Schultz, first appeared in The Amazing Spider-Man #46 in 1967.","[{""role"": ""system"", ""content"": ""You are a knowledgeable assistant that answers questions about Spider-Man across comics, films, games and television. Answer accurately and concisely. If you are not sure, say so instead of guessing.""}, {""role"": ""user"", ""content"": ""When did the Shocker first appear?""}, {""role"": ""assistant"", ""content"": ""The Shocker, Herman Schultz, first appeared in The Amazing Spider-Man #46 in 1967.""}]","<|im_start|>system
You are a knowledgeable assistant that answers questions about Spider-Man across comics, films, games and television. Answer accurately and concisely. If you are not sure, say so instead of guessing.<|im_end|>
<|im_start|>user
When did the Shocker first appear?<|im_end|>
<|im_start|>assistant
The Shocker, Herman Schultz, first appeared in The Amazing Spider-Man #46 in 1967.<|im_end|>"
eval,104,comics,,audit_dataset,spiderman_dataset_audit.csv,104,original,"You are a knowledgeable assistant that answers questions about Spider-Man across comics, films, games and television. Answer accurately and concisely. If you are not sure, say so instead of guessing.",Why is Uncle Ben important in Spider-Man comics?,Uncle Ben's death is a defining event in Peter Parker's origin and becomes a central reason Peter chooses to use his powers responsibly.,Uncle Ben's death is a defining event in Peter Parker's origin and becomes a central reason Peter chooses to use his powers responsibly.,"[{""role"": ""system"", ""content"": ""You are a knowledgeable assistant that answers questions about Spider-Man across comics, films, games and television. Answer accurately and concisely. If you are not sure, say so instead of guessing.""}, {""role"": ""user"", ""content"": ""Why is Uncle Ben important in Spider-Man comics?""}, {""role"": ""assistant"", ""content"": ""Uncle Ben's death is a defining event in Peter Parker's origin and becomes a central reason Peter chooses to use his powers responsibly.""}]","<|im_start|>system
You are a knowledgeable assistant that answers questions about Spider-Man across comics, films, games and television. Answer accurately and concisely. If you are not sure, say so instead of guessing.<|im_end|>
<|im_start|>user
Why is Uncle Ben important in Spider-Man comics?<|im_end|>
<|im_start|>assistant
Uncle Ben's death is a defining event in Peter Parker's origin and becomes a central reason Peter chooses to use his powers responsibly.<|im_end|>"
eval,99,comics,,audit_dataset,spiderman_dataset_audit.csv,99,original,"You are a knowledgeable assistant that answers questions about Spider-Man across comics, films, games and television. Answer accurately and concisely. If you are not sure, say so instead of guessing.",Who is Silk?,"Silk is the superhero identity of Cindy Moon, a character connected to Spider-Man through the broader spider-powered mythology.","Silk is the superhero identity of Cindy Moon, a character connected to Spider-Man through the broader spider-powered mythology.","[{""role"": ""system"", ""content"": ""You are a knowledgeable assistant that answers questions about Spider-Man across comics, films, games and television. Answer accurately and concisely. If you are not sure, say so instead of guessing.""}, {""role"": ""user"", ""content"": ""Who is Silk?""}, {""role"": ""assistant"", ""content"": ""Silk is the superhero identity of Cindy Moon, a character connected to Spider-Man through the broader spider-powered mythology.""}]","<|im_start|>system
You are a knowledgeable assistant that answers questions about Spider-Man across comics, films, games and television. Answer accurately and concisely. If you are not sure, say so instead of guessing.<|im_end|>
<|im_start|>user
Who is Silk?<|im_end|>
<|im_start|>assistant
Silk is the superhero identity of Cindy Moon, a character connected to Spider-Man through the broader spider-powered mythology.<|im_end|>"
eval,72,comics,,audit_dataset,spiderman_dataset_audit.csv,72,original,"You are a knowledgeable assistant that answers questions about Spider-Man across comics, films, games and television. Answer accurately and concisely. If you are not sure, say so instead of guessing.",What year did Liz Allan first appear?,Liz Allan was introduced in Amazing Fantasy #15 as part of Peter Parker's high-school world.,Liz Allan was introduced in Amazing Fantasy #15 as part of Peter Parker's high-school world.,"[{""role"": ""system"", ""content"": ""You are a knowledgeable assistant that answers questions about Spider-Man across comics, films, games and television. Answer accurately and concisely. If you are not sure, say so instead of guessing.""}, {""role"": ""user"", ""content"": ""What year did Liz Allan first appear?""}, {""role"": ""assistant"", ""content"": ""Liz Allan was introduced in Amazing Fantasy #15 as part of Peter Parker's high-school world.""}]","<|im_start|>system
You are a knowledgeable assistant that answers questions about Spider-Man across comics, films, games and television. Answer accurately and concisely. If you are not sure, say so instead of guessing.<|im_end|>
<|im_start|>user
What year did Liz Allan first appear?<|im_end|>
<|im_start|>assistant
Liz Allan was introduced in Amazing Fantasy #15 as part of Peter Parker's high-school world.<|im_end|>"
eval,84,comics,,audit_dataset,spiderman_dataset_audit.csv,84,original,"You are a knowledgeable assistant that answers questions about Spider-Man across comics, films, games and television. Answer accurately and concisely. If you are not sure, say so instead of guessing.",When did Liz Allan first appear?,Liz Allan was introduced in Amazing Fantasy #15 as part of Peter Parker's high-school world.,Liz Allan was introduced in Amazing Fantasy #15 as part of Peter Parker's high-school world.,"[{""role"": ""system"", ""content"": ""You are a knowledgeable assistant that answers questions about Spider-Man across comics, films, games and television. Answer accurately and concisely. If you are not sure, say so instead of guessing.""}, {""role"": ""user"", ""content"": ""When did Liz Allan first appear?""}, {""role"": ""assistant"", ""content"": ""Liz Allan was introduced in Amazing Fantasy #15 as part of Peter Parker's high-school world.""}]","<|im_start|>system
You are a knowledgeable assistant that answers questions about Spider-Man across comics, films, games and television. Answer accurately and concisely. If you are not sure, say so instead of guessing.<|im_end|>
<|im_start|>user
When did Liz Allan first appear?<|im_end|>
<|im_start|>assistant
Liz Allan was introduced in Amazing Fantasy #15 as part of Peter Parker's high-school world.<|im_end|>"
eval,108,comics,Carnage debut,model_knowledge,added_by_claude,108,original,"You are a knowledgeable assistant that answers questions about Spider-Man across comics, films, games and television. Answer accurately and concisely. If you are not sure, say so instead of guessing.",When did Carnage first appear?,"Cletus Kasady was introduced in The Amazing Spider-Man #344 in 1991, and he first appeared as Carnage in The Amazing Spider-Man #361 in 1992.","Cletus Kasady was introduced in The Amazing Spider-Man #344 in 1991, and he first appeared as Carnage in The Amazing Spider-Man #361 in 1992.","[{""role"": ""system"", ""content"": ""You are a knowledgeable assistant that answers questions about Spider-Man across comics, films, games and television. Answer accurately and concisely. If you are not sure, say so instead of guessing.""}, {""role"": ""user"", ""content"": ""When did Carnage first appear?""}, {""role"": ""assistant"", ""content"": ""Cletus Kasady was introduced in The Amazing Spider-Man #344 in 1991, and he first appeared as Carnage in The Amazing Spider-Man #361 in 1992.""}]","<|im_start|>system
You are a knowledgeable assistant that answers questions about Spider-Man across comics, films, games and television. Answer accurately and concisely. If you are not sure, say so instead of guessing.<|im_end|>
<|im_start|>user
When did Carnage first appear?<|im_end|>
<|im_start|>assistant
Cletus Kasady was introduced in The Amazing Spider-Man #344 in 1991, and he first appeared as Carnage in The Amazing Spider-Man #361 in 1992.<|im_end|>"
eval,132,crossovers,Spider-Man and Daredevil,researched_summary,Spider.csv,132,original,"You are a knowledgeable assistant that answers questions about Spider-Man across comics, films, games and television. Answer accurately and concisely. If you are not sure, say so instead of guessing.",Why do Spider-Man and Daredevil work well together?,Spider-Man and Daredevil share a strong New York superhero connection and have teamed up repeatedly.,Spider-Man and Daredevil share a strong New York superhero connection and have teamed up repeatedly.,"[{""role"": ""system"", ""content"": ""You are a knowledgeable assistant that answers questions about Spider-Man across comics, films, games and television. Answer accurately and concisely. If you are not sure, say so instead of guessing.""}, {""role"": ""user"", ""content"": ""Why do Spider-Man and Daredevil work well together?""}, {""role"": ""assistant"", ""content"": ""Spider-Man and Daredevil share a strong New York superhero connection and have teamed up repeatedly.""}]","<|im_start|>system
You are a knowledgeable assistant that answers questions about Spider-Man across comics, films, games and television. Answer accurately and concisely. If you are not sure, say so instead of guessing.<|im_end|>
<|im_start|>user
Why do Spider-Man and Daredevil work well together?<|im_end|>
<|im_start|>assistant
Spider-Man and Daredevil share a strong New York superhero connection and have teamed up repeatedly.<|im_end|>"
eval,143,future,future uncertainty,researched_summary,Spider.csv,143,original,"You are a knowledgeable assistant that answers questions about Spider-Man across comics, films, games and television. Answer accurately and concisely. If you are not sure, say so instead of guessing.",How should a Spider-Man AI handle rumors about future projects — explain briefly.,"Future Spider-Man projects can change release dates, casts, plots and production details; training data should label rumors separately from confirmed information.","Future Spider-Man projects can change release dates, casts, plots and production details; training data should label rumors separately from confirmed information.","[{""role"": ""system"", ""content"": ""You are a knowledgeable assistant that answers questions about Spider-Man across comics, films, games and television. Answer accurately and concisely. If you are not sure, say so instead of guessing.""}, {""role"": ""user"", ""content"": ""How should a Spider-Man AI handle rumors about future projects — explain briefly.""}, {""role"": ""assistant"", ""content"": ""Future Spider-Man projects can change release dates, casts, plots and production details; training data should label rumors separately from confirmed information.""}]","<|im_start|>system
You are a knowledgeable assistant that answers questions about Spider-Man across comics, films, games and television. Answer accurately and concisely. If you are not sure, say so instead of guessing.<|im_end|>
<|im_start|>user
How should a Spider-Man AI handle rumors about future projects — explain briefly.<|im_end|>
<|im_start|>assistant
Future Spider-Man projects can change release dates, casts, plots and production details; training data should label rumors separately from confirmed information.<|im_end|>"
eval,144,future,future uncertainty,researched_summary,Spider.csv,144,original,"You are a knowledgeable assistant that answers questions about Spider-Man across comics, films, games and television. Answer accurately and concisely. If you are not sure, say so instead of guessing.",How should a Spider-Man AI handle rumors about future projects?,"Future Spider-Man projects can change release dates, casts, plots and production details; training data should label rumors separately from confirmed information.","Future Spider-Man projects can change release dates, casts, plots and production details; training data should label rumors separately from confirmed information.","[{""role"": ""system"", ""content"": ""You are a knowledgeable assistant that answers questions about Spider-Man across comics, films, games and television. Answer accurately and concisely. If you are not sure, say so instead of guessing.""}, {""role"": ""user"", ""content"": ""How should a Spider-Man AI handle rumors about future projects?""}, {""role"": ""assistant"", ""content"": ""Future Spider-Man projects can change release dates, casts, plots and production details; training data should label rumors separately from confirmed information.""}]","<|im_start|>system
You are a knowledgeable assistant that answers questions about Spider-Man across comics, films, games and television. Answer accurately and concisely. If you are not sure, say so instead of guessing.<|im_end|>
<|im_start|>user
How should a Spider-Man AI handle rumors about future projects?<|im_end|>
<|im_start|>assistant
Future Spider-Man projects can change release dates, casts, plots and production details; training data should label rumors separately from confirmed information.<|im_end|>"
eval,158,games,Spider-Man 2 publisher,researched_summary,Spider.csv,158,original,"You are a knowledgeable assistant that answers questions about Spider-Man across comics, films, games and television. Answer accurately and concisely. If you are not sure, say so instead of guessing.",Who published Marvel's Spider-Man 2?,Marvel's Spider-Man 2 was published by Sony Interactive Entertainment.,Marvel's Spider-Man 2 was published by Sony Interactive Entertainment.,"[{""role"": ""system"", ""content"": ""You are a knowledgeable assistant that answers questions about Spider-Man across comics, films, games and television. Answer accurately and concisely. If you are not sure, say so instead of guessing.""}, {""role"": ""user"", ""content"": ""Who published Marvel's Spider-Man 2?""}, {""role"": ""assistant"", ""content"": ""Marvel's Spider-Man 2 was published by Sony Interactive Entertainment.""}]","<|im_start|>system
You are a knowledgeable assistant that answers questions about Spider-Man across comics, films, games and television. Answer accurately and concisely. If you are not sure, say so instead of guessing.<|im_end|>
<|im_start|>user
Who published Marvel's Spider-Man 2?<|im_end|>
<|im_start|>assistant
Marvel's Spider-Man 2 was published by Sony Interactive Entertainment.<|im_end|>"
eval,177,grounding,unknown fact,researched_summary,Spider.csv,177,original,"You are a knowledgeable assistant that answers questions about Spider-Man across comics, films, games and television. Answer accurately and concisely. If you are not sure, say so instead of guessing.",What should the Spider-Man AI do when it does not know a fact?,"If a Spider-Man detail is not established by the source or continuity being discussed, the model should say that it is unknown or not established instead of inventing a fact.","If a Spider-Man detail is not established by the source or continuity being discussed, the model should say that it is unknown or not established instead of inventing a fact.","[{""role"": ""system"", ""content"": ""You are a knowledgeable assistant that answers questions about Spider-Man across comics, films, games and television. Answer accurately and concisely. If you are not sure, say so instead of guessing.""}, {""role"": ""user"", ""content"": ""What should the Spider-Man AI do when it does not know a fact?""}, {""role"": ""assistant"", ""content"": ""If a Spider-Man detail is not established by the source or continuity being discussed, the model should say that it is unknown or not established instead of inventing a fact.""}]","<|im_start|>system
You are a knowledgeable assistant that answers questions about Spider-Man across comics, films, games and television. Answer accurately and concisely. If you are not sure, say so instead of guessing.<|im_end|>
<|im_start|>user
What should the Spider-Man AI do when it does not know a fact?<|im_end|>
<|im_start|>assistant
If a Spider-Man detail is not established by the source or continuity being discussed, the model should say that it is unknown or not established instead of inventing a fact.<|im_end|>"
eval,178,grounding,unverified blood type,grounding_example,Spider.csv,178,original,"You are a knowledgeable assistant that answers questions about Spider-Man across comics, films, games and television. Answer accurately and concisely. If you are not sure, say so instead of guessing.",What is Peter Parker's official blood type?,"If the requested continuity/source does not establish a blood type, the correct response is that it is not established rather than guessing.","If the requested continuity/source does not establish a blood type, the correct response is that it is not established rather than guessing.","[{""role"": ""system"", ""content"": ""You are a knowledgeable assistant that answers questions about Spider-Man across comics, films, games and television. Answer accurately and concisely. If you are not sure, say so instead of guessing.""}, {""role"": ""user"", ""content"": ""What is Peter Parker's official blood type?""}, {""role"": ""assistant"", ""content"": ""If the requested continuity/source does not establish a blood type, the correct response is that it is not established rather than guessing.""}]","<|im_start|>system
You are a knowledgeable assistant that answers questions about Spider-Man across comics, films, games and television. Answer accurately and concisely. If you are not sure, say so instead of guessing.<|im_end|>
<|im_start|>user
What is Peter Parker's official blood type?<|im_end|>
<|im_start|>assistant
If the requested continuity/source does not establish a blood type, the correct response is that it is not established rather than guessing.<|im_end|>"
eval,190,movie_business,No Way Home budget,researched_summary,Spider.csv,190,original,"You are a knowledgeable assistant that answers questions about Spider-Man across comics, films, games and television. Answer accurately and concisely. If you are not sure, say so instead of guessing.",What was the budget of Spider-Man: No Way Home?,Spider-Man: No Way Home had a reported production budget of about $200 million.,Spider-Man: No Way Home had a reported production budget of about $200 million.,"[{""role"": ""system"", ""content"": ""You are a knowledgeable assistant that answers questions about Spider-Man across comics, films, games and television. Answer accurately and concisely. If you are not sure, say so instead of guessing.""}, {""role"": ""user"", ""content"": ""What was the budget of Spider-Man: No Way Home?""}, {""role"": ""assistant"", ""content"": ""Spider-Man: No Way Home had a reported production budget of about $200 million.""}]","<|im_start|>system
You are a knowledgeable assistant that answers questions about Spider-Man across comics, films, games and television. Answer accurately and concisely. If you are not sure, say so instead of guessing.<|im_end|>
<|im_start|>user
What was the budget of Spider-Man: No Way Home?<|im_end|>
<|im_start|>assistant
Spider-Man: No Way Home had a reported production budget of about $200 million.<|im_end|>"
eval,183,movie_business,Brand New Day production,researched_summary,Spider.csv,183,original,"You are a knowledgeable assistant that answers questions about Spider-Man across comics, films, games and television. Answer accurately and concisely. If you are not sure, say so instead of guessing.",Which companies are associated with Brand New Day's production?,"Sony lists Columbia Pictures as a Sony company and Marvel Studios as associated with Spider-Man: Brand New Day; The Numbers lists Marvel Studios, Columbia Pictures, Pascal Pictures and Sony Pictures among production/financing companies.","Sony lists Columbia Pictures as a Sony company and Marvel Studios as associated with Spider-Man: Brand New Day; The Numbers lists Marvel Studios, Columbia Pictures, Pascal Pictures and Sony Pictures among production/financing companies.","[{""role"": ""system"", ""content"": ""You are a knowledgeable assistant that answers questions about Spider-Man across comics, films, games and television. Answer accurately and concisely. If you are not sure, say so instead of guessing.""}, {""role"": ""user"", ""content"": ""Which companies are associated with Brand New Day's production?""}, {""role"": ""assistant"", ""content"": ""Sony lists Columbia Pictures as a Sony company and Marvel Studios as associated with Spider-Man: Brand New Day; The Numbers lists Marvel Studios, Columbia Pictures, Pascal Pictures and Sony Pictures among production/financing companies.""}]","<|im_start|>system
You are a knowledgeable assistant that answers questions about Spider-Man across comics, films, games and television. Answer accurately and concisely. If you are not sure, say so instead of guessing.<|im_end|>
<|im_start|>user
Which companies are associated with Brand New Day's production?<|im_end|>
<|im_start|>assistant
Sony lists Columbia Pictures as a Sony company and Marvel Studios as associated with Spider-Man: Brand New Day; The Numbers lists Marvel Studios, Columbia Pictures, Pascal Pictures and Sony Pictures among production/financing companies.<|im_end|>"
eval,226,movies,Spider-Man: No Way Home (2021),researched_summary,Spider.csv,226,original,"You are a knowledgeable assistant that answers questions about Spider-Man across comics, films, games and television. Answer accurately and concisely. If you are not sure, say so instead of guessing.",Give me a concise explanation of Spider-Man: No Way Home about.,Spider-Man: No Way Home centers on Peter's attempt to solve a multiversal crisis after a spell causes villains from other Spider-Man realities to enter his world.,Spider-Man: No Way Home centers on Peter's attempt to solve a multiversal crisis after a spell causes villains from other Spider-Man realities to enter his world.,"[{""role"": ""system"", ""content"": ""You are a knowledgeable assistant that answers questions about Spider-Man across comics, films, games and television. Answer accurately and concisely. If you are not sure, say so instead of guessing.""}, {""role"": ""user"", ""content"": ""Give me a concise explanation of Spider-Man: No Way Home about.""}, {""role"": ""assistant"", ""content"": ""Spider-Man: No Way Home centers on Peter's attempt to solve a multiversal crisis after a spell causes villains from other Spider-Man realities to enter his world.""}]","<|im_start|>system
You are a knowledgeable assistant that answers questions about Spider-Man across comics, films, games and television. Answer accurately and concisely. If you are not sure, say so instead of guessing.<|im_end|>
<|im_start|>user
Give me a concise explanation of Spider-Man: No Way Home about.<|im_end|>
<|im_start|>assistant
Spider-Man: No Way Home centers on Peter's attempt to solve a multiversal crisis after a spell causes villains from other Spider-Man realities to enter his world.<|im_end|>"
eval,227,movies,Spider-Man: No Way Home (2021),researched_summary,Spider.csv,227,original,"You are a knowledgeable assistant that answers questions about Spider-Man across comics, films, games and television. Answer accurately and concisely. If you are not sure, say so instead of guessing.",What is Spider-Man: No Way Home about?,Spider-Man: No Way Home centers on Peter's attempt to solve a multiversal crisis after a spell causes villains from other Spider-Man realities to enter his world.,Spider-Man: No Way Home centers on Peter's attempt to solve a multiversal crisis after a spell causes villains from other Spider-Man realities to enter his world.,"[{""role"": ""system"", ""content"": ""You are a knowledgeable assistant that answers questions about Spider-Man across comics, films, games and television. Answer accurately and concisely. If you are not sure, say so instead of guessing.""}, {""role"": ""user"", ""content"": ""What is Spider-Man: No Way Home about?""}, {""role"": ""assistant"", ""content"": ""Spider-Man: No Way Home centers on Peter's attempt to solve a multiversal crisis after a spell causes villains from other Spider-Man realities to enter his world.""}]","<|im_start|>system
You are a knowledgeable assistant that answers questions about Spider-Man across comics, films, games and television. Answer accurately and concisely. If you are not sure, say so instead of guessing.<|im_end|>
<|im_start|>user
What is Spider-Man: No Way Home about?<|im_end|>
<|im_start|>assistant
Spider-Man: No Way Home centers on Peter's attempt to solve a multiversal crisis after a spell causes villains from other Spider-Man realities to enter his world.<|im_end|>"
eval,217,movies,Spider-Man 2 (2004),researched_summary,Spider.csv,217,original,"You are a knowledgeable assistant that answers questions about Spider-Man across comics, films, games and television. Answer accurately and concisely. If you are not sure, say so instead of guessing.",Give me a concise explanation of Spider-Man 2 (2004) about.,Spider-Man 2 follows Peter Parker as he struggles with his personal life and responsibilities while facing Doctor Octopus.,Spider-Man 2 follows Peter Parker as he struggles with his personal life and responsibilities while facing Doctor Octopus.,"[{""role"": ""system"", ""content"": ""You are a knowledgeable assistant that answers questions about Spider-Man across comics, films, games and television. Answer accurately and concisely. If you are not sure, say so instead of guessing.""}, {""role"": ""user"", ""content"": ""Give me a concise explanation of Spider-Man 2 (2004) about.""}, {""role"": ""assistant"", ""content"": ""Spider-Man 2 follows Peter Parker as he struggles with his personal life and responsibilities while facing Doctor Octopus.""}]","<|im_start|>system
You are a knowledgeable assistant that answers questions about Spider-Man across comics, films, games and television. Answer accurately and concisely. If you are not sure, say so instead of guessing.<|im_end|>
<|im_start|>user
Give me a concise explanation of Spider-Man 2 (2004) about.<|im_end|>
<|im_start|>assistant
Spider-Man 2 follows Peter Parker as he struggles with his personal life and responsibilities while facing Doctor Octopus.<|im_end|>"
eval,218,movies,Spider-Man 2 (2004),researched_summary,Spider.csv,218,original,"You are a knowledgeable assistant that answers questions about Spider-Man across comics, films, games and television. Answer accurately and concisely. If you are not sure, say so instead of guessing.",What is Spider-Man 2 (2004) about?,Spider-Man 2 follows Peter Parker as he struggles with his personal life and responsibilities while facing Doctor Octopus.,Spider-Man 2 follows Peter Parker as he struggles with his personal life and responsibilities while facing Doctor Octopus.,"[{""role"": ""system"", ""content"": ""You are a knowledgeable assistant that answers questions about Spider-Man across comics, films, games and television. Answer accurately and concisely. If you are not sure, say so instead of guessing.""}, {""role"": ""user"", ""content"": ""What is Spider-Man 2 (2004) about?""}, {""role"": ""assistant"", ""content"": ""Spider-Man 2 follows Peter Parker as he struggles with his personal life and responsibilities while facing Doctor Octopus.""}]","<|im_start|>system
You are a knowledgeable assistant that answers questions about Spider-Man across comics, films, games and television. Answer accurately and concisely. If you are not sure, say so instead of guessing.<|im_end|>
<|im_start|>user
What is Spider-Man 2 (2004) about?<|im_end|>
<|im_start|>assistant
Spider-Man 2 follows Peter Parker as he struggles with his personal life and responsibilities while facing Doctor Octopus.<|im_end|>"
eval,238,powers,Wall-crawling,model_knowledge,added_by_claude,238,original,"You are a knowledgeable assistant that answers questions about Spider-Man across comics, films, games and television. Answer accurately and concisely. If you are not sure, say so instead of guessing.",How does Spider-Man stick to walls?,"Spider-Man can cling to surfaces through a form of controlled adhesion in his hands and feet, usually explained in Marvel Comics as a molecular or electrostatic attraction rather than simple friction.","Spider-Man can cling to surfaces through a form of controlled adhesion in his hands and feet, usually explained in Marvel Comics as a molecular or electrostatic attraction rather than simple friction.","[{""role"": ""system"", ""content"": ""You are a knowledgeable assistant that answers questions about Spider-Man across comics, films, games and television. Answer accurately and concisely. If you are not sure, say so instead of guessing.""}, {""role"": ""user"", ""content"": ""How does Spider-Man stick to walls?""}, {""role"": ""assistant"", ""content"": ""Spider-Man can cling to surfaces through a form of controlled adhesion in his hands and feet, usually explained in Marvel Comics as a molecular or electrostatic attraction rather than simple friction.""}]","<|im_start|>system
You are a knowledgeable assistant that answers questions about Spider-Man across comics, films, games and television. Answer accurately and concisely. If you are not sure, say so instead of guessing.<|im_end|>
<|im_start|>user
How does Spider-Man stick to walls?<|im_end|>
<|im_start|>assistant
Spider-Man can cling to surfaces through a form of controlled adhesion in his hands and feet, usually explained in Marvel Comics as a molecular or electrostatic attraction rather than simple friction.<|im_end|>"
eval,249,production,Marvel Studios,researched_summary,Spider.csv,249,original,"You are a knowledgeable assistant that answers questions about Spider-Man across comics, films, games and television. Answer accurately and concisely. If you are not sure, say so instead of guessing.",What role does Marvel Studios have in Spider-Man films?,Marvel Studios is a key production partner on the MCU Spider-Man films and is listed with Brand New Day.,Marvel Studios is a key production partner on the MCU Spider-Man films and is listed with Brand New Day.,"[{""role"": ""system"", ""content"": ""You are a knowledgeable assistant that answers questions about Spider-Man across comics, films, games and television. Answer accurately and concisely. If you are not sure, say so instead of guessing.""}, {""role"": ""user"", ""content"": ""What role does Marvel Studios have in Spider-Man films?""}, {""role"": ""assistant"", ""content"": ""Marvel Studios is a key production partner on the MCU Spider-Man films and is listed with Brand New Day.""}]","<|im_start|>system
You are a knowledgeable assistant that answers questions about Spider-Man across comics, films, games and television. Answer accurately and concisely. If you are not sure, say so instead of guessing.<|im_end|>
<|im_start|>user
What role does Marvel Studios have in Spider-Man films?<|im_end|>
<|im_start|>assistant
Marvel Studios is a key production partner on the MCU Spider-Man films and is listed with Brand New Day.<|im_end|>"
eval,252,relationships,MJ and Harry,researched_summary,Spider.csv,252,original,"You are a knowledgeable assistant that answers questions about Spider-Man across comics, films, games and television. Answer accurately and concisely. If you are not sure, say so instead of guessing.",Give me a concise explanation of the relationship between MJ and Harry.,"Mary Jane and Harry have been friends and romantic partners at different points, but MJ's strongest long-term romantic connection is with Peter.","Mary Jane and Harry have been friends and romantic partners at different points, but MJ's strongest long-term romantic connection is with Peter.","[{""role"": ""system"", ""content"": ""You are a knowledgeable assistant that answers questions about Spider-Man across comics, films, games and television. Answer accurately and concisely. If you are not sure, say so instead of guessing.""}, {""role"": ""user"", ""content"": ""Give me a concise explanation of the relationship between MJ and Harry.""}, {""role"": ""assistant"", ""content"": ""Mary Jane and Harry have been friends and romantic partners at different points, but MJ's strongest long-term romantic connection is with Peter.""}]","<|im_start|>system
You are a knowledgeable assistant that answers questions about Spider-Man across comics, films, games and television. Answer accurately and concisely. If you are not sure, say so instead of guessing.<|im_end|>
<|im_start|>user
Give me a concise explanation of the relationship between MJ and Harry.<|im_end|>
<|im_start|>assistant
Mary Jane and Harry have been friends and romantic partners at different points, but MJ's strongest long-term romantic connection is with Peter.<|im_end|>"
eval,253,relationships,MJ and Harry,researched_summary,Spider.csv,253,original,"You are a knowledgeable assistant that answers questions about Spider-Man across comics, films, games and television. Answer accurately and concisely. If you are not sure, say so instead of guessing.",What is the relationship between MJ and Harry?,"Mary Jane and Harry have been friends and romantic partners at different points, but MJ's strongest long-term romantic connection is with Peter.","Mary Jane and Harry have been friends and romantic partners at different points, but MJ's strongest long-term romantic connection is with Peter.","[{""role"": ""system"", ""content"": ""You are a knowledgeable assistant that answers questions about Spider-Man across comics, films, games and television. Answer accurately and concisely. If you are not sure, say so instead of guessing.""}, {""role"": ""user"", ""content"": ""What is the relationship between MJ and Harry?""}, {""role"": ""assistant"", ""content"": ""Mary Jane and Harry have been friends and romantic partners at different points, but MJ's strongest long-term romantic connection is with Peter.""}]","<|im_start|>system
You are a knowledgeable assistant that answers questions about Spider-Man across comics, films, games and television. Answer accurately and concisely. If you are not sure, say so instead of guessing.<|im_end|>
<|im_start|>user
What is the relationship between MJ and Harry?<|im_end|>
<|im_start|>assistant
Mary Jane and Harry have been friends and romantic partners at different points, but MJ's strongest long-term romantic connection is with Peter.<|im_end|>"
eval,289,story,secret identity,researched_summary,Spider.csv,289,original,"You are a knowledgeable assistant that answers questions about Spider-Man across comics, films, games and television. Answer accurately and concisely. If you are not sure, say so instead of guessing.",Why does Spider-Man have a secret identity?,"Peter Parker traditionally maintains a secret identity to protect himself and people close to him, although some stories change who knows it.","Peter Parker traditionally maintains a secret identity to protect himself and people close to him, although some stories change who knows it.","[{""role"": ""system"", ""content"": ""You are a knowledgeable assistant that answers questions about Spider-Man across comics, films, games and television. Answer accurately and concisely. If you are not sure, say so instead of guessing.""}, {""role"": ""user"", ""content"": ""Why does Spider-Man have a secret identity?""}, {""role"": ""assistant"", ""content"": ""Peter Parker traditionally maintains a secret identity to protect himself and people close to him, although some stories change who knows it.""}]","<|im_start|>system
You are a knowledgeable assistant that answers questions about Spider-Man across comics, films, games and television. Answer accurately and concisely. If you are not sure, say so instead of guessing.<|im_end|>
<|im_start|>user
Why does Spider-Man have a secret identity?<|im_end|>
<|im_start|>assistant
Peter Parker traditionally maintains a secret identity to protect himself and people close to him, although some stories change who knows it.<|im_end|>"
eval,276,story,Maximum Carnage,model_knowledge,added_by_claude,276,original,"You are a knowledgeable assistant that answers questions about Spider-Man across comics, films, games and television. Answer accurately and concisely. If you are not sure, say so instead of guessing.",What is Maximum Carnage?,Maximum Carnage is a 1993 crossover in which Carnage forms a group of violent villains and Spider-Man is forced into an uneasy alliance with Venom to stop them.,Maximum Carnage is a 1993 crossover in which Carnage forms a group of violent villains and Spider-Man is forced into an uneasy alliance with Venom to stop them.,"[{""role"": ""system"", ""content"": ""You are a knowledgeable assistant that answers questions about Spider-Man across comics, films, games and television. Answer accurately and concisely. If you are not sure, say so instead of guessing.""}, {""role"": ""user"", ""content"": ""What is Maximum Carnage?""}, {""role"": ""assistant"", ""content"": ""Maximum Carnage is a 1993 crossover in which Carnage forms a group of violent villains and Spider-Man is forced into an uneasy alliance with Venom to stop them.""}]","<|im_start|>system
You are a knowledgeable assistant that answers questions about Spider-Man across comics, films, games and television. Answer accurately and concisely. If you are not sure, say so instead of guessing.<|im_end|>
<|im_start|>user
What is Maximum Carnage?<|im_end|>
<|im_start|>assistant
Maximum Carnage is a 1993 crossover in which Carnage forms a group of violent villains and Spider-Man is forced into an uneasy alliance with Venom to stop them.<|im_end|>"
eval,291,tv,1994 animated series,model_knowledge,added_by_claude,291,original,"You are a knowledgeable assistant that answers questions about Spider-Man across comics, films, games and television. Answer accurately and concisely. If you are not sure, say so instead of guessing.",What is Spider-Man: The Animated Series?,Spider-Man: The Animated Series ran from 1994 to 1998 and introduced many viewers to Spider-Man's comic villains and storylines.,Spider-Man: The Animated Series ran from 1994 to 1998 and introduced many viewers to Spider-Man's comic villains and storylines.,"[{""role"": ""system"", ""content"": ""You are a knowledgeable assistant that answers questions about Spider-Man across comics, films, games and television. Answer accurately and concisely. If you are not sure, say so instead of guessing.""}, {""role"": ""user"", ""content"": ""What is Spider-Man: The Animated Series?""}, {""role"": ""assistant"", ""content"": ""Spider-Man: The Animated Series ran from 1994 to 1998 and introduced many viewers to Spider-Man's comic villains and storylines.""}]","<|im_start|>system
You are a knowledgeable assistant that answers questions about Spider-Man across comics, films, games and television. Answer accurately and concisely. If you are not sure, say so instead of guessing.<|im_end|>
<|im_start|>user
What is Spider-Man: The Animated Series?<|im_end|>
<|im_start|>assistant
Spider-Man: The Animated Series ran from 1994 to 1998 and introduced many viewers to Spider-Man's comic villains and storylines.<|im_end|>"
eval,310,villains,Lizard,researched_summary,Spider.csv,310,original,"You are a knowledgeable assistant that answers questions about Spider-Man across comics, films, games and television. Answer accurately and concisely. If you are not sure, say so instead of guessing.",Tell me about the Lizard.,"The Lizard is commonly associated with Dr. Curt Connors, whose scientific work transforms him into a reptilian creature.","The Lizard is commonly associated with Dr. Curt Connors, whose scientific work transforms him into a reptilian creature.","[{""role"": ""system"", ""content"": ""You are a knowledgeable assistant that answers questions about Spider-Man across comics, films, games and television. Answer accurately and concisely. If you are not sure, say so instead of guessing.""}, {""role"": ""user"", ""content"": ""Tell me about the Lizard.""}, {""role"": ""assistant"", ""content"": ""The Lizard is commonly associated with Dr. Curt Connors, whose scientific work transforms him into a reptilian creature.""}]","<|im_start|>system
You are a knowledgeable assistant that answers questions about Spider-Man across comics, films, games and television. Answer accurately and concisely. If you are not sure, say so instead of guessing.<|im_end|>
<|im_start|>user
Tell me about the Lizard.<|im_end|>
<|im_start|>assistant
The Lizard is commonly associated with Dr. Curt Connors, whose scientific work transforms him into a reptilian creature.<|im_end|>"
eval,311,villains,Lizard,researched_summary,Spider.csv,311,original,"You are a knowledgeable assistant that answers questions about Spider-Man across comics, films, games and television. Answer accurately and concisely. If you are not sure, say so instead of guessing.",Who is the Lizard?,"The Lizard is commonly associated with Dr. Curt Connors, whose scientific work transforms him into a reptilian creature.","The Lizard is commonly associated with Dr. Curt Connors, whose scientific work transforms him into a reptilian creature.","[{""role"": ""system"", ""content"": ""You are a knowledgeable assistant that answers questions about Spider-Man across comics, films, games and television. Answer accurately and concisely. If you are not sure, say so instead of guessing.""}, {""role"": ""user"", ""content"": ""Who is the Lizard?""}, {""role"": ""assistant"", ""content"": ""The Lizard is commonly associated with Dr. Curt Connors, whose scientific work transforms him into a reptilian creature.""}]","<|im_start|>system
You are a knowledgeable assistant that answers questions about Spider-Man across comics, films, games and television. Answer accurately and concisely. If you are not sure, say so instead of guessing.<|im_end|>
<|im_start|>user
Who is the Lizard?<|im_end|>
<|im_start|>assistant
The Lizard is commonly associated with Dr. Curt Connors, whose scientific work transforms him into a reptilian creature.<|im_end|>"
eval,303,villains,Hobgoblin,researched_summary,Spider.csv,303,original,"You are a knowledgeable assistant that answers questions about Spider-Man across comics, films, games and television. Answer accurately and concisely. If you are not sure, say so instead of guessing.",Tell me about Hobgoblin.,"Hobgoblin is a villain identity used by multiple characters in Spider-Man stories, most famously involving Roderick Kingsley.","Hobgoblin is a villain identity used by multiple characters in Spider-Man stories, most famously involving Roderick Kingsley.","[{""role"": ""system"", ""content"": ""You are a knowledgeable assistant that answers questions about Spider-Man across comics, films, games and television. Answer accurately and concisely. If you are not sure, say so instead of guessing.""}, {""role"": ""user"", ""content"": ""Tell me about Hobgoblin.""}, {""role"": ""assistant"", ""content"": ""Hobgoblin is a villain identity used by multiple characters in Spider-Man stories, most famously involving Roderick Kingsley.""}]","<|im_start|>system
You are a knowledgeable assistant that answers questions about Spider-Man across comics, films, games and television. Answer accurately and concisely. If you are not sure, say so instead of guessing.<|im_end|>
<|im_start|>user
Tell me about Hobgoblin.<|im_end|>
<|im_start|>assistant
Hobgoblin is a villain identity used by multiple characters in Spider-Man stories, most famously involving Roderick Kingsley.<|im_end|>"
eval,304,villains,Hobgoblin,researched_summary,Spider.csv,304,original,"You are a knowledgeable assistant that answers questions about Spider-Man across comics, films, games and television. Answer accurately and concisely. If you are not sure, say so instead of guessing.",Who is Hobgoblin?,"Hobgoblin is a villain identity used by multiple characters in Spider-Man stories, most famously involving Roderick Kingsley.","Hobgoblin is a villain identity used by multiple characters in Spider-Man stories, most famously involving Roderick Kingsley.","[{""role"": ""system"", ""content"": ""You are a knowledgeable assistant that answers questions about Spider-Man across comics, films, games and television. Answer accurately and concisely. If you are not sure, say so instead of guessing.""}, {""role"": ""user"", ""content"": ""Who is Hobgoblin?""}, {""role"": ""assistant"", ""content"": ""Hobgoblin is a villain identity used by multiple characters in Spider-Man stories, most famously involving Roderick Kingsley.""}]","<|im_start|>system
You are a knowledgeable assistant that answers questions about Spider-Man across comics, films, games and television. Answer accurately and concisely. If you are not sure, say so instead of guessing.<|im_end|>
<|im_start|>user
Who is Hobgoblin?<|im_end|>
<|im_start|>assistant
Hobgoblin is a villain identity used by multiple characters in Spider-Man stories, most famously involving Roderick Kingsley.<|im_end|>"
test,4,actors,Tobey Maguire,researched_summary,Spider.csv,4,original,"You are a knowledgeable assistant that answers questions about Spider-Man across comics, films, games and television. Answer accurately and concisely. If you are not sure, say so instead of guessing.",Who played Spider-Man in the original Raimi trilogy?,Tobey Maguire played Peter Parker/Spider-Man in Sam Raimi's Spider-Man trilogy.,Tobey Maguire played Peter Parker/Spider-Man in Sam Raimi's Spider-Man trilogy.,"[{""role"": ""system"", ""content"": ""You are a knowledgeable assistant that answers questions about Spider-Man across comics, films, games and television. Answer accurately and concisely. If you are not sure, say so instead of guessing.""}, {""role"": ""user"", ""content"": ""Who played Spider-Man in the original Raimi trilogy?""}, {""role"": ""assistant"", ""content"": ""Tobey Maguire played Peter Parker/Spider-Man in Sam Raimi's Spider-Man trilogy.""}]","<|im_start|>system
You are a knowledgeable assistant that answers questions about Spider-Man across comics, films, games and television. Answer accurately and concisely. If you are not sure, say so instead of guessing.<|im_end|>
<|im_start|>user
Who played Spider-Man in the original Raimi trilogy?<|im_end|>
<|im_start|>assistant
Tobey Maguire played Peter Parker/Spider-Man in Sam Raimi's Spider-Man trilogy.<|im_end|>"
test,22,allies,Iron Man,researched_summary,Spider.csv,22,original,"You are a knowledgeable assistant that answers questions about Spider-Man across comics, films, games and television. Answer accurately and concisely. If you are not sure, say so instead of guessing.",Give me a concise explanation of Spider-Man's relationship with Iron Man.,"Peter Parker has a major relationship with Iron Man in the MCU, where Tony Stark becomes a mentor-like figure to Peter.","Peter Parker has a major relationship with Iron Man in the MCU, where Tony Stark becomes a mentor-like figure to Peter.","[{""role"": ""system"", ""content"": ""You are a knowledgeable assistant that answers questions about Spider-Man across comics, films, games and television. Answer accurately and concisely. If you are not sure, say so instead of guessing.""}, {""role"": ""user"", ""content"": ""Give me a concise explanation of Spider-Man's relationship with Iron Man.""}, {""role"": ""assistant"", ""content"": ""Peter Parker has a major relationship with Iron Man in the MCU, where Tony Stark becomes a mentor-like figure to Peter.""}]","<|im_start|>system
You are a knowledgeable assistant that answers questions about Spider-Man across comics, films, games and television. Answer accurately and concisely. If you are not sure, say so instead of guessing.<|im_end|>
<|im_start|>user
Give me a concise explanation of Spider-Man's relationship with Iron Man.<|im_end|>
<|im_start|>assistant
Peter Parker has a major relationship with Iron Man in the MCU, where Tony Stark becomes a mentor-like figure to Peter.<|im_end|>"
test,23,allies,Iron Man,researched_summary,Spider.csv,23,original,"You are a knowledgeable assistant that answers questions about Spider-Man across comics, films, games and television. Answer accurately and concisely. If you are not sure, say so instead of guessing.",What is Spider-Man's relationship with Iron Man?,"Peter Parker has a major relationship with Iron Man in the MCU, where Tony Stark becomes a mentor-like figure to Peter.","Peter Parker has a major relationship with Iron Man in the MCU, where Tony Stark becomes a mentor-like figure to Peter.","[{""role"": ""system"", ""content"": ""You are a knowledgeable assistant that answers questions about Spider-Man across comics, films, games and television. Answer accurately and concisely. If you are not sure, say so instead of guessing.""}, {""role"": ""user"", ""content"": ""What is Spider-Man's relationship with Iron Man?""}, {""role"": ""assistant"", ""content"": ""Peter Parker has a major relationship with Iron Man in the MCU, where Tony Stark becomes a mentor-like figure to Peter.""}]","<|im_start|>system
You are a knowledgeable assistant that answers questions about Spider-Man across comics, films, games and television. Answer accurately and concisely. If you are not sure, say so instead of guessing.<|im_end|>
<|im_start|>user
What is Spider-Man's relationship with Iron Man?<|im_end|>
<|im_start|>assistant
Peter Parker has a major relationship with Iron Man in the MCU, where Tony Stark becomes a mentor-like figure to Peter.<|im_end|>"
test,41,characters,Midtown High,model_knowledge,added_by_claude,41,original,"You are a knowledgeable assistant that answers questions about Spider-Man across comics, films, games and television. Answer accurately and concisely. If you are not sure, say so instead of guessing.",Where did Peter Parker go to school?,Peter Parker attends Midtown High School in his early comic appearances and later studies at Empire State University.,Peter Parker attends Midtown High School in his early comic appearances and later studies at Empire State University.,"[{""role"": ""system"", ""content"": ""You are a knowledgeable assistant that answers questions about Spider-Man across comics, films, games and television. Answer accurately and concisely. If you are not sure, say so instead of guessing.""}, {""role"": ""user"", ""content"": ""Where did Peter Parker go to school?""}, {""role"": ""assistant"", ""content"": ""Peter Parker attends Midtown High School in his early comic appearances and later studies at Empire State University.""}]","<|im_start|>system
You are a knowledgeable assistant that answers questions about Spider-Man across comics, films, games and television. Answer accurately and concisely. If you are not sure, say so instead of guessing.<|im_end|>
<|im_start|>user
Where did Peter Parker go to school?<|im_end|>
<|im_start|>assistant
Peter Parker attends Midtown High School in his early comic appearances and later studies at Empire State University.<|im_end|>"
test,125,comics,Spider-Man Noir,model_knowledge,added_by_claude,125,original,"You are a knowledgeable assistant that answers questions about Spider-Man across comics, films, games and television. Answer accurately and concisely. If you are not sure, say so instead of guessing.",Who is Spider-Man Noir?,"Spider-Man Noir is a version of Peter Parker from an alternate reality set in a Depression-era 1930s New York, with a darker, pulp-inspired tone.","Spider-Man Noir is a version of Peter Parker from an alternate reality set in a Depression-era 1930s New York, with a darker, pulp-inspired tone.","[{""role"": ""system"", ""content"": ""You are a knowledgeable assistant that answers questions about Spider-Man across comics, films, games and television. Answer accurately and concisely. If you are not sure, say so instead of guessing.""}, {""role"": ""user"", ""content"": ""Who is Spider-Man Noir?""}, {""role"": ""assistant"", ""content"": ""Spider-Man Noir is a version of Peter Parker from an alternate reality set in a Depression-era 1930s New York, with a darker, pulp-inspired tone.""}]","<|im_start|>system
You are a knowledgeable assistant that answers questions about Spider-Man across comics, films, games and television. Answer accurately and concisely. If you are not sure, say so instead of guessing.<|im_end|>
<|im_start|>user
Who is Spider-Man Noir?<|im_end|>
<|im_start|>assistant
Spider-Man Noir is a version of Peter Parker from an alternate reality set in a Depression-era 1930s New York, with a darker, pulp-inspired tone.<|im_end|>"
test,73,comics,,audit_dataset,spiderman_dataset_audit.csv,73,original,"You are a knowledgeable assistant that answers questions about Spider-Man across comics, films, games and television. Answer accurately and concisely. If you are not sure, say so instead of guessing.",What year did Miles Morales first appear?,"Miles Morales first appeared in Ultimate Fallout #4 in 2011, initially in Marvel's Ultimate Universe.","Miles Morales first appeared in Ultimate Fallout #4 in 2011, initially in Marvel's Ultimate Universe.","[{""role"": ""system"", ""content"": ""You are a knowledgeable assistant that answers questions about Spider-Man across comics, films, games and television. Answer accurately and concisely. If you are not sure, say so instead of guessing.""}, {""role"": ""user"", ""content"": ""What year did Miles Morales first appear?""}, {""role"": ""assistant"", ""content"": ""Miles Morales first appeared in Ultimate Fallout #4 in 2011, initially in Marvel's Ultimate Universe.""}]","<|im_start|>system
You are a knowledgeable assistant that answers questions about Spider-Man across comics, films, games and television. Answer accurately and concisely. If you are not sure, say so instead of guessing.<|im_end|>
<|im_start|>user
What year did Miles Morales first appear?<|im_end|>
<|im_start|>assistant
Miles Morales first appeared in Ultimate Fallout #4 in 2011, initially in Marvel's Ultimate Universe.<|im_end|>"
test,85,comics,,audit_dataset,spiderman_dataset_audit.csv,85,original,"You are a knowledgeable assistant that answers questions about Spider-Man across comics, films, games and television. Answer accurately and concisely. If you are not sure, say so instead of guessing.",When did Miles Morales first appear?,"Miles Morales first appeared in Ultimate Fallout #4 in 2011, initially in Marvel's Ultimate Universe.","Miles Morales first appeared in Ultimate Fallout #4 in 2011, initially in Marvel's Ultimate Universe.","[{""role"": ""system"", ""content"": ""You are a knowledgeable assistant that answers questions about Spider-Man across comics, films, games and television. Answer accurately and concisely. If you are not sure, say so instead of guessing.""}, {""role"": ""user"", ""content"": ""When did Miles Morales first appear?""}, {""role"": ""assistant"", ""content"": ""Miles Morales first appeared in Ultimate Fallout #4 in 2011, initially in Marvel's Ultimate Universe.""}]","<|im_start|>system
You are a knowledgeable assistant that answers questions about Spider-Man across comics, films, games and television. Answer accurately and concisely. If you are not sure, say so instead of guessing.<|im_end|>
<|im_start|>user
When did Miles Morales first appear?<|im_end|>
<|im_start|>assistant
Miles Morales first appeared in Ultimate Fallout #4 in 2011, initially in Marvel's Ultimate Universe.<|im_end|>"
test,121,comics,Scorpion debut,model_knowledge,added_by_claude,121,original,"You are a knowledgeable assistant that answers questions about Spider-Man across comics, films, games and television. Answer accurately and concisely. If you are not sure, say so instead of guessing.",When did the Scorpion first appear?,"The Scorpion, Mac Gargan, first appeared in The Amazing Spider-Man #20 in 1965.","The Scorpion, Mac Gargan, first appeared in The Amazing Spider-Man #20 in 1965.","[{""role"": ""system"", ""content"": ""You are a knowledgeable assistant that answers questions about Spider-Man across comics, films, games and television. Answer accurately and concisely. If you are not sure, say so instead of guessing.""}, {""role"": ""user"", ""content"": ""When did the Scorpion first appear?""}, {""role"": ""assistant"", ""content"": ""The Scorpion, Mac Gargan, first appeared in The Amazing Spider-Man #20 in 1965.""}]","<|im_start|>system
You are a knowledgeable assistant that answers questions about Spider-Man across comics, films, games and television. Answer accurately and concisely. If you are not sure, say so instead of guessing.<|im_end|>
<|im_start|>user
When did the Scorpion first appear?<|im_end|>
<|im_start|>assistant
The Scorpion, Mac Gargan, first appeared in The Amazing Spider-Man #20 in 1965.<|im_end|>"
test,70,comics,,audit_dataset,spiderman_dataset_audit.csv,70,original,"You are a knowledgeable assistant that answers questions about Spider-Man across comics, films, games and television. Answer accurately and concisely. If you are not sure, say so instead of guessing.",What year did Electro first appear?,"Electro, associated with Max Dillon, first appeared in The Amazing Spider-Man #9 in 1964.","Electro, associated with Max Dillon, first appeared in The Amazing Spider-Man #9 in 1964.","[{""role"": ""system"", ""content"": ""You are a knowledgeable assistant that answers questions about Spider-Man across comics, films, games and television. Answer accurately and concisely. If you are not sure, say so instead of guessing.""}, {""role"": ""user"", ""content"": ""What year did Electro first appear?""}, {""role"": ""assistant"", ""content"": ""Electro, associated with Max Dillon, first appeared in The Amazing Spider-Man #9 in 1964.""}]","<|im_start|>system
You are a knowledgeable assistant that answers questions about Spider-Man across comics, films, games and television. Answer accurately and concisely. If you are not sure, say so instead of guessing.<|im_end|>
<|im_start|>user
What year did Electro first appear?<|im_end|>
<|im_start|>assistant
Electro, associated with Max Dillon, first appeared in The Amazing Spider-Man #9 in 1964.<|im_end|>"
test,82,comics,,audit_dataset,spiderman_dataset_audit.csv,82,original,"You are a knowledgeable assistant that answers questions about Spider-Man across comics, films, games and television. Answer accurately and concisely. If you are not sure, say so instead of guessing.",When did Electro first appear?,"Electro, associated with Max Dillon, first appeared in The Amazing Spider-Man #9 in 1964.","Electro, associated with Max Dillon, first appeared in The Amazing Spider-Man #9 in 1964.","[{""role"": ""system"", ""content"": ""You are a knowledgeable assistant that answers questions about Spider-Man across comics, films, games and television. Answer accurately and concisely. If you are not sure, say so instead of guessing.""}, {""role"": ""user"", ""content"": ""When did Electro first appear?""}, {""role"": ""assistant"", ""content"": ""Electro, associated with Max Dillon, first appeared in The Amazing Spider-Man #9 in 1964.""}]","<|im_start|>system
You are a knowledgeable assistant that answers questions about Spider-Man across comics, films, games and television. Answer accurately and concisely. If you are not sure, say so instead of guessing.<|im_end|>
<|im_start|>user
When did Electro first appear?<|im_end|>
<|im_start|>assistant
Electro, associated with Max Dillon, first appeared in The Amazing Spider-Man #9 in 1964.<|im_end|>"
test,97,comics,,audit_dataset,spiderman_dataset_audit.csv,97,original,"You are a knowledgeable assistant that answers questions about Spider-Man across comics, films, games and television. Answer accurately and concisely. If you are not sure, say so instead of guessing.",Who is Kaine Parker?,Kaine Parker is a clone of Peter Parker who becomes the anti-hero known as Scarlet Spider.,Kaine Parker is a clone of Peter Parker who becomes the anti-hero known as Scarlet Spider.,"[{""role"": ""system"", ""content"": ""You are a knowledgeable assistant that answers questions about Spider-Man across comics, films, games and television. Answer accurately and concisely. If you are not sure, say so instead of guessing.""}, {""role"": ""user"", ""content"": ""Who is Kaine Parker?""}, {""role"": ""assistant"", ""content"": ""Kaine Parker is a clone of Peter Parker who becomes the anti-hero known as Scarlet Spider.""}]","<|im_start|>system
You are a knowledgeable assistant that answers questions about Spider-Man across comics, films, games and television. Answer accurately and concisely. If you are not sure, say so instead of guessing.<|im_end|>
<|im_start|>user
Who is Kaine Parker?<|im_end|>
<|im_start|>assistant
Kaine Parker is a clone of Peter Parker who becomes the anti-hero known as Scarlet Spider.<|im_end|>"
test,129,crossovers,Spider-Man and Avengers,researched_summary,Spider.csv,129,original,"You are a knowledgeable assistant that answers questions about Spider-Man across comics, films, games and television. Answer accurately and concisely. If you are not sure, say so instead of guessing.",Give me a concise explanation of Spider-Man's relationship with the Avengers.,"Spider-Man has been affiliated with the Avengers at various points in Marvel Comics, connecting him to heroes such as Captain America and Iron Man.","Spider-Man has been affiliated with the Avengers at various points in Marvel Comics, connecting him to heroes such as Captain America and Iron Man.","[{""role"": ""system"", ""content"": ""You are a knowledgeable assistant that answers questions about Spider-Man across comics, films, games and television. Answer accurately and concisely. If you are not sure, say so instead of guessing.""}, {""role"": ""user"", ""content"": ""Give me a concise explanation of Spider-Man's relationship with the Avengers.""}, {""role"": ""assistant"", ""content"": ""Spider-Man has been affiliated with the Avengers at various points in Marvel Comics, connecting him to heroes such as Captain America and Iron Man.""}]","<|im_start|>system
You are a knowledgeable assistant that answers questions about Spider-Man across comics, films, games and television. Answer accurately and concisely. If you are not sure, say so instead of guessing.<|im_end|>
<|im_start|>user
Give me a concise explanation of Spider-Man's relationship with the Avengers.<|im_end|>
<|im_start|>assistant
Spider-Man has been affiliated with the Avengers at various points in Marvel Comics, connecting him to heroes such as Captain America and Iron Man.<|im_end|>"
test,130,crossovers,Spider-Man and Avengers,researched_summary,Spider.csv,130,original,"You are a knowledgeable assistant that answers questions about Spider-Man across comics, films, games and television. Answer accurately and concisely. If you are not sure, say so instead of guessing.",What is Spider-Man's relationship with the Avengers?,"Spider-Man has been affiliated with the Avengers at various points in Marvel Comics, connecting him to heroes such as Captain America and Iron Man.","Spider-Man has been affiliated with the Avengers at various points in Marvel Comics, connecting him to heroes such as Captain America and Iron Man.","[{""role"": ""system"", ""content"": ""You are a knowledgeable assistant that answers questions about Spider-Man across comics, films, games and television. Answer accurately and concisely. If you are not sure, say so instead of guessing.""}, {""role"": ""user"", ""content"": ""What is Spider-Man's relationship with the Avengers?""}, {""role"": ""assistant"", ""content"": ""Spider-Man has been affiliated with the Avengers at various points in Marvel Comics, connecting him to heroes such as Captain America and Iron Man.""}]","<|im_start|>system
You are a knowledgeable assistant that answers questions about Spider-Man across comics, films, games and television. Answer accurately and concisely. If you are not sure, say so instead of guessing.<|im_end|>
<|im_start|>user
What is Spider-Man's relationship with the Avengers?<|im_end|>
<|im_start|>assistant
Spider-Man has been affiliated with the Avengers at various points in Marvel Comics, connecting him to heroes such as Captain America and Iron Man.<|im_end|>"
test,139,future,Brand New Day premise,researched_summary,Spider.csv,139,original,"You are a knowledgeable assistant that answers questions about Spider-Man across comics, films, games and television. Answer accurately and concisely. If you are not sure, say so instead of guessing.",Give me a concise explanation of the premise of Brand New Day.,"Sony's official synopsis says Peter is fighting crime full-time in a world that does not remember him, while a new unseen threat emerges.","Sony's official synopsis says Peter is fighting crime full-time in a world that does not remember him, while a new unseen threat emerges.","[{""role"": ""system"", ""content"": ""You are a knowledgeable assistant that answers questions about Spider-Man across comics, films, games and television. Answer accurately and concisely. If you are not sure, say so instead of guessing.""}, {""role"": ""user"", ""content"": ""Give me a concise explanation of the premise of Brand New Day.""}, {""role"": ""assistant"", ""content"": ""Sony's official synopsis says Peter is fighting crime full-time in a world that does not remember him, while a new unseen threat emerges.""}]","<|im_start|>system
You are a knowledgeable assistant that answers questions about Spider-Man across comics, films, games and television. Answer accurately and concisely. If you are not sure, say so instead of guessing.<|im_end|>
<|im_start|>user
Give me a concise explanation of the premise of Brand New Day.<|im_end|>
<|im_start|>assistant
Sony's official synopsis says Peter is fighting crime full-time in a world that does not remember him, while a new unseen threat emerges.<|im_end|>"
test,140,future,Brand New Day premise,researched_summary,Spider.csv,140,original,"You are a knowledgeable assistant that answers questions about Spider-Man across comics, films, games and television. Answer accurately and concisely. If you are not sure, say so instead of guessing.",What is the premise of Brand New Day?,"Sony's official synopsis says Peter is fighting crime full-time in a world that does not remember him, while a new unseen threat emerges.","Sony's official synopsis says Peter is fighting crime full-time in a world that does not remember him, while a new unseen threat emerges.","[{""role"": ""system"", ""content"": ""You are a knowledgeable assistant that answers questions about Spider-Man across comics, films, games and television. Answer accurately and concisely. If you are not sure, say so instead of guessing.""}, {""role"": ""user"", ""content"": ""What is the premise of Brand New Day?""}, {""role"": ""assistant"", ""content"": ""Sony's official synopsis says Peter is fighting crime full-time in a world that does not remember him, while a new unseen threat emerges.""}]","<|im_start|>system
You are a knowledgeable assistant that answers questions about Spider-Man across comics, films, games and television. Answer accurately and concisely. If you are not sure, say so instead of guessing.<|im_end|>
<|im_start|>user
What is the premise of Brand New Day?<|im_end|>
<|im_start|>assistant
Sony's official synopsis says Peter is fighting crime full-time in a world that does not remember him, while a new unseen threat emerges.<|im_end|>"
test,146,games,Marvel's Spider-Man (2018),researched_summary,Spider.csv,146,original,"You are a knowledgeable assistant that answers questions about Spider-Man across comics, films, games and television. Answer accurately and concisely. If you are not sure, say so instead of guessing.",Give me a concise explanation of Marvel's Spider-Man (2018) game.,Marvel's Spider-Man is an action-adventure game developed by Insomniac Games and published by Sony Interactive Entertainment.,Marvel's Spider-Man is an action-adventure game developed by Insomniac Games and published by Sony Interactive Entertainment.,"[{""role"": ""system"", ""content"": ""You are a knowledgeable assistant that answers questions about Spider-Man across comics, films, games and television. Answer accurately and concisely. If you are not sure, say so instead of guessing.""}, {""role"": ""user"", ""content"": ""Give me a concise explanation of Marvel's Spider-Man (2018) game.""}, {""role"": ""assistant"", ""content"": ""Marvel's Spider-Man is an action-adventure game developed by Insomniac Games and published by Sony Interactive Entertainment.""}]","<|im_start|>system
You are a knowledgeable assistant that answers questions about Spider-Man across comics, films, games and television. Answer accurately and concisely. If you are not sure, say so instead of guessing.<|im_end|>
<|im_start|>user
Give me a concise explanation of Marvel's Spider-Man (2018) game.<|im_end|>
<|im_start|>assistant
Marvel's Spider-Man is an action-adventure game developed by Insomniac Games and published by Sony Interactive Entertainment.<|im_end|>"
test,147,games,Marvel's Spider-Man (2018),researched_summary,Spider.csv,147,original,"You are a knowledgeable assistant that answers questions about Spider-Man across comics, films, games and television. Answer accurately and concisely. If you are not sure, say so instead of guessing.",What is Marvel's Spider-Man (2018) game?,Marvel's Spider-Man is an action-adventure game developed by Insomniac Games and published by Sony Interactive Entertainment.,Marvel's Spider-Man is an action-adventure game developed by Insomniac Games and published by Sony Interactive Entertainment.,"[{""role"": ""system"", ""content"": ""You are a knowledgeable assistant that answers questions about Spider-Man across comics, films, games and television. Answer accurately and concisely. If you are not sure, say so instead of guessing.""}, {""role"": ""user"", ""content"": ""What is Marvel's Spider-Man (2018) game?""}, {""role"": ""assistant"", ""content"": ""Marvel's Spider-Man is an action-adventure game developed by Insomniac Games and published by Sony Interactive Entertainment.""}]","<|im_start|>system
You are a knowledgeable assistant that answers questions about Spider-Man across comics, films, games and television. Answer accurately and concisely. If you are not sure, say so instead of guessing.<|im_end|>
<|im_start|>user
What is Marvel's Spider-Man (2018) game?<|im_end|>
<|im_start|>assistant
Marvel's Spider-Man is an action-adventure game developed by Insomniac Games and published by Sony Interactive Entertainment.<|im_end|>"
test,163,grounding,Contradictory continuity,model_knowledge,added_by_claude,163,original,"You are a knowledgeable assistant that answers questions about Spider-Man across comics, films, games and television. Answer accurately and concisely. If you are not sure, say so instead of guessing.",Is Spider-Man married to Mary Jane?,"It depends on the continuity. They were married in mainstream Marvel Comics for about twenty years until One More Day in 2007 undid it, and they are married or partnered in various other continuities and adaptations.","It depends on the continuity. They were married in mainstream Marvel Comics for about twenty years until One More Day in 2007 undid it, and they are married or partnered in various other continuities and adaptations.","[{""role"": ""system"", ""content"": ""You are a knowledgeable assistant that answers questions about Spider-Man across comics, films, games and television. Answer accurately and concisely. If you are not sure, say so instead of guessing.""}, {""role"": ""user"", ""content"": ""Is Spider-Man married to Mary Jane?""}, {""role"": ""assistant"", ""content"": ""It depends on the continuity. They were married in mainstream Marvel Comics for about twenty years until One More Day in 2007 undid it, and they are married or partnered in various other continuities and adaptations.""}]","<|im_start|>system
You are a knowledgeable assistant that answers questions about Spider-Man across comics, films, games and television. Answer accurately and concisely. If you are not sure, say so instead of guessing.<|im_end|>
<|im_start|>user
Is Spider-Man married to Mary Jane?<|im_end|>
<|im_start|>assistant
It depends on the continuity. They were married in mainstream Marvel Comics for about twenty years until One More Day in 2007 undid it, and they are married or partnered in various other continuities and adaptations.<|im_end|>"
test,176,grounding,rumor handling,grounding_example,Spider.csv,176,original,"You are a knowledgeable assistant that answers questions about Spider-Man across comics, films, games and television. Answer accurately and concisely. If you are not sure, say so instead of guessing.",Is a rumored Spider-Man casting announcement confirmed?,Not necessarily. A rumor should be labeled as a rumor unless it is supported by an official announcement or reliable current reporting.,Not necessarily. A rumor should be labeled as a rumor unless it is supported by an official announcement or reliable current reporting.,"[{""role"": ""system"", ""content"": ""You are a knowledgeable assistant that answers questions about Spider-Man across comics, films, games and television. Answer accurately and concisely. If you are not sure, say so instead of guessing.""}, {""role"": ""user"", ""content"": ""Is a rumored Spider-Man casting announcement confirmed?""}, {""role"": ""assistant"", ""content"": ""Not necessarily. A rumor should be labeled as a rumor unless it is supported by an official announcement or reliable current reporting.""}]","<|im_start|>system
You are a knowledgeable assistant that answers questions about Spider-Man across comics, films, games and television. Answer accurately and concisely. If you are not sure, say so instead of guessing.<|im_end|>
<|im_start|>user
Is a rumored Spider-Man casting announcement confirmed?<|im_end|>
<|im_start|>assistant
Not necessarily. A rumor should be labeled as a rumor unless it is supported by an official announcement or reliable current reporting.<|im_end|>"
test,182,movie_business,Brand New Day budget,researched_summary,Spider.csv,182,original,"You are a knowledgeable assistant that answers questions about Spider-Man across comics, films, games and television. Answer accurately and concisely. If you are not sure, say so instead of guessing.",What budget is listed for Spider-Man: Brand New Day?,The Numbers currently lists Spider-Man: Brand New Day with a production budget of about $225 million.,The Numbers currently lists Spider-Man: Brand New Day with a production budget of about $225 million.,"[{""role"": ""system"", ""content"": ""You are a knowledgeable assistant that answers questions about Spider-Man across comics, films, games and television. Answer accurately and concisely. If you are not sure, say so instead of guessing.""}, {""role"": ""user"", ""content"": ""What budget is listed for Spider-Man: Brand New Day?""}, {""role"": ""assistant"", ""content"": ""The Numbers currently lists Spider-Man: Brand New Day with a production budget of about $225 million.""}]","<|im_start|>system
You are a knowledgeable assistant that answers questions about Spider-Man across comics, films, games and television. Answer accurately and concisely. If you are not sure, say so instead of guessing.<|im_end|>
<|im_start|>user
What budget is listed for Spider-Man: Brand New Day?<|im_end|>
<|im_start|>assistant
The Numbers currently lists Spider-Man: Brand New Day with a production budget of about $225 million.<|im_end|>"
test,193,movie_business,Spider-Man (2002) worldwide,researched_summary,Spider.csv,193,original,"You are a knowledgeable assistant that answers questions about Spider-Man across comics, films, games and television. Answer accurately and concisely. If you are not sure, say so instead of guessing.",How much did Spider-Man (2002) make worldwide?,Spider-Man (2002) earned about $823.9 million worldwide according to The Numbers.,Spider-Man (2002) earned about $823.9 million worldwide according to The Numbers.,"[{""role"": ""system"", ""content"": ""You are a knowledgeable assistant that answers questions about Spider-Man across comics, films, games and television. Answer accurately and concisely. If you are not sure, say so instead of guessing.""}, {""role"": ""user"", ""content"": ""How much did Spider-Man (2002) make worldwide?""}, {""role"": ""assistant"", ""content"": ""Spider-Man (2002) earned about $823.9 million worldwide according to The Numbers.""}]","<|im_start|>system
You are a knowledgeable assistant that answers questions about Spider-Man across comics, films, games and television. Answer accurately and concisely. If you are not sure, say so instead of guessing.<|im_end|>
<|im_start|>user
How much did Spider-Man (2002) make worldwide?<|im_end|>
<|im_start|>assistant
Spider-Man (2002) earned about $823.9 million worldwide according to The Numbers.<|im_end|>"
test,213,movies,MCU trilogy,model_knowledge,added_by_claude,213,original,"You are a knowledgeable assistant that answers questions about Spider-Man across comics, films, games and television. Answer accurately and concisely. If you are not sure, say so instead of guessing.",What are the MCU Spider-Man films with Tom Holland?,"Tom Holland's solo MCU Spider-Man films are Spider-Man: Homecoming in 2017, Spider-Man: Far From Home in 2019 and Spider-Man: No Way Home in 2021, all directed by Jon Watts.","Tom Holland's solo MCU Spider-Man films are Spider-Man: Homecoming in 2017, Spider-Man: Far From Home in 2019 and Spider-Man: No Way Home in 2021, all directed by Jon Watts.","[{""role"": ""system"", ""content"": ""You are a knowledgeable assistant that answers questions about Spider-Man across comics, films, games and television. Answer accurately and concisely. If you are not sure, say so instead of guessing.""}, {""role"": ""user"", ""content"": ""What are the MCU Spider-Man films with Tom Holland?""}, {""role"": ""assistant"", ""content"": ""Tom Holland's solo MCU Spider-Man films are Spider-Man: Homecoming in 2017, Spider-Man: Far From Home in 2019 and Spider-Man: No Way Home in 2021, all directed by Jon Watts.""}]","<|im_start|>system
You are a knowledgeable assistant that answers questions about Spider-Man across comics, films, games and television. Answer accurately and concisely. If you are not sure, say so instead of guessing.<|im_end|>
<|im_start|>user
What are the MCU Spider-Man films with Tom Holland?<|im_end|>
<|im_start|>assistant
Tom Holland's solo MCU Spider-Man films are Spider-Man: Homecoming in 2017, Spider-Man: Far From Home in 2019 and Spider-Man: No Way Home in 2021, all directed by Jon Watts.<|im_end|>"
test,219,movies,Spider-Man 2 acclaim,model_knowledge,added_by_claude,219,original,"You are a knowledgeable assistant that answers questions about Spider-Man across comics, films, games and television. Answer accurately and concisely. If you are not sure, say so instead of guessing.",Why is Spider-Man 2 (2004) well regarded?,Spider-Man 2 is often cited as one of the strongest superhero films for its treatment of Doctor Octopus as a sympathetic antagonist and its focus on the personal cost of Peter Parker's double life.,Spider-Man 2 is often cited as one of the strongest superhero films for its treatment of Doctor Octopus as a sympathetic antagonist and its focus on the personal cost of Peter Parker's double life.,"[{""role"": ""system"", ""content"": ""You are a knowledgeable assistant that answers questions about Spider-Man across comics, films, games and television. Answer accurately and concisely. If you are not sure, say so instead of guessing.""}, {""role"": ""user"", ""content"": ""Why is Spider-Man 2 (2004) well regarded?""}, {""role"": ""assistant"", ""content"": ""Spider-Man 2 is often cited as one of the strongest superhero films for its treatment of Doctor Octopus as a sympathetic antagonist and its focus on the personal cost of Peter Parker's double life.""}]","<|im_start|>system
You are a knowledgeable assistant that answers questions about Spider-Man across comics, films, games and television. Answer accurately and concisely. If you are not sure, say so instead of guessing.<|im_end|>
<|im_start|>user
Why is Spider-Man 2 (2004) well regarded?<|im_end|>
<|im_start|>assistant
Spider-Man 2 is often cited as one of the strongest superhero films for its treatment of Doctor Octopus as a sympathetic antagonist and its focus on the personal cost of Peter Parker's double life.<|im_end|>"
test,240,powers,agility,researched_summary,Spider.csv,240,original,"You are a knowledgeable assistant that answers questions about Spider-Man across comics, films, games and television. Answer accurately and concisely. If you are not sure, say so instead of guessing.",What makes Spider-Man so agile?,Spider-Man has enhanced agility and reflexes that support his acrobatic fighting and movement.,Spider-Man has enhanced agility and reflexes that support his acrobatic fighting and movement.,"[{""role"": ""system"", ""content"": ""You are a knowledgeable assistant that answers questions about Spider-Man across comics, films, games and television. Answer accurately and concisely. If you are not sure, say so instead of guessing.""}, {""role"": ""user"", ""content"": ""What makes Spider-Man so agile?""}, {""role"": ""assistant"", ""content"": ""Spider-Man has enhanced agility and reflexes that support his acrobatic fighting and movement.""}]","<|im_start|>system
You are a knowledgeable assistant that answers questions about Spider-Man across comics, films, games and television. Answer accurately and concisely. If you are not sure, say so instead of guessing.<|im_end|>
<|im_start|>user
What makes Spider-Man so agile?<|im_end|>
<|im_start|>assistant
Spider-Man has enhanced agility and reflexes that support his acrobatic fighting and movement.<|im_end|>"
test,250,production,Pascal Pictures,researched_summary,Spider.csv,250,original,"You are a knowledgeable assistant that answers questions about Spider-Man across comics, films, games and television. Answer accurately and concisely. If you are not sure, say so instead of guessing.",What is Pascal Pictures' connection to Brand New Day?,Pascal Pictures is listed among the production/financing companies for Spider-Man: Brand New Day.,Pascal Pictures is listed among the production/financing companies for Spider-Man: Brand New Day.,"[{""role"": ""system"", ""content"": ""You are a knowledgeable assistant that answers questions about Spider-Man across comics, films, games and television. Answer accurately and concisely. If you are not sure, say so instead of guessing.""}, {""role"": ""user"", ""content"": ""What is Pascal Pictures' connection to Brand New Day?""}, {""role"": ""assistant"", ""content"": ""Pascal Pictures is listed among the production/financing companies for Spider-Man: Brand New Day.""}]","<|im_start|>system
You are a knowledgeable assistant that answers questions about Spider-Man across comics, films, games and television. Answer accurately and concisely. If you are not sure, say so instead of guessing.<|im_end|>
<|im_start|>user
What is Pascal Pictures' connection to Brand New Day?<|im_end|>
<|im_start|>assistant
Pascal Pictures is listed among the production/financing companies for Spider-Man: Brand New Day.<|im_end|>"
test,260,relationships,Peter and Harry,researched_summary,Spider.csv,260,original,"You are a knowledgeable assistant that answers questions about Spider-Man across comics, films, games and television. Answer accurately and concisely. If you are not sure, say so instead of guessing.",Give me a concise explanation of Peter Parker's relationship with Harry Osborn.,Peter Parker and Harry Osborn are longtime friends whose relationship is strained by Norman Osborn's Green Goblin identity and Harry's own struggles.,Peter Parker and Harry Osborn are longtime friends whose relationship is strained by Norman Osborn's Green Goblin identity and Harry's own struggles.,"[{""role"": ""system"", ""content"": ""You are a knowledgeable assistant that answers questions about Spider-Man across comics, films, games and television. Answer accurately and concisely. If you are not sure, say so instead of guessing.""}, {""role"": ""user"", ""content"": ""Give me a concise explanation of Peter Parker's relationship with Harry Osborn.""}, {""role"": ""assistant"", ""content"": ""Peter Parker and Harry Osborn are longtime friends whose relationship is strained by Norman Osborn's Green Goblin identity and Harry's own struggles.""}]","<|im_start|>system
You are a knowledgeable assistant that answers questions about Spider-Man across comics, films, games and television. Answer accurately and concisely. If you are not sure, say so instead of guessing.<|im_end|>
<|im_start|>user
Give me a concise explanation of Peter Parker's relationship with Harry Osborn.<|im_end|>
<|im_start|>assistant
Peter Parker and Harry Osborn are longtime friends whose relationship is strained by Norman Osborn's Green Goblin identity and Harry's own struggles.<|im_end|>"
test,261,relationships,Peter and Harry,researched_summary,Spider.csv,261,original,"You are a knowledgeable assistant that answers questions about Spider-Man across comics, films, games and television. Answer accurately and concisely. If you are not sure, say so instead of guessing.",What is Peter Parker's relationship with Harry Osborn?,Peter Parker and Harry Osborn are longtime friends whose relationship is strained by Norman Osborn's Green Goblin identity and Harry's own struggles.,Peter Parker and Harry Osborn are longtime friends whose relationship is strained by Norman Osborn's Green Goblin identity and Harry's own struggles.,"[{""role"": ""system"", ""content"": ""You are a knowledgeable assistant that answers questions about Spider-Man across comics, films, games and television. Answer accurately and concisely. If you are not sure, say so instead of guessing.""}, {""role"": ""user"", ""content"": ""What is Peter Parker's relationship with Harry Osborn?""}, {""role"": ""assistant"", ""content"": ""Peter Parker and Harry Osborn are longtime friends whose relationship is strained by Norman Osborn's Green Goblin identity and Harry's own struggles.""}]","<|im_start|>system
You are a knowledgeable assistant that answers questions about Spider-Man across comics, films, games and television. Answer accurately and concisely. If you are not sure, say so instead of guessing.<|im_end|>
<|im_start|>user
What is Peter Parker's relationship with Harry Osborn?<|im_end|>
<|im_start|>assistant
Peter Parker and Harry Osborn are longtime friends whose relationship is strained by Norman Osborn's Green Goblin identity and Harry's own struggles.<|im_end|>"
test,278,story,One More Day,model_knowledge,added_by_claude,278,original,"You are a knowledgeable assistant that answers questions about Spider-Man across comics, films, games and television. Answer accurately and concisely. If you are not sure, say so instead of guessing.",What is One More Day?,One More Day is a 2007 storyline that controversially undid Peter Parker and Mary Jane's marriage in main Marvel continuity through a bargain with Mephisto.,One More Day is a 2007 storyline that controversially undid Peter Parker and Mary Jane's marriage in main Marvel continuity through a bargain with Mephisto.,"[{""role"": ""system"", ""content"": ""You are a knowledgeable assistant that answers questions about Spider-Man across comics, films, games and television. Answer accurately and concisely. If you are not sure, say so instead of guessing.""}, {""role"": ""user"", ""content"": ""What is One More Day?""}, {""role"": ""assistant"", ""content"": ""One More Day is a 2007 storyline that controversially undid Peter Parker and Mary Jane's marriage in main Marvel continuity through a bargain with Mephisto.""}]","<|im_start|>system
You are a knowledgeable assistant that answers questions about Spider-Man across comics, films, games and television. Answer accurately and concisely. If you are not sure, say so instead of guessing.<|im_end|>
<|im_start|>user
What is One More Day?<|im_end|>
<|im_start|>assistant
One More Day is a 2007 storyline that controversially undid Peter Parker and Mary Jane's marriage in main Marvel continuity through a bargain with Mephisto.<|im_end|>"
test,290,tv,1967 cartoon,model_knowledge,added_by_claude,290,original,"You are a knowledgeable assistant that answers questions about Spider-Man across comics, films, games and television. Answer accurately and concisely. If you are not sure, say so instead of guessing.",What was the first Spider-Man animated series?,The 1967 Spider-Man cartoon was the character's first animated series and is the source of its widely recognised theme song.,The 1967 Spider-Man cartoon was the character's first animated series and is the source of its widely recognised theme song.,"[{""role"": ""system"", ""content"": ""You are a knowledgeable assistant that answers questions about Spider-Man across comics, films, games and television. Answer accurately and concisely. If you are not sure, say so instead of guessing.""}, {""role"": ""user"", ""content"": ""What was the first Spider-Man animated series?""}, {""role"": ""assistant"", ""content"": ""The 1967 Spider-Man cartoon was the character's first animated series and is the source of its widely recognised theme song.""}]","<|im_start|>system
You are a knowledgeable assistant that answers questions about Spider-Man across comics, films, games and television. Answer accurately and concisely. If you are not sure, say so instead of guessing.<|im_end|>
<|im_start|>user
What was the first Spider-Man animated series?<|im_end|>
<|im_start|>assistant
The 1967 Spider-Man cartoon was the character's first animated series and is the source of its widely recognised theme song.<|im_end|>"
test,307,villains,Kingpin,model_knowledge,added_by_claude,307,original,"You are a knowledgeable assistant that answers questions about Spider-Man across comics, films, games and television. Answer accurately and concisely. If you are not sure, say so instead of guessing.",Who is the Kingpin?,"Wilson Fisk, the Kingpin, is a New York crime boss with immense physical strength and criminal influence who opposes Spider-Man, Daredevil and other city-level heroes.","Wilson Fisk, the Kingpin, is a New York crime boss with immense physical strength and criminal influence who opposes Spider-Man, Daredevil and other city-level heroes.","[{""role"": ""system"", ""content"": ""You are a knowledgeable assistant that answers questions about Spider-Man across comics, films, games and television. Answer accurately and concisely. If you are not sure, say so instead of guessing.""}, {""role"": ""user"", ""content"": ""Who is the Kingpin?""}, {""role"": ""assistant"", ""content"": ""Wilson Fisk, the Kingpin, is a New York crime boss with immense physical strength and criminal influence who opposes Spider-Man, Daredevil and other city-level heroes.""}]","<|im_start|>system
You are a knowledgeable assistant that answers questions about Spider-Man across comics, films, games and television. Answer accurately and concisely. If you are not sure, say so instead of guessing.<|im_end|>
<|im_start|>user
Who is the Kingpin?<|im_end|>
<|im_start|>assistant
Wilson Fisk, the Kingpin, is a New York crime boss with immense physical strength and criminal influence who opposes Spider-Man, Daredevil and other city-level heroes.<|im_end|>"
test,305,villains,Kingpin,researched_summary,Spider.csv,305,original,"You are a knowledgeable assistant that answers questions about Spider-Man across comics, films, games and television. Answer accurately and concisely. If you are not sure, say so instead of guessing.",Tell me about Kingpin.,"Kingpin, Wilson Fisk, is a major crime boss who has repeatedly conflicted with Spider-Man and other Marvel heroes.","Kingpin, Wilson Fisk, is a major crime boss who has repeatedly conflicted with Spider-Man and other Marvel heroes.","[{""role"": ""system"", ""content"": ""You are a knowledgeable assistant that answers questions about Spider-Man across comics, films, games and television. Answer accurately and concisely. If you are not sure, say so instead of guessing.""}, {""role"": ""user"", ""content"": ""Tell me about Kingpin.""}, {""role"": ""assistant"", ""content"": ""Kingpin, Wilson Fisk, is a major crime boss who has repeatedly conflicted with Spider-Man and other Marvel heroes.""}]","<|im_start|>system
You are a knowledgeable assistant that answers questions about Spider-Man across comics, films, games and television. Answer accurately and concisely. If you are not sure, say so instead of guessing.<|im_end|>
<|im_start|>user
Tell me about Kingpin.<|im_end|>
<|im_start|>assistant
Kingpin, Wilson Fisk, is a major crime boss who has repeatedly conflicted with Spider-Man and other Marvel heroes.<|im_end|>"
test,306,villains,Kingpin,researched_summary,Spider.csv,306,original,"You are a knowledgeable assistant that answers questions about Spider-Man across comics, films, games and television. Answer accurately and concisely. If you are not sure, say so instead of guessing.",Who is Kingpin?,"Kingpin, Wilson Fisk, is a major crime boss who has repeatedly conflicted with Spider-Man and other Marvel heroes.","Kingpin, Wilson Fisk, is a major crime boss who has repeatedly conflicted with Spider-Man and other Marvel heroes.","[{""role"": ""system"", ""content"": ""You are a knowledgeable assistant that answers questions about Spider-Man across comics, films, games and television. Answer accurately and concisely. If you are not sure, say so instead of guessing.""}, {""role"": ""user"", ""content"": ""Who is Kingpin?""}, {""role"": ""assistant"", ""content"": ""Kingpin, Wilson Fisk, is a major crime boss who has repeatedly conflicted with Spider-Man and other Marvel heroes.""}]","<|im_start|>system
You are a knowledgeable assistant that answers questions about Spider-Man across comics, films, games and television. Answer accurately and concisely. If you are not sure, say so instead of guessing.<|im_end|>
<|im_start|>user
Who is Kingpin?<|im_end|>
<|im_start|>assistant
Kingpin, Wilson Fisk, is a major crime boss who has repeatedly conflicted with Spider-Man and other Marvel heroes.<|im_end|>"
